group_id	instance_count	members	parent_pdb_count	split
G_013ebaf4d1c112a09e32	3	9I9W__B2R__laC__aaAAA__rs101__m1__alt.;9I9W__B2R__laD__aaAAA__rs102__m1__alt.;9I9W__B2R__laE__aaBBB__rs101__m1__alt.	1	train
G_020722e93f7895c4e086	4	4XW7__AMZ__laB__aaA__rs101__m1__alt.;4XWF__AMZ__laB__aaA__rs101__m1__alt.;8VQV__UG4__laD__aaA__rs103__m1__alt.;8VVJ__A1AD3__laE__aaA__rs104__m1__alt.	4	train
G_0260f52218e240be2210	4	9DQE__KPT__laB__aaX__rs101__m1__alt.;9DQE__KPT__laC__aaX__rs102__m1__alt.;9JO1__BER__laB__aaX__rs101__m1__alt.;9JO1__BER__laC__aaX__rs102__m1__alt.	2	val
G_02b9eef4f590fc142965	6	6YL5__SAH__laAA__aaE__rs101__m1__alt.;6YL5__SAH__laFA__aaG__rs101__m1__alt.;6YL5__SAH__laJA__aaI__rs101__m1__alt.;6YL5__SAH__laM__aaA__rs101__m1__alt.;6YL5__SAH__laNA__aaK__rs101__m1__alt.;6YL5__SAH__laW__aaC__rs101__m1__alt.	1	train
G_02e803498382e8d2c8c6	1	3EGZ__CTC__laD__aaB__rs601__m1__alt.	1	train
G_0338f5e8df6ddcf6caf7	1	9IOS__53D__laB__aaA__rs101__m1__alt.	1	train
G_0347ddf50c6386c24815	1	7MKT__MMP__laB__aaA__rs101__m1__altA	1	train
G_03ac507633f2da674242	1	3B4B__GLP__laC__aaA__rs201__m1__alt.	1	train
G_03ea0a303a52f6dc4ba0	1	6AST__BVV__laC__aaB__rs101__m1__alt.	1	val
G_048f30b55d8c9695038f	2	2O5C__TDR__laE__aaD__rs799__m1__alt.;2O5E__TDR__laE__aaD__rs9__m1__alt.	2	train
G_04e3282c2083700b9c66	2	2HRI__POH__laF__aaA__rs26__m1__alt.;2HRI__POH__laG__aaA__rs27__m1__alt.	1	val
G_0675dcbedb8587433e1d	1	2LWH__NT__laC__aa1__rs101__m1__alt.	1	train
G_06a680071be18fd88660	4	5JW0__6O7__laC__aaA__rs101__m1__alt.;5JW0__6O7__laD__aaA__rs102__m1__alt.;5JW0__6O7__laE__aaA__rs103__m1__alt.;5JW0__6O7__laK__aaB__rs101__m1__alt.	1	train
G_071f4ffdf75692d248c9	1	7FJ0__53D__laB__aaA__rs101__m1__alt.	1	train
G_071fee1f690070f75483	2	6N5P__2BA__laB__aaA__rs201__m1__alt.;6N5P__2BA__laC__aaA__rs202__m1__alt.	1	train
G_08798c9c6a80d175ab47	2	5V3F__74G__laF__aaA__rs104__m1__alt.;5V3F__74G__laJ__aaB__rs104__m1__alt.	1	train
G_0884f30afeef76dffb79	4	1RMX__AIK__laC__aaA__rs11__m1__alt.;1RMX__AIK__laD__aaB__rs2__m1__alt.;2MNE__3B5__laC__aaA__rs101__m1__alt.;2MNE__3B5__laD__aaB__rs101__m1__alt.	2	train
G_09fc3570827476faeeb0	1	6HAG__SAH__laB__aaA__rs101__m1__alt.	1	train
G_0a83cd43390b8b6c3ce1	9	8XZE__THG__laB__aaA__rs101__m1__alt.;8XZL__DHF__laB__aaA__rs101__m1__alt.;8XZM__NPR__laG__aaA__rs106__m1__alt.;8XZN__H4B__laB__aaA__rs101__m1__alt.;8XZO__GUN__laC__aaA__rs202__m1__alt.;8XZP__A1LXN__laG__aaA__rs106__m1__alt.;8XZQ__AZG__laB__aaA__rs101__m1__alt.;8XZR__ANG__laB__aaA__rs101__m1__alt.;8XZW__THG__laB__aaA__rs101__m1__alt.	9	train
G_0afee7058414bb83f67b	1	2OEY__S2A__laB__aaA__rs26__m1__alt.	1	train
G_0b3ab2d08a3b366c19e0	2	3KUY__ATV__laL__aaI__rs73__m1__alt.;3KUY__ATV__laM__aaJ__rs73__m1__alt.	1	val
G_0b3b0acb0595a1a57016	28	37CM__N3D__laD__aaA__rs102__m1__alt.;37CM__N3D__laQ__aaB__rs102__m1__alt.;9E5H__N3D__laD__aaA__rs102__m1__alt.;9E5H__N3D__laQ__aaB__rs102__m1__alt.;9E5I__N3D__laD__aaA__rs102__m1__alt.;9E5I__N3D__laQ__aaB__rs102__m1__alt.;9E5J__N3D__laD__aaA__rs102__m1__alt.;9E5K__N3D__laFA__aaC__rs102__m1__alt.;9E5K__N3D__laF__aaA__rs102__m1__alt.;9E5K__N3D__laSA__aaD__rs102__m1__alt.;9E5K__N3D__laS__aaB__rs102__m1__alt.;9E5L__N3D__laD__aaA__rs102__m1__alt.;9E5L__N3D__laQ__aaB__rs102__m1__alt.;9E5M__N3D__laD__aaA__rs102__m1__alt.;9E5M__N3D__laQ__aaB__rs102__m1__alt.;9E5O__N3D__laD__aaA__rs102__m1__alt.;9E5O__N3D__laQ__aaB__rs102__m1__alt.;9E5P__N3D__laD__aaA__rs102__m1__alt.;9E5P__N3D__laP__aaB__rs102__m1__alt.;9E5Q__N3D__laD__aaA__rs102__m1__alt.;9E5Q__N3D__laQ__aaB__rs102__m1__alt.;9E5R__N3D__laD__aaA__rs102__m1__alt.;9E5R__N3D__laP__aaB__rs102__m1__alt.;9E5S__N3D__laD__aaA__rs102__m1__alt.;9E5T__N3D__laD__aaA__rs102__m1__alt.;9E5T__N3D__laQ__aaB__rs102__m1__alt.;9ELR__N3D__laD__aaA__rs102__m1__alt.;9ELR__N3D__laQ__aaB__rs102__m1__alt.	14	train
G_0c24e22cf2199d675c41	10	8TWH__LG1__laBA__aaE__rs104__m1__alt.;8TWH__LG1__laEA__aaF__rs103__m1__alt.;8TWH__LG1__laIA__aaG__rs104__m1__alt.;8TWH__LG1__laLA__aaH__rs103__m1__alt.;8TWH__LG1__laN__aaA__rs104__m1__alt.;8TWH__LG1__laOA__aaI__rs103__m1__alt.;8TWH__LG1__laQ__aaB__rs103__m1__alt.;8TWH__LG1__laSA__aaJ__rs104__m1__alt.;8TWH__LG1__laU__aaC__rs104__m1__alt.;8TWH__LG1__laX__aaD__rs103__m1__alt.	1	train
G_0c634718a14d714774d4	3	4KZD__1TU__laG__aaR__rs103__m1__alt.;4Q9Q__2ZZ__laF__aaR__rs103__m1__alt.;4Q9R__2ZY__laE__aaR__rs102__m1__alt.	3	train
G_0d57e236782b031474d6	1	9HIO__LDP__laB__aaA__rs101__m1__alt.	1	val
G_0d9c8f0d0f0416be917f	1	107D__DUO__laC__aaB__rs15__m1__alt.	1	train
G_0ea993e0398d82866da7	2	203D__PSO__laC__aaA__rs9__m1__alt.;204D__PSO__laC__aaB__rs1__m1__alt.	2	train
G_0f2c53a028a04f6409f0	1	473D__NT__laE__aaB__rs21__m1__alt.	1	train
G_0f45edfe26600765538a	1	8T8T__YSQ__laJ__aaB__rs104__m1__alt.	1	train
G_0f7813b0f9ce21d58dd9	7	7D7W__NAD__laC__aaA__rs102__m1__alt.;7D7X__ADP__laK__aaA__rs110__m1__alt.;7D7X__GTP__laB__aaA__rs101__m1__alt.;7D7Y__ATP__laC__aaA__rs102__m1__alt.;7D7Y__GTP__laB__aaA__rs101__m1__alt.;7D7Z__GTP__laB__aaA__rs101__m1__alt.;7D7Z__NAD__laDA__aaA__rs129__m1__alt.	4	train
G_1289e351afffc8579e30	4	6C63__EKJ__laD__aaA__rs101__m1__alt.;6C63__EKJ__laH__aaB__rs101__m1__alt.;6C64__EKM__laD__aaA__rs101__m1__alt.;6C64__EKM__laH__aaB__rs101__m1__alt.	2	train
G_12de06f2c13b502a98dd	1	8FB4__WFB__laD__aaA__rs101__m1__alt.	1	train
G_14513321ac57629c60b7	1	226D__BIZ__laC__aaB__rs21__m1__alt.	1	val
G_14fb76696682caac6948	4	7X8M__BER__laB__aaX__rs101__m1__alt.;7X8M__BER__laC__aaX__rs102__m1__alt.;7X8O__KPT__laB__aaX__rs101__m1__alt.;7X8O__KPT__laC__aaX__rs102__m1__alt.	2	train
G_15050faef046d2307070	4	4RPX__DCP__laT__aaD__rs101__m1__alt.;4RPY__DCP__laU__aaT__rs101__m1__alt.;4RPZ__DCP__laO__aaD__rs101__m1__alt.;7RBI__DCP__laM__aaD__rs101__m1__alt.	4	train
G_152843b17d2e5e1bbbda	2	2MG8__XR2__laC__aaB__rs101__m1__alt.;2MG8__XR2__laD__aaB__rs102__m1__alt.	1	train
G_175ba8f114fe4093d0dd	1	8U60__VK0__laM__aaB__rs105__m1__alt.	1	train
G_1781b74d518178cdfbec	2	7YC8__GTP__laB__aaN__rs501__m1__alt.;7YCG__GTP__laC__aaN__rs501__m1__alt.	2	val
G_178c5e22fa1d1b5926c2	6	7KBW__WAM__laB__aaA__rs101__m1__alt.;7KBW__WAM__laC__aaA__rs102__m1__alt.;7N7D__BER__laB__aaA__rs101__m1__alt.;7N7D__BER__laC__aaA__rs102__m1__alt.;7N7E__BER__laB__aaA__rs101__m1__alt.;7N7E__BER__laC__aaA__rs102__m1__alt.	3	train
G_192d37507b84f8b2e8da	2	6WTR__2BA__laB__aaA__rs201__m1__alt.;6WTR__2BA__laC__aaA__rs202__m1__alt.	1	train
G_199212a3cb28243281e0	8	8HZE__NI4__laK__aaA__rs109__m1__alt.;8HZE__NI4__laT__aaB__rs109__m1__alt.;8HZF__NJL__laG__aaA__rs105__m1__alt.;8HZF__NJL__laL__aaB__rs105__m1__alt.;8HZJ__O00__laI__aaA__rs107__m1__alt.;8HZJ__O00__laN__aaB__rs105__m1__alt.;8HZM__NI4__laN__aaA__rs112__m1__alt.;8HZM__NI4__laX__aaB__rs110__m1__alt.	4	train
G_1b409084228d7ed828cb	2	6N5K__2BA__laB__aaA__rs201__m1__alt.;6N5K__2BA__laC__aaA__rs202__m1__alt.	1	train
G_1bfc2c3cc40a3cf45e60	3	3NX5__SAU__laE__aaC__rs7__m1__alt.;4D9X__KPT__laF__aaC__rs101__m1__alt.;4D9Y__CTI__laE__aaA__rs201__m1__alt.	3	train
G_1c4f0196079ae8aa0895	7	7EOG__J8F__laC__aaA__rs102__m1__alt.;7EOK__J8L__laC__aaA__rs102__m1__alt.;7EOL__J8O__laH__aaA__rs107__m1__alt.;7EOM__J8R__laC__aaA__rs102__m1__alt.;7EON__J8U__laC__aaA__rs102__m1__alt.;7EOO__J8X__laC__aaA__rs102__m1__alt.;7EOP__J93__laH__aaA__rs107__m1__alt.	7	train
G_1d23c10b0aece73e8813	1	12CI__LDP__laN__aaA__rs112__m1__alt.	1	train
G_1d619904d93df755d5e6	1	8R6H__PQ3__laB__aaA__rs101__m1__alt.	1	train
G_1f5f85fe563925953eaf	3	6C65__EKJ__laD__aaA__rs101__m1__alt.;6C65__EKJ__laH__aaB__rs101__m1__alt.;6C65__EKJ__laL__aaC__rs101__m1__alt.	1	train
G_1fd551551594e8caf9b1	25	1D11__DM1__laB__aaA__rs7__m1__alt.;1D36__MAR__laB__aaA__rs7__m1__alt.;1DL8__DA7__laB__aaA__rs3014__m1__alt.;1DL8__DA7__laC__aaA__rs3015__m1__altA;1FDG__9TA__laD__aaB__rs13__m1__alt.;1KCI__DRC__laB__aaA__rs3014__m1__alt.;1KCI__DRC__laC__aaA__rs3015__m1__alt.;1M69__DAX__laB__aaA__rs2000__m1__altC;1M69__DAX__laC__aaA__rs3000__m1__altD;215D__DMM__laB__aaA__rs7__m1__alt.;288D__DM8__laB__aaA__rs7__m1__alt.;2DES__DMM__laC__aaA__rs13__m1__alt.;2DES__DMM__laD__aaA__rs14__m1__alt.;2ET0__NPM__laJ__aaA__rs10__m1__alt.;308D__DM1__laD__aaA__rs14__m1__alt.;308D__DM1__laH__aaB__rs14__m1__alt.;386D__AQS__laB__aaA__rs7__m1__alt.;3FX8__5PM__laG__aaC__rs211__m1__alt.;3I1D__NPM__laF__aaA__rs203__m1__alt.;3I1D__NPM__laN__aaB__rs8__m1__alt.;3I1D__NPM__laP__aaB__rs204__m1__alt.;452D__9AD__laB__aaA__rs3013__m1__alt.;452D__9AD__laC__aaA__rs3015__m1__alt.;465D__9AD__laB__aaA__rs3014__m1__alt.;465D__9AD__laC__aaA__rs3015__m1__altA	16	train
G_207740580ce56206932e	4	8SYK__TAC__laCA__aaB__rs202__m1__alt.;8SYK__TAC__laF__aaA__rs202__m1__alt.;8SYK__TAC__laIB__aaD__rs202__m1__alt.;8SYK__TAC__laQA__aaC__rs202__m1__alt.	1	train
G_20e6bb992ae229c4730a	1	9HRO__TOY__laB__aaA__rs101__m1__alt.	1	train
G_210993da8f3e12f0884a	5	8EYU__X5R__laE__aaB__rs103__m1__alt.;8EYU__X5R__laI__aaA__rs104__m1__alt.;8EYV__747__laF__aaA__rs104__m1__alt.;8EYV__747__laI__aaB__rs103__m1__alt.;8EYW__TFX__laI__aaA__rs103__m1__alt.	3	train
G_2150f6a02db46414fd16	4	4W90__2BA__laC__aaC__rs201__m1__alt.;4W90__2BA__laD__aaC__rs202__m1__alt.;4W92__2BA__laJ__aaC__rs208__m1__alt.;4W92__2BA__laK__aaC__rs209__m1__alt.	2	train
G_21ac650b5a4fbc5bccde	3	8CF2__ULR__laC__aaA__rs101__m1__alt.;8R63__Y53__laC__aaB__rs101__m1__alt.;8R8P__YB3__laC__aaB__rs101__m1__alt.	3	val
G_22794a0eaa1866c5cf5d	2	6OZK__TLA__laS__aaD__rs101__m1__alt.;6OZL__TLA__laN__aaD__rs101__m1__alt.	2	train
G_22f6f869a2d4d6d632de	1	6KFL__POH__laG__aaA__rs105__m1__alt.	1	train
G_24aa44237d9eeeb8efeb	2	9MP1__A1BNK__laC__aaA__rs101__m1__alt.;9MP1__A1BNK__laK__aaB__rs101__m1__alt.	1	train
G_250ccde2fae0814d69c1	1	1DA9__DM2__laB__aaA__rs7__m1__alt.	1	train
G_26771f17d46901a5e64c	1	7RWR__FMN__laB__aaA__rs101__m1__alt.	1	train
G_27ff94841f17f475ff45	3	9CJW__A1AAQ__laK__aaC__rs101__m1__alt.;9CKM__A1AY9__laM__aaC__rs101__m1__alt.;9CKM__A1AY9__laT__aaB__rs101__m1__alt.	2	train
G_2870177277d647729653	8	5BTP__AMZ__laJ__aaB__rs108__m1__alt.;5BTP__AMZ__laQ__aaA__rs106__m1__alt.;6OD9__AMZ__laD__aaA__rs102__m1__alt.;6OD9__AMZ__laI__aaB__rs102__m1__alt.;6WZR__UG1__laH__aaA__rs106__m1__alt.;6WZR__UG1__laK__aaB__rs103__m1__alt.;6WZS__UG4__laI__aaB__rs107__m1__alt.;6WZS__UG4__laP__aaA__rs107__m1__alt.	4	train
G_28765058337cc4adf64d	1	9DID__TAM__laK__aaA__rs209__m1__alt.	1	train
G_29644ff7eba1d83fb093	1	6K3Y__4BW__laB__aaA__rs101__m1__alt.	1	train
G_29e2fd9d59ca7605e5a4	1	9V7O__GMP__laD__aaB__rs301__m1__alt.	1	train
G_29e8a7f2332874b97afd	1	3SUH__FFO__laD__aaX__rs103__m1__alt.	1	train
G_2a1e4907417f8fa212c2	1	4Z2D__LFX__laK__aaF__rs102__m1__alt.	1	train
G_2a6f6e1bafd3571f1f75	1	4ZM0__144__laK__aaG__rs102__m1__alt.	1	train
G_2b5d68c7288ae640128f	1	5LWJ__GTP__laB__aaA__rs101__m1__alt.	1	train
G_2b74165050c22201cde8	1	9IOR__53D__laB__aaA__rs101__m1__alt.	1	train
G_2be7724b91f9e2ab8dac	1	6CC3__GTP__laFA__aaB__rs211__m1__alt.	1	train
G_2c17322513e81075c86c	1	9LXO__GTP__laDA__aaZ__rs101__m1__alt.	1	train
G_2c557c4c6ad9206fb138	2	1QSX__HT__laJ__aaB__rs25__m1__alt.;1QSX__HT__laK__aaB__rs26__m1__alt.	1	train
G_2d120438882d1ea52a15	2	110D__DM1__laB__aaA__rs7__m1__alt.;278D__DM8__laB__aaA__rs7__m1__alt.	2	train
G_2d7818b42f3b1c476359	1	8WQ7__XA5__laE__aaB__rs102__m1__alt.	1	train
G_2da89380ad42a5abd0c0	4	207D__CRH__laL__aaA__rs13__m1__alt.;207D__CRH__laM__aaA__rs27__m1__alt.;207D__CRH__laO__aaB__rs17__m1__alt.;207D__CRH__laP__aaB__rs23__m1__alt.	1	train
G_2dc20b302f67eae6a645	2	8TB8__HT1__laF__aaD__rs101__m1__alt.;8TBO__NT__laE__aaA__rs101__m1__alt.	2	train
G_30a39506a4816edb6c64	1	6E82__TFX__laC__aaA__rs102__m1__altA	1	train
G_30ccbcf7a0ac1661750b	1	7Z9P__IK7__laO__aaD__rs101__m1__alt.	1	val
G_30da49ecb8940cc873b2	1	6XB7__UYS__laB__aaA__rs101__m1__alt.	1	train
G_3100abf53dd20c748e52	8	6QIS__J48__laI__aaA__rs101__m1__alt.;6QIS__J48__laJ__aaB__rs101__m1__alt.;6QIS__J48__laK__aaC__rs101__m1__alt.;6QIS__J48__laL__aaC__rs102__m1__alt.;6QIS__J48__laN__aaE__rs101__m1__alt.;6QIS__J48__laO__aaE__rs102__m1__altB;6QIS__J48__laP__aaG__rs101__m1__alt.;6QIS__J48__laQ__aaH__rs101__m1__alt.	1	train
G_314df869a34c6341568d	2	8I44__53D__laB__aaA__rs20__m1__alt.;9U6Z__53D__laB__aaA__rs101__m1__alt.	2	train
G_31c161a874349a8bdc69	1	1N37__RSD__laC__aaB__rs17__m1__alt.	1	train
G_32277f55ad76c06936f8	1	6U8F__TG__laC__aaA__rs101__m1__alt.	1	train
G_327c2a2adc15b73518b0	1	6GZ7__FGW__laC__aaA__rs101__m1__alt.	1	train
G_32a6beb40d4b71573b97	4	1CX3__NF__laC__aaA__rs7__m1__alt.;1QCH__NGM__laC__aaA__rs13__m1__alt.;1X95__XR2__laC__aaA__rs21__m1__alt.;4BZT__XR2__laC__aaA__rs13__m1__alt.	4	train
G_330f81373c58485694ef	1	5E63__PG0__laJ__aaE__rs101__m1__altA	1	train
G_3418cf6c930c8cacb576	1	108D__TOT__laC__aaA__rs9__m1__alt.	1	train
G_3455aa8ffba98065594f	4	8UIW__CTI__laH__aaN__rs202__m1__alt.;8UIW__CTI__laM__aaR__rs205__m1__alt.;8UTA__PRL__laJ__aaN__rs204__m1__alt.;8UTA__PRL__laN__aaR__rs204__m1__alt.	2	train
G_34a22ef70d3a3fe15e2c	2	202D__MNG__laC__aaA__rs9__m1__alt.;202D__MNG__laD__aaB__rs9__m1__alt.	1	train
G_3566bdcee7f258877b0e	2	8UFZ__Y5U__laG__aaB__rs101__m1__alt.;8UFZ__Y5U__laH__aaD__rs101__m1__alt.	1	val
G_365958d9cb709ecfd1c8	4	3G8T__GLP__laM__aaE__rs5001__m1__alt.;3G8T__GLP__laR__aaQ__rs5002__m1__alt.;3G8T__GLP__laV__aaR__rs5003__m1__alt.;3G8T__GLP__laZ__aaH__rs5004__m1__alt.	1	train
G_368ee102718f5d4f7063	1	5TPY__HEZ__laC__aaA__rs102__m1__alt.	1	train
G_371875130bf669764bfc	2	1X26__NAZ__laC__aaA__rs25__m1__alt.;1X26__NAZ__laD__aaB__rs24__m1__alt.	1	train
G_371fc8776acd59e088d3	1	1D32__DIT__laC__aaA__rs9__m1__alt.	1	train
G_3821884ea38d57f0821c	1	7WGW__PCG__laB__aaX__rs101__m1__alt.	1	train
G_3845dade855b55b35121	1	3MIJ__R14__laD__aaA__rs30__m1__alt.	1	train
G_39b301fb164f8965e778	2	9VXM__NMY__laWM__aaAA__rs1784__m1__alt.;9VXM__NMY__laYM__aaAA__rs1786__m1__alt.	1	train
G_3a5916a7d9b1c4fbbfab	1	8F0N__747__laE__aaB__rs103__m1__alt.	1	train
G_3b9eb495fae77c379e57	4	1M18__1SZ__laV__aaJ__rs1601__m1__alt.;1S32__DIB__laBA__aaI__rs1611__m1__alt.;1S32__DIB__laMA__aaI__rs1631__m1__alt.;1S32__OGG__laTA__aaJ__rs1700__m1__alt.	2	train
G_3d3415e230fbfd0347c6	1	9J9X__A1EA7__laIA__aaN__rs534__m1__alt.	1	train
G_3d6c7fdb29661e6cf659	2	7SZU__J8F__laF__aaR__rs103__m1__alt.;7U0Y__KY6__laD__aaR__rs301__m1__alt.	2	train
G_3f227c5bf0823d5da602	2	1AW4__AMP__laB__aaA__rs28__m1__alt.;1AW4__AMP__laC__aaA__rs29__m1__alt.	1	train
G_3f9dcb5d8c4df2dc0f7e	5	5NDV__PAR__laTJA__aa3__rs201__m1__alt.;5OBM__LLL__laCEA__aa4__rs224__m1__alt.;5OBM__LLL__laGTB__aa8__rs221__m1__alt.;5OBM__LLL__laJSB__aa7__rs231__m1__alt.;5OBM__LLL__laLSB__aa7__rs233__m1__alt.	2	train
G_40d991a12079a5f49d44	2	8ZW3__BER__laB__aaX__rs101__m1__alt.;8ZW3__BER__laC__aaX__rs102__m1__alt.	1	train
G_410467386113be887c70	2	7D7V__GTP__laC__aaA__rs101__m1__alt.;7D7V__NAD__laL__aaA__rs110__m1__alt.	1	val
G_418b5c9f3bedd929da71	2	6N5O__2BA__laB__aaA__rs201__m1__alt.;6N5O__2BA__laC__aaA__rs202__m1__alt.	1	train
G_4334f002e1b5a211e228	1	6AZ4__GP3__laC__aaA__rs101__m1__alt.	1	train
G_4344d0ea8c9900f8bd99	1	3BNQ__PAR__laI__aaC__rs101__m1__alt.	1	train
G_4381029694beb1f55b00	19	151D__DM2__laB__aaA__rs7__m1__alt.;152D__DM1__laB__aaA__rs7__m1__alt.;1D10__DM1__laB__aaA__rs7__m1__alt.;1D12__DM2__laB__aaA__rs7__m1__alt.;1D15__DM6__laB__aaA__rs7__m1__alt.;1D37__DM4__laB__aaA__rs7__m1__alt.;1D38__DM5__laB__aaA__rs7__m1__alt.;1DA0__DM1__laB__aaA__rs7__m1__alt.;1IMS__DM7__laB__aaA__rs7__m1__alt.;1JO2__DM1__laB__aaA__rs7__m1__alt.;1P20__DM2__laB__aaA__rs7__m1__alt.;1R68__MAR__laB__aaA__rs7__m1__alt.;234D__DMM__laB__aaA__rs7__m1__alt.;235D__DMM__laB__aaA__rs7__m1__altA;236D__CMD__laB__aaA__rs7__m1__alt.;276D__DM8__laB__aaA__rs7__m1__alt.;385D__NOD__laB__aaA__rs7__m1__alt.;482D__DM9__laB__aaA__rs7__m1__alt.;4L5K__KPT__laB__aaA__rs101__m1__alt.	19	train
G_4419eca7fb1cbcd83693	4	3CDM__NII__laD__aaA__rs27__m1__alt.;3CDM__NII__laH__aaB__rs27__m1__alt.;3CDM__NII__laI__aaB__rs28__m1__alt.;3CDM__NII__laJ__aaB__rs29__m1__alt.	1	train
G_4439f6f1e1f6010ff1a1	1	9HRF__GTP__laB__aaA__rs100__m1__alt.	1	val
G_443c8fdb80a34d39361b	2	6N5S__2BA__laC__aaA__rs202__m1__alt.;6N5S__2BA__laD__aaA__rs203__m1__alt.	1	train
G_44c068aa256325f048f8	6	6WK7__AX2__laC__aaB__rs101__m1__alt.;6WK7__AX2__laD__aaB__rs102__m1__alt.;6WK7__AX2__laE__aaB__rs103__m1__alt.;6WK7__AX2__laF__aaC__rs101__m1__alt.;6WK7__AX2__laG__aaC__rs102__m1__alt.;6WK7__AX2__laH__aaC__rs103__m1__alt.	1	train
G_44cd963ea204325dd6e0	1	1LEJ__P11__laC__aaA__rs27__m1__alt.	1	train
G_47a9afe725304a959c5d	1	6BSH__TAM__laN__aaR__rs101__m1__alt.	1	train
G_4a1ea9d17b738bbdec0b	2	2KD4__PRL__laC__aaA__rs17__m1__alt.;2KD4__PRL__laD__aaB__rs17__m1__alt.	1	train
G_4b6f06731865d8385147	1	9KTJ__ATP__laB__aaA__rs101__m1__alt.	1	train
G_4d79dd1cf784ba59d82c	1	2LWK__0EC__laB__aaA__rs101__m1__alt.	1	train
G_4e3feda0a3799e054bfd	1	3B4A__GLP__laC__aaA__rs401__m1__alt.	1	train
G_504f11fa1e3278ad1b85	11	2L7V__QUL__laD__aaA__rs1__m1__alt.;2L7V__QUL__laE__aaA__rs2__m1__alt.;5W77__9WP__laD__aaA__rs103__m1__alt.;5W77__9WP__laE__aaA__rs104__m1__alt.;6JJ0__BO6__laB__aaA__rs101__m1__alt.;6O2L__BO6__laB__aaA__rs101__m1__alt.;6O2L__BO6__laC__aaA__rs102__m1__alt.;7KBX__WAM__laB__aaA__rs101__m1__alt.;7KBX__WAM__laC__aaA__rs102__m1__alt.;9L4E__A1EIH__laB__aaA__rs101__m1__alt.;9L4E__A1EIH__laC__aaA__rs102__m1__alt.	6	train
G_5103cb97b5712bedaf9f	1	4RZD__PRF__laB__aaA__rs201__m1__alt.	1	train
G_51c41abf3066426a10dd	5	6TB7__AMP__laB__aaA__rs101__m1__alt.;6TF1__ADP__laJ__aaA__rs109__m1__alt.;6TF2__ATP__laJ__aaA__rs109__m1__alt.;6TFE__N6E__laR__aaA__rs117__m1__alt.;6TFG__PPS__laM__aaA__rs112__m1__alt.	5	train
G_53ee4c101fef37e6cb33	2	9GVI__PQ3__laB__aaA__rs101__m1__alt.;9GVV__LWQ__laB__aaA__rs101__m1__alt.	2	train
G_54617f9c318b8c4f9697	1	1ZTT__NT__laD__aaG__rs301__m1__alt.	1	train
G_553ba37a09008e7b82c9	1	3EY0__PNT__laC__aaA__rs11__m1__alt.	1	train
G_557ea092ce3b0c5c2a1d	1	1KVH__NCS__laC__aaB__rs21__m1__alt.	1	train
G_55b320cdba91e63ca9b9	1	1L0R__NGP__laN__aaA__rs15__m1__alt.	1	val
G_5601f77e650ebae6bd45	6	5DDP__GLN__laE__aaA__rs101__m1__alt.;5DDP__GLN__laP__aaB__rs101__m1__alt.;5DDQ__GLN__laE__aaA__rs101__m1__alt.;5DDQ__GLN__laP__aaB__rs101__m1__alt.;5DDR__GLN__laE__aaA__rs101__m1__alt.;5DDR__GLN__laS__aaB__rs101__m1__alt.	3	val
G_563c053165eca3555081	2	7KVT__2ZY__laB__aaB__rs101__m1__alt.;7KVU__2ZY__laG__aaG__rs106__m1__alt.	2	train
G_56adb20866994dfff6c5	2	6XRQ__V8A__laF__aaA__rs102__m1__alt.;6XRQ__V8A__laG__aaA__rs103__m1__alt.	1	train
G_5752b6ead73128586730	4	224D__NGM__laC__aaA__rs14__m1__altA;224D__NGM__laD__aaB__rs13__m1__alt.;245D__NGM__laC__aaA__rs14__m1__altA;245D__NGM__laD__aaB__rs13__m1__alt.	2	train
G_5784fb1c077ab6bfe52b	2	6N5N__2BA__laB__aaA__rs201__m1__alt.;6N5N__2BA__laC__aaA__rs202__m1__alt.	1	train
G_57fe021517ee9f182638	3	9CPD__MQC__laC__aaB__rs101__m1__alt.;9CPG__A1AZM__laC__aaB__rs101__m1__alt.;9CPI__A1AZL__laC__aaB__rs101__m1__alt.	3	train
G_5823031a27f86dc0cd3f	1	6BSJ__TAM__laK__aaR__rs101__m1__alt.	1	train
G_58c164b6bf69d2cb9ff5	1	4L81__SAM__laB__aaA__rs101__m1__alt.	1	train
G_591b411638df5c9a5d3e	1	4BZU__XR2__laC__aaA__rs17__m1__alt.	1	train
G_599e9a4f306f3495dee4	1	9IO0__53D__laB__aaA__rs101__m1__alt.	1	train
G_5a42badda56c7be54f58	1	24QR__DNH__laU__aaN__rs101__m1__alt.	1	train
G_5a4ce3fb8ba759948f8a	1	6CK4__GTP__laE__aaA__rs201__m1__alt.	1	val
G_5b92bd3d415d4e79d433	2	9IF0__B2R__laC__aaAAA__rs101__m1__alt.;9IF0__B2R__laD__aaBBB__rs101__m1__alt.	1	train
G_5c234dd1e4e7c1768318	1	8F42__HT1__laC__aaB__rs101__m1__alt.	1	train
G_600d5028e55c1af44c0b	3	8TAP__NT__laE__aaC__rs101__m1__alt.;8TAQ__HT1__laF__aaC__rs101__m1__alt.;8TDT__DAP__laJ__aaC__rs101__m1__alt.	3	train
G_6109ce648ef4b59e46f6	1	8TAJ__NT__laF__aaD__rs101__m1__alt.	1	train
G_612b881b449dc3888de1	3	6VA2__QSV__laC__aaA__rs101__m1__alt.;6VA3__MQC__laC__aaA__rs101__m1__alt.;6VA4__QSY__laC__aaB__rs101__m1__alt.	3	train
G_629bdcbc8e9ad0ccec74	4	9HRD__GTP__laFA__aaD__rs107__m1__alt.;9HRD__GTP__laK__aaA__rs107__m1__alt.;9HRD__GTP__laR__aaB__rs107__m1__alt.;9HRD__GTP__laY__aaC__rs107__m1__alt.	1	train
G_62c508e5a612484f1790	2	8Y2R__KPT__laB__aaX__rs101__m1__alt.;8Y2R__KPT__laC__aaX__rs102__m1__alt.	1	train
G_6346fc188fa79cb19cab	3	7WIE__7DG__laB__aaV__rs101__m1__alt.;7WIF__H4B__laB__aaV__rs101__m1__alt.;7WII__NPR__laB__aaV__rs101__m1__alt.	3	val
G_634c652c92f1c4aa1d1a	3	2QWY__SAM__laH__aaA__rs100__m1__alt.;2QWY__SAM__laK__aaB__rs300__m1__alt.;2QWY__SAM__laO__aaC__rs500__m1__alt.	1	train
G_6364b68c1783bff71953	2	4QK9__2BA__laB__aaA__rs201__m1__alt.;4QK9__2BA__laC__aaA__rs202__m1__alt.	1	train
G_63d567b2c857002b7834	2	6LAX__SAM__laF__aaA__rs101__m1__alt.;6LAX__SAM__laG__aaB__rs101__m1__alt.	1	train
G_641c43ad9b282d93b669	2	8JY0__V8C__laO__aaD__rs203__m1__alt.;8JY0__V8C__laQ__aaF__rs101__m1__alt.	1	train
G_64f0cb17cda067083123	2	5BJO__747__laK__aaY__rs104__m1__alt.;5BJP__747__laL__aaY__rs104__m1__alt.	2	val
G_65b008721d0979c1f99f	2	6IZP__B2R__laB__aaA__rs101__m1__alt.;6IZP__B2R__laC__aaA__rs102__m1__alt.	1	train
G_65d1bbe23a32f64cd984	3	6V9D__QW4__laC__aaB__rs101__m1__alt.;6V9D__QW4__laD__aaB__rs102__m1__alt.;6V9D__QW4__laH__aaE__rs101__m1__alt.	1	train
G_662d93f502560dc34d5a	1	2NEO__NCS__laB__aaA__rs21__m1__alt.	1	train
G_66307bac48e623d53565	1	2MIY__PRF__laB__aaA__rs101__m1__alt.	1	train
G_671e19d7c2470433ebc8	4	6QIT__J48__laE__aaA__rs101__m1__altA;6QIT__J48__laF__aaA__rs102__m1__altA;6QIT__J48__laG__aaC__rs101__m1__alt.;6QIT__J48__laH__aaD__rs101__m1__altA	1	train
G_67bd9064f35a5e960c67	4	7RIM__5N0__laN__aaT__rs101__m1__alt.;7RIP__5N0__laO__aaT__rs101__m1__alt.;7RIX__5N0__laO__aaT__rs101__m1__alt.;7RIY__5N0__laO__aaT__rs101__m1__alt.	4	val
G_689ef75b0dd4d93dca97	2	4YB0__C2E__laD__aaR__rs102__m1__alt.;4YB0__C2E__laK__aaA__rs102__m1__alt.	1	train
G_69d69d129df9a7c47dfa	1	3B4C__GLP__laC__aaA__rs201__m1__alt.	1	train
G_6ab0292d6214e87db3f8	3	8VPG__A1AC7__laJ__aaD__rs101__m1__alt.;8VPH__A1AC7__laM__aaD__rs101__m1__alt.;8VPI__A1ADB__laJ__aaE__rs101__m1__alt.	3	val
G_6b56c8e4fb57c97c62b0	1	3BNR__PAR__laF__aaC__rs24__m1__alt.	1	train
G_6b8aadba7a0bdd65d461	5	1AMD__BNR__laC__aaB__rs13__m1__alt.;258D__NGM__laE__aaA__rs26__m1__alt.;258D__NGM__laG__aaB__rs25__m1__alt.;258D__NGM__laK__aaC__rs28__m1__alt.;258D__NGM__laL__aaD__rs27__m1__alt.	2	train
G_6e3e39f444226518ea82	1	6UGJ__URA__laC__aaA__rs102__m1__alt.	1	val
G_6ee7bb21b7b021a0656e	2	5VCF__8OS__laC__aaA__rs101__m1__alt.;5VCI__8OS__laC__aaA__rs101__m1__alt.	2	train
G_73b27e6f8ffef816ac02	2	3CE5__BRA__laE__aaA__rs27__m1__alt.;4P1D__KPT__laE__aaA__rs103__m1__alt.	2	train
G_740dfd2377d8f3e0ea38	1	8I45__53D__laB__aaA__rs20__m1__alt.	1	train
G_74fe40d54865b5099024	3	1D58__DM6__laB__aaA__rs7__m1__alt.;1D67__DM5__laB__aaA__rs7__m1__alt.;1VTI__DM1__laB__aaA__rs7__m1__alt.	3	val
G_751558b4043242d86f3d	2	6E81__TFX__laB__aaA__rs101__m1__altA;6E84__J0D__laC__aaA__rs102__m1__alt.	2	train
G_757845cb6cc083e1a615	1	7YCI__GTP__laC__aaN__rs501__m1__alt.	1	train
G_758f85b77482d3a19f8a	2	8K7W__2ZY__laB__aaA__rs101__m1__alt.;9VMZ__A1EST__laC__aaA__rs102__m1__alt.	2	train
G_76bba4bb3585c1c92d15	1	8I7N__OJI__laDA__aaN__rs529__m1__alt.	1	val
G_7741984ba7cadb26b474	4	8GXB__NAD__laH__aaA__rs101__m1__alt.;8GXB__NAD__laS__aaB__rs101__m1__alt.;8GXC__NMN__laH__aaA__rs101__m1__alt.;8GXC__NMN__laO__aaB__rs101__m1__alt.	2	train
G_77b83b757e6455aac2f0	2	8T7X__DAP__laE__aaA__rs101__m1__alt.;8T7X__DAP__laG__aaD__rs101__m1__alt.	1	train
G_789f4ec27ae28566e277	4	378D__DMY__laE__aaA__rs34__m1__alt.;378D__DMY__laG__aaB__rs33__m1__alt.;378D__DMY__laH__aaC__rs36__m1__alt.;378D__DMY__laI__aaD__rs35__m1__alt.	1	train
G_7aa242742fb9e960440b	1	1YLS__DAI__laM__aaC__rs100__m1__alt.	1	train
G_7c4276be74e6b26f3dd9	4	5JW2__6O7__laC__aaA__rs101__m1__alt.;5JW2__6O7__laD__aaA__rs102__m1__alt.;5JW2__6O7__laE__aaA__rs103__m1__alt.;5JW2__6O7__laI__aaB__rs101__m1__alt.	1	train
G_7c70ae444627afc584fe	1	4QZA__DCT__laI__aaU__rs101__m1__alt.	1	train
G_7d4fe7506c58e5173c3e	1	8ZAS__ADE__laC__aaA__rs101__m1__alt.	1	train
G_7d77d84e372752413975	6	8HZL__NI4__laCA__aaB__rs114__m1__alt.;8HZL__NI4__laDA__aaB__rs115__m1__alt.;8HZL__NI4__laEA__aaB__rs116__m1__alt.;8HZL__NI4__laM__aaA__rs111__m1__alt.;8HZL__NI4__laN__aaA__rs112__m1__alt.;8HZL__NI4__laO__aaA__rs113__m1__alt.	1	train
G_7ee596ba37f287e9c1cb	1	5E5S__PG0__laH__aaB__rs102__m1__alt.	1	val
G_7ff5706f951063643925	2	8HB8__NMN__laB__aaA__rs101__m1__alt.;8HB8__NMN__laC__aaA__rs102__m1__alt.	1	train
G_80a7b6d8365d1e0c5249	1	3TZR__SS0__laK__aaA__rs75__m1__alt.	1	train
G_841094b67e619089551d	4	8TA8__NT__laE__aaA__rs101__m1__alt.;8TA8__NT__laF__aaA__rs102__m1__alt.;8TAM__HT1__laE__aaA__rs101__m1__alt.;8TAM__HT1__laG__aaD__rs101__m1__alt.	2	train
G_85380bb04f765f054d1a	4	6E8T__HZG__laE__aaD__rs101__m1__alt.;6E8T__HZG__laG__aaC__rs101__m1__alt.;6E8T__HZG__laJ__aaB__rs101__m1__alt.;6E8T__HZG__laL__aaA__rs101__m1__alt.	1	train
G_860b86218c2125b39591	1	6FZ0__SAM__laE__aaA__rs104__m1__alt.	1	val
G_860bac04d2e414142a3a	2	6E8S__EKJ__laC__aaA__rs101__m1__alt.;6E8S__EKJ__laG__aaB__rs101__m1__alt.	1	train
G_861206b6a58a5dca1ac4	4	6AZ3__PAR__laAC__aa2__rs1703__m1__alt.;6AZ3__PAR__laBB__aa1__rs1804__m1__alt.;6AZ3__PAR__laCB__aa1__rs1805__m1__alt.;6AZ3__PAR__laZB__aa2__rs1702__m1__alt.	1	train
G_86987fd2f31f20fce564	2	8G4W__PRF__laI__aaR__rs101__m1__alt.;8G7E__PRF__laI__aaR__rs101__m1__alt.	2	train
G_8859fa60d50db2e4043c	3	9DLL__A1AZM__laC__aaB__rs101__m1__alt.;9DLM__A1AZL__laC__aaA__rs101__m1__alt.;9DLN__MQC__laC__aaA__rs101__m1__alt.	3	train
G_89c3c4a1bfb911aa4217	1	5E67__PG0__laG__aaB__rs101__m1__altA	1	train
G_89d81bac04eb478ed7fe	2	8CXF__PG5__laC__aaB__rs101__m1__alt.;8DHC__PG5__laC__aaB__rs101__m1__alt.	2	val
G_8a5f0d2f9d15a25cbb6a	1	7FGT__5R3__laC__aaA__rs101__m1__alt.	1	train
G_8ad45aa12ee4a0a0eb4b	1	7D12__L94__laB__aaA__rs101__m1__alt.	1	train
G_8bfb6c9ec1e5277aa296	1	2ARG__AAR__laB__aaA__rs31__m1__alt.	1	train
G_8c3db9e2410237792fc7	3	2MGN__PQ3__laB__aaA__rs25__m1__alt.;2N6C__QUE__laB__aaA__rs101__m1__alt.;2N6C__QUE__laC__aaA__rs102__m1__alt.	2	train
G_8c46e55d60c30f91a657	8	5JVW__6O6__laJ__aaB__rs102__m1__alt.;5JVW__6O6__laP__aaC__rs102__m1__alt.;9MOZ__A1BNI__laI__aaA__rs103__m1__alt.;9MOZ__A1BNI__laJA__aaG__rs103__m1__alt.;9MOZ__A1BNI__laJ__aaA__rs104__m1__alt.;9MOZ__A1BNI__laLA__aaG__rs105__m1__alt.;9MOZ__A1BNI__laV__aaD__rs103__m1__alt.;9MOZ__A1BNI__laW__aaD__rs104__m1__alt.	2	train
G_8d144cf0025023b2683c	2	8TB4__DAP__laE__aaA__rs101__m1__alt.;8TBD__HT1__laI__aaC__rs101__m1__alt.	2	train
G_8e2798659d1ed9f07434	3	8VXZ__A1AED__laG__aaA__rs104__m1__alt.;8VY0__A1AEE__laH__aaA__rs105__m1__alt.;8VY1__A1AEF__laL__aaB__rs103__m1__alt.	3	train
G_901c44843ae5e60c1fb1	2	9KG8__BER__laB__aaX__rs101__m1__alt.;9KG8__BER__laC__aaX__rs102__m1__alt.	1	train
G_91769d42f6f9a30ad92a	1	7A3Y__BER__laC__aaA__rs101__m1__alt.	1	val
G_91e50a9cd577401190e5	1	8ASH__O89__laC__aaAAA__rs101__m1__alt.	1	val
G_928eeb6eb0b4acfd6602	1	9JX5__7V8__laB__aaA__rs101__m1__alt.	1	train
G_92fe205b1c074b71da3c	1	6DB8__G4A__laD__aaR__rs101__m1__alt.	1	train
G_930b6aba6a9f737a9062	8	7ELP__XAN__laF__aaA__rs104__m1__alt.;7ELP__XAN__laU__aaB__rs103__m1__alt.;7ELQ__XAN__laD__aaA__rs102__m1__alt.;7ELQ__XAN__laO__aaB__rs102__m1__alt.;7ELR__XAN__laD__aaA__rs102__m1__alt.;7ELR__XAN__laN__aaB__rs102__m1__alt.;7ELS__AZA__laK__aaA__rs109__m1__alt.;7ELS__AZA__laS__aaB__rs108__m1__alt.	4	train
G_931a27821239fd76eceb	16	7OA3__V5Z__laC__aaA__rs101__m1__alt.;7OAV__GTP__laQ__aaC__rs102__m1__alt.;7OAV__V5Z__laE__aaA__rs101__m1__alt.;7OAV__V5Z__laK__aaB__rs101__m1__alt.;7OAV__V5Z__laP__aaC__rs101__m1__alt.;7OAV__V5Z__laT__aaD__rs101__m1__alt.;7OAW__GTP__laK__aaB__rs101__m1__alt.;7OAW__GTP__laQ__aaC__rs102__m1__alt.;7OAW__V6T__laH__aaA__rs104__m1__alt.;7OAW__V6T__laN__aaB__rs104__m1__alt.;7OAW__V6T__laT__aaC__rs105__m1__alt.;7OAW__V6T__laY__aaD__rs104__m1__alt.;7OAX__V5Z__laDA__aaD__rs103__m1__alt.;7OAX__V5Z__laF__aaA__rs102__m1__alt.;7OAX__V5Z__laO__aaB__rs103__m1__alt.;7OAX__V5Z__laW__aaC__rs103__m1__alt.	4	train
G_9320227a614bac60531f	4	6M5J__F1R__laG__aaA__rs103__m1__alt.;6M5J__F1R__laJ__aaB__rs103__m1__alt.;6M5J__F1R__laK__aaC__rs101__m1__alt.;6M5J__F1R__laL__aaD__rs101__m1__alt.	1	train
G_9372e39e7541855426b2	1	6E8U__HZD__laG__aaB__rs106__m1__alt.	1	train
G_939d87c9b3be9d45a52b	1	9NX4__CPF__laL__aaC__rs101__m1__alt.	1	train
G_95eabeff042d5ce1a55c	1	11YY__MLA__laI__aaB__rs801__m1__alt.	1	train
G_96de5ce1de529c641343	4	6DLQ__PRP__laB__aaA__rs201__m1__altA;6DLR__PRP__laB__aaA__rs201__m1__altA;6DLS__PRP__laB__aaA__rs201__m1__altA;6DLT__PRP__laH__aaA__rs207__m1__altA	4	train
G_97c19d4f565260b68079	1	9JL7__DM2__laD__aaA__rs101__m1__alt.	1	train
G_98f2a74e0b19f1c865e2	4	26JR__A1EOV__laB__aaA__rs101__m1__alt.;26JT__A1EOB__laB__aaA__rs101__m1__alt.;7X2Z__7U0__laB__aaA__rs101__m1__alt.;7X3A__7V8__laB__aaA__rs101__m1__alt.	4	train
G_98f90913825ff5d6a99a	1	282D__NGM__laC__aaA__rs13__m1__alt.	1	train
G_9a4cdd410441decac1f0	2	6CB3__GTP__laAB__aaB__rs221__m1__alt.;6CB3__GTP__laU__aaA__rs219__m1__alt.	1	train
G_9aaf449b7165165a5975	4	8HB3__NNR__laC__aaA__rs101__m1__alt.;8HB3__NNR__laD__aaB__rs101__m1__alt.;8I3Z__NMN__laD__aaB__rs101__m1__alt.;8I3Z__NMN__laE__aaB__rs102__m1__alt.	2	train
G_9ac5ce3c4321c37d44c0	2	7ZJ4__1TU__laC__aaE__rs402__m1__alt.;7ZJ4__J93__laB__aaE__rs401__m1__alt.	1	train
G_9bbb9cb5b0abef507798	5	8TC4__ZQQ__laE__aaA__rs101__m1__alt.;8TC4__ZQQ__laG__aaC__rs101__m1__alt.;8TC6__NT__laE__aaA__rs101__m1__alt.;8TC6__ZQQ__laF__aaA__rs102__m1__alt.;8TC6__ZQQ__laH__aaC__rs101__m1__alt.	2	val
G_9bc8b37874ce847acc9d	2	5O62__EGD__laC__aaA__rs101__m1__alt.;5O69__AG2__laC__aaA__rs101__m1__alt.	2	train
G_9c0b7cd5dd9a72f8c74d	2	7XQ5__HEZ__laF__aaC__rs101__m1__alt.;7XQ5__HEZ__laG__aaD__rs101__m1__alt.	1	train
G_9c641e33c6506ddbd361	1	8T7B__NT__laE__aaC__rs101__m1__alt.	1	val
G_9cca2b584fae012b8808	3	21HS__A1L8R__laC__aaA__rs101__m1__alt.;9V88__XAU__laD__aaA__rs102__m1__alt.;9V89__W1H__laE__aaB__rs101__m1__alt.	3	val
G_9d0a44cdb7653fe7dc71	1	8FI1__747__laG__aaA__rs106__m1__alt.	1	train
G_9d7153520bf416490fd0	3	7EOH__J8F__laB__aaA__rs101__m1__alt.;7EOI__J8F__laB__aaA__rs101__m1__alt.;7EOJ__J8F__laB__aaA__rs101__m1__alt.	3	train
G_a0bddf8bf3be9b5357ba	1	6XKN__PRF__laB__aaA__rs201__m1__alt.	1	train
G_a154d056c7bf4a8b4878	2	8WU5__A1LYO__laE__aaB__rs101__m1__alt.;8WU5__A1LYO__laF__aaC__rs101__m1__alt.	1	val
G_a1c07a3955421f362a50	6	2NZ4__GLP__laR__aaF__rs5002__m1__alt.;2NZ4__GLP__laW__aaG__rs5003__m1__alt.;3G96__6MN__laM__aaF__rs12__m1__alt.;3L3C__G6P__laBA__aaH__rs5004__m1__alt.;3L3C__G6P__laN__aaP__rs5001__m1__alt.;3L3C__G6P__laS__aaQ__rs5002__m1__alt.	3	train
G_a4752897a80acd549991	2	6WTL__2BA__laB__aaA__rs201__m1__alt.;6WTL__2BA__laC__aaA__rs202__m1__alt.	1	train
G_a60a38c7c5512b252d06	6	6LAS__SAM__laF__aaA__rs101__m1__alt.;6LAS__SAM__laG__aaB__rs101__m1__alt.;6LAU__SAH__laF__aaA__rs101__m1__alt.;6LAU__SAH__laI__aaB__rs101__m1__alt.;6LAZ__E7X__laG__aaA__rs102__m1__alt.;6LAZ__E7X__laH__aaB__rs101__m1__alt.	3	train
G_a6d5077cdcee5171b596	1	2QK9__16D__laG__aaC__rs1004__m1__alt.	1	train
G_a7bc95f51f137eb67f8b	1	8I43__53D__laB__aaA__rs20__m1__alt.	1	val
G_a7edf7a44727ad29963a	2	9VA0__CP0__laD__aaA__rs503__m1__alt.;9VA3__A1EQ9__laD__aaA__rs503__m1__alt.	2	train
G_a81f4caa83b537a964f0	1	4BZV__XR2__laC__aaA__rs17__m1__alt.	1	train
G_a873b22dc9806c91a9eb	6	9EBP__LUM__laC__aaA__rs101__m1__alt.;9EBP__LUM__laJ__aaM__rs101__m1__alt.;9EBV__LUM__laK__aaA__rs109__m1__alt.;9EBV__LUM__laU__aaM__rs110__m1__alt.;9EC4__CTI__laC__aaM__rs101__m1__alt.;9EC4__CTI__laO__aaA__rs101__m1__alt.	3	train
G_a970cd81a8103e136a80	1	6XKO__PRF__laB__aaA__rs201__m1__alt.	1	train
G_aa0662407467bcf91d08	2	4Y1J__GTP__laC__aaA__rs201__m1__alt.;4Y1J__GTP__laYA__aaB__rs202__m1__alt.	1	val
G_ae12b9725a0b003bfa4c	1	1AL9__BDA__laC__aaA__rs17__m1__alt.	1	train
G_b082c6534f0be85216e8	3	9MQS__5GP__laJ__aaA__rs409__m1__alt.;9MQT__A1BNU__laB__aaA__rs401__m1__alt.;9MQU__A1BNU__laB__aaA__rs401__m1__alt.	3	val
G_b1bc88590ac0192af5ef	3	9BZ1__5AC__laG__aaA__rs105__m1__alt.;9BZ1__5AC__laM__aaB__rs103__m1__alt.;9BZC__AMZ__laF__aaA__rs105__m1__alt.	2	train
G_b2af33f57322cde0012e	3	2KXM__RIO__laB__aaA__rs101__m1__alt.;2MXS__PAR__laB__aaA__rs101__m1__alt.;2N0J__RIO__laB__aaA__rs101__m1__alt.	3	train
G_b32187f81fda483477f6	2	4QLM__2BA__laD__aaA__rs203__m1__alt.;4QLM__2BA__laE__aaA__rs204__m1__alt.	1	train
G_b35e59e3cb00ed717f8a	3	23JZ__AMR__laB__aaA__rs101__m1__alt.;23KA__AMR__laF__aaB__rs101__m1__alt.;23KA__AMR__laI__aaC__rs101__m1__alt.	2	train
G_b5b8c61f5679a526f3c4	1	8DWM__BLM__laE__aaG__rs101__m1__alt.	1	train
G_b63162f67f3510aaf3c8	1	8TB3__DAP__laE__aaD__rs101__m1__alt.	1	train
G_b6f988f8c1988405765b	2	8HB1__NMN__laF__aaB__rs101__m1__alt.;8HB1__NMN__laG__aaB__rs102__m1__alt.	1	train
G_b700544f2b5f9676e613	2	1K9G__DR1__laB__aaA__rs7__m1__alt.;1K9G__DR1__laC__aaA__rs8__m1__alt.	1	train
G_b73543af39a03d688399	2	6N5T__2BA__laB__aaA__rs201__m1__alt.;6N5T__2BA__laC__aaA__rs202__m1__alt.	1	train
G_b73fd82ffba342183c45	1	1PQQ__CYE__laC__aaB__rs23__m1__alt.	1	train
G_b75e1a9edc996e8b0acf	1	6CK5__PRP__laIA__aaB__rs216__m1__alt.	1	train
G_b82168d61e063a8c8b28	3	8FI2__2ZY__laG__aaA__rs106__m1__alt.;8FI7__747__laG__aaA__rs106__m1__alt.;8FI8__X5R__laG__aaA__rs106__m1__alt.	3	train
G_b8908c285e35bb199161	1	3OVB__ATP__laR__aaC__rs851__m1__alt.	1	val
G_b944dc28c482c2ac0c87	3	1D54__DM6__laB__aaA__rs7__m1__alt.;1IMR__DM7__laB__aaA__rs7__m1__alt.;1VTH__DM1__laB__aaA__rs7__m1__alt.	3	val
G_bada03972a5a016d9185	4	8K0T__TEP__laB__aaA__rs101__m1__alt.;8K0U__HPA__laB__aaA__rs101__m1__alt.;8K0V__I7U__laB__aaA__rs101__m1__alt.;8K0W__TEP__laB__aaA__rs101__m1__alt.	4	train
G_bb51126f8401f4569c92	1	8VOE__A1AB3__laB__aaA__rs101__m1__alt.	1	train
G_bcdee719161bcc020e17	1	6J2W__B2U__laB__aaA__rs101__m1__alt.	1	train
G_bd2914520746262ff6cd	4	6QIR__J48__laE__aaA__rs101__m1__alt.;6QIR__J48__laF__aaA__rs102__m1__alt.;6QIR__J48__laG__aaC__rs101__m1__alt.;6QIR__J48__laH__aaD__rs101__m1__alt.	1	train
G_bd63aa662af9ed47c094	2	4Y1I__GTP__laBA__aaA__rs226__m1__alt.;4Y1I__GTP__laC__aaA__rs201__m1__alt.	1	train
G_bd76cad0c1022c5db00a	3	8HBA__NAD__laC__aaA__rs101__m1__alt.;8HBA__NAD__laD__aaA__rs102__m1__alt.;8HBA__NMN__laF__aaB__rs102__m1__alt.	1	train
G_be8e8ae60a27536ad491	1	2N96__4JF__laC__aaY__rs101__m1__alt.	1	train
G_bedb59053f323bb89e16	3	4OCD__MWB__laD__aaA__rs101__m1__alt.;4OCD__MWB__laE__aaB__rs101__m1__alt.;4OCD__MWB__laF__aaC__rs101__m1__alt.	1	train
G_bf122f9dbe9aaac7e786	10	3EM2__NCE__laF__aaA__rs29__m1__alt.;3EQW__NCI__laF__aaA__rs29__m1__alt.;3ERU__NCJ__laF__aaA__rs29__m1__alt.;3ES0__NCK__laF__aaA__rs29__m1__alt.;3ET8__NCL__laF__aaA__rs29__m1__alt.;3EUI__NC5__laH__aaA__rs57__m1__alt.;3EUI__NCI__laN__aaC__rs58__m1__alt.;3EUM__NCQ__laF__aaA__rs29__m1__alt.;3NYP__RNR__laF__aaA__rs17__m1__alt.;3NZ7__SNS__laF__aaA__rs17__m1__alt.	9	train
G_bf23d63dfcbc4d6b924e	4	9HRG__GTP__laG__aaA__rs103__m1__alt.;9HRG__GTP__laM__aaB__rs103__m1__alt.;9HRG__GTP__laS__aaC__rs103__m1__alt.;9HRG__GTP__laY__aaD__rs103__m1__alt.	1	train
G_bf86ee8907aa19e43619	1	8Q6N__141__laB__aaA__rs101__m1__alt.	1	train
G_bfba580ee7891b3ae958	1	6VGG__QWP__laF__aaB__rs101__m1__alt.	1	train
G_bfc19b7b65125fcffdd4	1	2R2U__BTZ__laD__aaG__rs1__m1__alt.	1	train
G_c0789254199571031aa0	10	7REX__PRF__laD__aaA__rs101__m1__alt.;7REX__PRF__laE__aaA__rs102__m1__alt.;7REX__PRF__laI__aaB__rs101__m1__alt.;7REX__PRF__laJ__aaB__rs102__m1__alt.;7REX__PRF__laK__aaC__rs101__m1__alt.;7REX__PRF__laL__aaC__rs102__m1__alt.;8FB3__PRF__laD__aaA__rs101__m1__altA;8FB3__PRF__laE__aaA__rs102__m1__altA;8FB3__PRF__laJ__aaC__rs101__m1__altA;8FB3__PRF__laK__aaC__rs102__m1__altA	2	train
G_c2480831df8255a92c59	1	8RUJ__VTR__laB__aaA__rs401__m1__alt.	1	train
G_c35fe9d3a719cfe8bec7	4	8FHV__2ZY__laH__aaA__rs107__m1__alt.;8FHX__2ZY__laH__aaA__rs107__m1__alt.;8FHZ__747__laH__aaA__rs107__m1__alt.;8FI0__X5R__laH__aaA__rs107__m1__alt.	4	train
G_c5260bac00b29111f58b	2	7PNG__7V5__laB__aaA__rs101__m1__alt.;8ABD__PQ3__laB__aaA__rs101__m1__alt.	2	train
G_c6b0bcf1ccfbd0d791f2	1	9K38__GTP__laEA__aaZ__rs101__m1__alt.	1	train
G_c8ecaa194a59138a6d96	4	6M4T__F1R__laG__aaA__rs103__m1__alt.;6M4T__F1R__laJ__aaB__rs103__m1__alt.;6M4T__F1R__laK__aaC__rs101__m1__alt.;6M4T__F1R__laL__aaD__rs101__m1__alt.	1	train
G_ca3027c76349e041684a	2	366D__DA6__laB__aaA__rs3013__m1__alt.;366D__DA6__laC__aaA__rs3015__m1__alt.	1	train
G_ca421ca7826d6841da6b	1	9L8F__A1EI4__laI__aaU__rs108__m1__alt.	1	train
G_ca96bd051796b089258e	1	3QCR__R14__laD__aaA__rs15__m1__alt.	1	train
G_caeae4e032214badd91a	1	8VIU__A1AB3__laB__aaA__rs101__m1__alt.	1	train
G_cb704bb76af9bd1f815d	2	8T80__HT1__laF__aaA__rs102__m1__alt.;8T80__HT1__laG__aaD__rs101__m1__alt.	1	train
G_cbcfce842d5d88fba50e	4	8HZD__O2I__laF__aaA__rs104__m1__alt.;8HZD__O2I__laK__aaB__rs105__m1__alt.;8HZK__NI4__laBA__aaB__rs110__m1__alt.;8HZK__NI4__laR__aaA__rs116__m1__alt.	2	train
G_cd2f19fe8dd92908a40b	1	8IF5__AFT__laB__aaA__rs101__m1__alt.	1	train
G_cdc9f3fbb3c1118e9717	1	6SX3__LWQ__laB__aaA__rs101__m1__alt.	1	train
G_ce69caab7153f344dc2e	2	4YAZ__4BW__laH__aaR__rs106__m1__alt.;4YAZ__4BW__laL__aaA__rs103__m1__alt.	1	train
G_ce948ebfe00e3267e44e	4	4QK8__2BA__laB__aaA__rs201__m1__alt.;4QK8__2BA__laC__aaA__rs202__m1__alt.;4QKA__2BA__laB__aaA__rs201__m1__alt.;4QKA__2BA__laC__aaA__rs202__m1__alt.	2	train
G_cf20c0b3232bdb6da79b	2	6YML__DSH__laF__aaA__rs102__m1__alt.;6YML__DSH__laH__aaC__rs101__m1__alt.	1	train
G_d425f608f7b245091eef	1	8G8Z__PRF__laI__aaR__rs101__m1__alt.	1	val
G_d4394b970d2eb8a9762d	8	1DJ6__104__laD__aaA__rs13__m1__alt.;1DJ6__104__laE__aaB__rs14__m1__alt.;1V9G__SPW__laC__aaA__rs13__m1__alt.;292D__P24__laC__aaA__rs13__m1__alt.;2IE1__PAW__laC__aaA__rs101__m1__alt.;2IE1__PAW__laD__aaB__rs102__m1__alt.;6BST__SR0__laC__aaA__rs101__m1__alt.;7ATG__58I__laD__aaB__rs101__m1__altA	6	train
G_d4f7bdc7cde10cc53a00	1	9NAP__EKJ__laB__aaA__rs201__m1__alt.	1	train
G_d6062a7912a9aaf3e48b	1	4OQU__SAM__laB__aaA__rs101__m1__alt.	1	train
G_d63295eb1f9b341838ac	1	8OLV__VTR__laRA__aaA__rs443__m1__alt.	1	train
G_d63f5d34791841182edd	1	6BYY__TCE__laK__aaF__rs101__m1__alt.	1	val
G_d79ba5ab733ab7096028	2	7D81__NAD__laE__aaA__rs104__m1__alt.;7D82__NAD__laI__aaA__rs108__m1__alt.	2	val
G_d8b7f574abac88c5ffd9	2	4TS0__38E__laR__aaY__rs206__m1__alt.;4TS2__38E__laH__aaY__rs204__m1__alt.	2	train
G_d8e17124326d704e172b	3	7MSV__BER__laC__aaX__rs102__m1__alt.;7MSV__BER__laD__aaX__rs103__m1__alt.;7MSV__DGP__laB__aaX__rs101__m1__alt.	1	train
G_dbf49330dce6e66796b5	4	9BUN__FH8__laH__aaA__rs104__m1__alt.;9BUN__FH8__laM__aaB__rs105__m1__alt.;9BUN__FH8__laS__aaC__rs106__m1__alt.;9BUN__FH8__laW__aaD__rs104__m1__alt.	1	train
G_dc3a8aa3e2b00b398f8e	1	3G9C__GLP__laM__aaE__rs5001__m1__alt.	1	train
G_dcd724e61ebbe1d8b1c2	6	7YVW__B2R__laC__aaA__rs101__m1__alt.;7YVW__B2R__laD__aaA__rs102__m1__alt.;8ZD2__A1L1S__laC__aa1__rs101__m1__alt.;8ZD2__A1L1S__laD__aa2__rs101__m1__alt.;8ZD7__A1L1R__laC__aa2__rs101__m1__alt.;8ZD8__A1L1S__laC__aa1__rs101__m1__alt.	4	train
G_dd3aee1f96f400d4aac2	1	8VPV__PRF__laB__aaA__rs201__m1__alt.	1	train
G_ddff74462a80aa5a65f4	1	21CC__PP9__laC__aaB__rs101__m1__alt.	1	train
G_df222a1b45f0449a5132	1	4X4V__5GP__laK__aaB__rs502__m1__alt.	1	train
G_df7f3ce3ac515b7131c1	2	6QN3__GLN__laG__aaA__rs105__m1__alt.;6QN3__GLN__laL__aaB__rs205__m1__alt.	1	val
G_dff6a42783a14020d77b	1	2R2S__BLB__laE__aaB__rs9__m1__alt.	1	train
G_e0267e2f1fa69b6c77bc	1	9K9H__GMP__laE__aaA__rs404__m1__alt.	1	train
G_e07fbc2bbeb285969932	27	6YMI__AMP__laN__aaA__rs102__m1__alt.;6YMI__AMP__laO__aaA__rs103__m1__alt.;6YMI__AMP__laQ__aaC__rs102__m1__alt.;6YMI__AMP__laS__aaF__rs102__m1__alt.;6YMI__AMP__laT__aaG__rs101__m1__alt.;6YMI__AMP__laV__aaI__rs102__m1__alt.;6YMI__AMP__laX__aaM__rs102__m1__alt.;6YMI__AMP__laY__aaN__rs101__m1__alt.;6YMI__AMP__laZ__aaO__rs201__m1__alt.;6YMJ__ADN__laAA__aaO__rs102__m1__alt.;6YMJ__ADN__laM__aaA__rs201__m1__alt.;6YMJ__ADN__laN__aaA__rs202__m1__alt.;6YMJ__ADN__laQ__aaC__rs102__m1__alt.;6YMJ__ADN__laS__aaF__rs201__m1__alt.;6YMJ__ADN__laT__aaF__rs202__m1__alt.;6YMJ__ADN__laU__aaI__rs201__m1__alt.;6YMJ__ADN__laV__aaM__rs201__m1__alt.;6YMJ__ADN__laY__aaN__rs101__m1__alt.;6YMK__MTA__laM__aaA__rs101__m1__alt.;6YMK__MTA__laN__aaB__rs101__m1__alt.;6YMK__MTA__laO__aaC__rs101__m1__alt.;6YMK__MTA__laR__aaF__rs101__m1__alt.;6YMK__MTA__laT__aaG__rs101__m1__alt.;6YMK__MTA__laU__aaI__rs101__m1__alt.;6YMK__MTA__laW__aaM__rs101__m1__alt.;6YMK__MTA__laX__aaM__rs102__m1__alt.;6YMK__MTA__laY__aaO__rs101__m1__alt.	3	train
G_e0f3ca09390c19922761	1	8TOZ__PRF__laB__aaA__rs201__m1__alt.	1	train
G_e11034eec43cef80567e	6	3U4M__MLI__laO__aaB__rs2202__m1__alt.;3U4M__MLI__laP__aaB__rs2203__m1__alt.;3U4M__MLI__laQ__aaB__rs2204__m1__alt.;3U4M__MLI__laR__aaB__rs2205__m1__alt.;3U56__MLI__laD__aaB__rs2201__m1__alt.;5NPM__MLI__laC__aaB__rs101__m1__alt.	3	train
G_e53e04e40f1677727954	3	5IHD__2OP__laG__aaA__rs103__m1__alt.;5IHD__2OP__laJ__aaB__rs103__m1__alt.;5IHD__SIN__laM__aaD__rs101__m1__alt.	1	train
G_e570b205c5ce77f45ce3	2	6GZK__FH8__laB__aaA__rs101__m1__alt.;6GZR__FH8__laB__aaA__rs101__m1__alt.	2	train
G_e57ac5d221d517a4daf6	2	6UP0__YO3__laF__aaC__rs104__m1__alt.;6UP0__YO3__laK__aaD__rs104__m1__alt.	1	train
G_e664448140a21cab38a0	1	9VUO__A1ETT__laC__aaA__rs101__m1__alt.	1	train
G_e67b336b40cbbde90bd3	1	8TA9__DAP__laF__aaD__rs101__m1__alt.	1	train
G_e70846682313a9b29b6a	1	24QP__DNH__laZ__aaN__rs101__m1__alt.	1	train
G_e77dbbb77feae0b90c0c	1	9IOU__53D__laB__aaA__rs101__m1__alt.	1	train
G_e8cd2328c500e7e8ab1e	1	3IAG__XYL__laE__aaA__rs17__m1__alt.	1	train
G_e8ef1e39d2ebf68e63e1	1	8XGW__3WL__laC__aaA__rs101__m1__alt.	1	train
G_e9f0459d9dd08ccb9374	1	9IO1__53D__laB__aaA__rs101__m1__alt.	1	train
G_ead2e43a63fb0ca04eb3	1	2OYQ__N5P__laN__aaI__rs704__m1__alt.	1	train
G_eb4903b99f36d77d79d9	1	5Z7I__BU3__laF__aaD__rs1000__m1__alt.	1	train
G_ecd64a90cdeb667fbd09	2	5OB3__1TU__laB__aaA__rs101__m1__alt.;7L0Z__2ZY__laB__aaG__rs101__m1__alt.	2	train
G_ee05efe1f96e69eaaf07	2	1G5L__BLB__laG__aaC__rs1__m1__alt.;1GJ2__BLB__laG__aaC__rs1__m1__alt.	2	train
G_ee4594ae28b6da58deb9	1	2H0Z__G6P__laC__aaA__rs301__m1__alt.	1	val
G_ef6fb29ab54bf2367fb5	3	9NDV__QI9__laB__aaA__rs201__m1__alt.;9NDX__QI9__laC__aaA__rs201__m1__alt.;9NDX__QI9__laD__aaB__rs201__m1__alt.	2	train
G_f1f35e1507d9a18f9a3c	2	4ZNP__AMZ__laC__aaA__rs101__m1__alt.;4ZNP__AMZ__laF__aaB__rs101__m1__alt.	1	val
G_f3c467e6cfdb57c77b06	2	5ODF__CWN__laC__aaA__rs101__m1__alt.;6RIO__K4Z__laC__aaA__rs101__m1__alt.	2	train
G_f4d1d12be786ffda9d67	3	9FXO__PAR__laEO__aaL2__rs1728__m1__alt.;9FXO__PAR__laGJ__aaL1__rs1978__m1__alt.;9FXO__PAR__laUP__aaL7__rs208__m1__alt.	1	train
G_f5b0a27c8867ce1b62ce	3	6JJH__POH__laB__aaB__rs101__m1__alt.;6JJH__POH__laC__aaB__rs102__m1__alt.;6JJI__POH__laE__aaB__rs104__m1__alt.	2	train
G_f5fe993896629f6ca705	1	6UET__SAM__laB__aaA__rs301__m1__alt.	1	val
G_f630e2cf88f7b9d20b23	1	8T5O__TAC__laB__aaA__rs301__m1__alt.	1	train
G_f662975bba65988bd3c9	1	9SQC__A1JPP__laC__aaB__rs101__m1__alt.	1	train
G_f6d205a36aa2b3ea9b3b	1	1OLD__AAR__laB__aaA__rs25__m1__alt.	1	train
G_f706245228efbf532e0c	1	7FHI__53D__laB__aaA__rs101__m1__alt.	1	train
G_f87e7e98cfefe7c59f0a	2	8I46__53D__laB__aaA__rs20__m1__alt.;9U70__53D__laB__aaA__rs101__m1__alt.	2	train
G_f8da3dde908a758b32f7	12	198D__DM5__laE__aaA__rs25__m1__alt.;198D__DM5__laG__aaB__rs26__m1__alt.;198D__DM5__laH__aaD__rs27__m1__alt.;198D__DM5__laI__aaD__rs28__m1__alt.;1I5V__PPZ__laC__aaA__rs7__m1__alt.;1I5V__PPZ__laD__aaB__rs7__m1__alt.;1NAB__44D__laC__aaA__rs41__m1__alt.;1NAB__44D__laD__aaB__rs40__m1__alt.;1Z3F__EL__laC__aaA__rs41__m1__alt.;1Z3F__EL__laE__aaB__rs42__m1__alt.;3FT6__PRL__laC__aaA__rs21__m1__alt.;3FT6__PRL__laF__aaB__rs22__m1__alt.	5	train
G_f9c84dda0493af3cbbe5	2	4Y1M__GTP__laGB__aaA__rs208__m1__alt.;4Y1M__GTP__laN__aaB__rs212__m1__alt.	1	val
G_faf33889548a0548cedb	6	5LIT__6XV__laE__aaD__rs101__m1__alt.;5LIT__6XV__laG__aaC__rs101__m1__alt.;5LIT__6XV__laJ__aaB__rs102__m1__alt.;6GIM__EZK__laE__aaD__rs101__m1__alt.;6GIM__EZK__laF__aaC__rs101__m1__alt.;6GIM__EZK__laI__aaB__rs101__m1__alt.	2	train
G_fce85dfc4e682d1e789b	1	2L1V__PRF__laB__aaA__rs37__m1__alt.	1	train
G_fe873ffef75c32ba9bbe	2	6JWD__BER__laB__aaA__rs101__m1__alt.;6JWE__LOC__laB__aaA__rs101__m1__alt.	2	val
G_feb272ffb1ec15b0e93c	1	8ZNQ__NAZ__laB__aaA__rs101__m1__alt.	1	train
G_fec4c269f292369ae86d	1	9CQC__DZ4__laS__aaI__rs101__m1__alt.	1	val
G_fec9f89616cd07ade9eb	1	7W9N__97U__laB__aaA__rs101__m1__alt.	1	train
G_ff22f073e7a9c8691a74	2	6FC9__D5B__laB__aaA__rs101__m1__alt.;8ABN__LNF__laB__aaA__rs101__m1__alt.	2	train
G_ff73e9fc274938020167	2	6N5Q__2BA__laB__aaA__rs201__m1__alt.;6N5Q__2BA__laC__aaA__rs202__m1__alt.	1	train
