family,contrast,metric,endpoint,epoch,noise_level,effect_definition,higher_is_better,raw_estimate,raw_ci_low,raw_ci_high,favorable_estimate,favorable_ci_low,favorable_ci_high,bootstrap_replicates,bootstrap_seed,n_training_seeds,n_paired_complexes,favorable_seed_directions,zero_seed_directions
validation_task,Transfer-All-minus-Transfer-NonSurface,pose_density_lt2,epoch_25,25,,Transfer-All minus Transfer-NonSurface,True,0.14232209737827714,0.11947565543071163,0.16666666666666666,0.14232209737827714,0.11947565543071163,0.16666666666666666,10000,20260903,3,89,3,0
validation_task,Transfer-All-minus-Transfer-NonSurface,pose_density_lt2,epoch_200,200,,Transfer-All minus Transfer-NonSurface,True,0.061048689138576785,0.040074906367041196,0.08202247191011236,0.061048689138576785,0.040074906367041196,0.08202247191011236,10000,20260903,3,89,3,0
validation_task,Transfer-All-minus-Transfer-NonSurface,pose_density_lt2,AULC_25_200,,,AULC(Transfer-All) minus AULC(Transfer-NonSurface),True,0.11388443017656502,0.09435527019796681,0.13528624933119313,0.11388443017656502,0.09435527019796681,0.13528624933119313,10000,20260903,3,89,3,0
validation_task,Transfer-All-minus-Transfer-NonSurface,best_of_k10_lt2,epoch_25,25,,Transfer-All minus Transfer-NonSurface,True,0.3408239700374532,0.27715355805243447,0.40449438202247195,0.3408239700374532,0.27715355805243447,0.40449438202247195,10000,20260903,3,89,3,0
validation_task,Transfer-All-minus-Transfer-NonSurface,best_of_k10_lt2,epoch_200,200,,Transfer-All minus Transfer-NonSurface,True,0.0599250936329588,-0.018726591760299626,0.1385767790262172,0.0599250936329588,-0.018726591760299626,0.1385767790262172,10000,20260903,3,89,2,0
validation_task,Transfer-All-minus-Transfer-NonSurface,best_of_k10_lt2,AULC_25_200,,,AULC(Transfer-All) minus AULC(Transfer-NonSurface),True,0.15436062065275546,0.11744248261102193,0.19262306046013902,0.15436062065275546,0.11744248261102193,0.19262306046013902,10000,20260903,3,89,3,0
validation_task,Transfer-All-minus-Transfer-NonSurface,best_rmsd,epoch_25,25,,Transfer-All minus Transfer-NonSurface,False,-1.2269962948436437,-1.4452452534599154,-1.0335799646652006,1.2269962948436437,1.0335799646652006,1.4452452534599154,10000,20260903,3,89,3,0
validation_task,Transfer-All-minus-Transfer-NonSurface,best_rmsd,epoch_200,200,,Transfer-All minus Transfer-NonSurface,False,-0.18263636345175563,-0.3883961699958114,0.006224775507371552,0.18263636345175563,-0.006224775507371552,0.3883961699958114,10000,20260903,3,89,3,0
validation_task,Transfer-All-minus-Transfer-NonSurface,best_rmsd,AULC_25_200,,,AULC(Transfer-All) minus AULC(Transfer-NonSurface),False,-0.37561285654132454,-0.4680934270353594,-0.28039198482675753,0.37561285654132454,0.28039198482675753,0.4680934270353594,10000,20260903,3,89,3,0
validation_task,Transfer-All-minus-Transfer-NonSurface,valid_pose_rate,epoch_25,25,,Transfer-All minus Transfer-NonSurface,True,0.0,0.0,0.0,0.0,0.0,0.0,10000,20260903,3,89,0,3
validation_task,Transfer-All-minus-Transfer-NonSurface,valid_pose_rate,epoch_200,200,,Transfer-All minus Transfer-NonSurface,True,0.0,0.0,0.0,0.0,0.0,0.0,10000,20260903,3,89,0,3
validation_task,Transfer-All-minus-Transfer-NonSurface,valid_pose_rate,AULC_25_200,,,AULC(Transfer-All) minus AULC(Transfer-NonSurface),True,0.0,0.0,0.0,0.0,0.0,0.0,10000,20260903,3,89,0,3
G_surface,Transfer-All,combined_alignment,epoch_25,25,all,A(alpha=1)-A(alpha=0) in Transfer-All,True,0.5003226387508893,0.48614418670834014,0.5149215539946228,0.5003226387508893,0.48614418670834014,0.5149215539946228,10000,20260903,3,89,3,0
G_surface,Transfer-All,combined_alignment,epoch_200,200,all,A(alpha=1)-A(alpha=0) in Transfer-All,True,0.49345969492223674,0.4781689521253668,0.5093613624160256,0.49345969492223674,0.4781689521253668,0.5093613624160256,10000,20260903,3,89,3,0
G_surface,Transfer-All,combined_alignment,AULC_25_200,,all,AULC of A(alpha=1)-A(alpha=0) in Transfer-All,True,0.498168296710048,0.4839085324286786,0.5131940515905662,0.498168296710048,0.4839085324286786,0.5131940515905662,10000,20260903,3,89,3,0
G_surface,Transfer-All,translation_cosine,epoch_25,25,all,A(alpha=1)-A(alpha=0) in Transfer-All,True,0.7607808320766414,0.7384836716827242,0.7825237262301898,0.7607808320766414,0.7384836716827242,0.7825237262301898,10000,20260903,3,89,3,0
G_surface,Transfer-All,translation_cosine,epoch_200,200,all,A(alpha=1)-A(alpha=0) in Transfer-All,True,0.7534093529510626,0.7300031863756185,0.7766603208485721,0.7534093529510626,0.7300031863756185,0.7766603208485721,10000,20260903,3,89,3,0
G_surface,Transfer-All,translation_cosine,AULC_25_200,,all,AULC of A(alpha=1)-A(alpha=0) in Transfer-All,True,0.7611194121381287,0.738741072623117,0.7836309296369536,0.7611194121381287,0.738741072623117,0.7836309296369536,10000,20260903,3,89,3,0
G_surface,Transfer-All,rotation_cosine,epoch_25,25,all,A(alpha=1)-A(alpha=0) in Transfer-All,True,0.6488580736585597,0.6265070424980385,0.6709666124014333,0.6488580736585597,0.6265070424980385,0.6709666124014333,10000,20260903,3,89,3,0
G_surface,Transfer-All,rotation_cosine,epoch_200,200,all,A(alpha=1)-A(alpha=0) in Transfer-All,True,0.6396197714815697,0.6158159799209693,0.662911331929078,0.6396197714815697,0.6158159799209693,0.662911331929078,10000,20260903,3,89,3,0
G_surface,Transfer-All,rotation_cosine,AULC_25_200,,all,AULC of A(alpha=1)-A(alpha=0) in Transfer-All,True,0.6457873054416307,0.6235896882999044,0.6676327016279956,0.6457873054416307,0.6235896882999044,0.6676327016279956,10000,20260903,3,89,3,0
G_surface,Transfer-All,torsion_cosine,epoch_25,25,all,A(alpha=1)-A(alpha=0) in Transfer-All,True,0.05610400344505755,0.04241436274170892,0.0694076849946339,0.05610400344505755,0.04241436274170892,0.0694076849946339,10000,20260903,3,83,3,0
G_surface,Transfer-All,torsion_cosine,epoch_200,200,all,A(alpha=1)-A(alpha=0) in Transfer-All,True,0.045718267130233796,0.028997963279540497,0.06124970084729384,0.045718267130233796,0.028997963279540497,0.06124970084729384,10000,20260903,3,83,3,0
G_surface,Transfer-All,torsion_cosine,AULC_25_200,,all,AULC of A(alpha=1)-A(alpha=0) in Transfer-All,True,0.04700490719759193,0.03233697869155286,0.061650459102194445,0.04700490719759193,0.03233697869155286,0.061650459102194445,10000,20260903,3,83,3,0
G_surface,Transfer-All,delta_RMSD_1step,epoch_25,25,all,A(alpha=1)-A(alpha=0) in Transfer-All,True,0.6251873131288126,0.5996679165042614,0.6495136948252614,0.6251873131288126,0.5996679165042614,0.6495136948252614,10000,20260903,3,89,3,0
G_surface,Transfer-All,delta_RMSD_1step,epoch_200,200,all,A(alpha=1)-A(alpha=0) in Transfer-All,True,0.6705948106061063,0.6514978745718797,0.6898564279354636,0.6705948106061063,0.6514978745718797,0.6898564279354636,10000,20260903,3,89,3,0
G_surface,Transfer-All,delta_RMSD_1step,AULC_25_200,,all,AULC of A(alpha=1)-A(alpha=0) in Transfer-All,True,0.6686071257230544,0.6494699666027469,0.6881648179820579,0.6686071257230544,0.6494699666027469,0.6881648179820579,10000,20260903,3,89,3,0
G_surface,Transfer-All,median_delta_RMSD_1step,epoch_25,25,all,A(alpha=1)-A(alpha=0) in Transfer-All,True,0.6018635263600649,0.5758417126659361,0.6274375842251905,0.6018635263600649,0.5758417126659361,0.6274375842251905,10000,20260903,3,89,3,0
G_surface,Transfer-All,median_delta_RMSD_1step,epoch_200,200,all,A(alpha=1)-A(alpha=0) in Transfer-All,True,0.6442345329694533,0.6238174810681106,0.6645547989487813,0.6442345329694533,0.6238174810681106,0.6645547989487813,10000,20260903,3,89,3,0
G_surface,Transfer-All,median_delta_RMSD_1step,AULC_25_200,,all,AULC of A(alpha=1)-A(alpha=0) in Transfer-All,True,0.6415675747518677,0.6209799494620615,0.6623441235071839,0.6415675747518677,0.6209799494620615,0.6623441235071839,10000,20260903,3,89,3,0
G_surface,Transfer-All,one_step_improvement_fraction,epoch_25,25,all,A(alpha=1)-A(alpha=0) in Transfer-All,True,0.503183520599251,0.48820224719101124,0.5185393258426966,0.503183520599251,0.48820224719101124,0.5185393258426966,10000,20260903,3,89,3,0
G_surface,Transfer-All,one_step_improvement_fraction,epoch_200,200,all,A(alpha=1)-A(alpha=0) in Transfer-All,True,0.47359550561797753,0.45711610486891385,0.49026217228464414,0.47359550561797753,0.45711610486891385,0.49026217228464414,10000,20260903,3,89,3,0
G_surface,Transfer-All,one_step_improvement_fraction,AULC_25_200,,all,AULC of A(alpha=1)-A(alpha=0) in Transfer-All,True,0.48614232209737834,0.4714282370251472,0.500990168539326,0.48614232209737834,0.4714282370251472,0.500990168539326,10000,20260903,3,89,3,0
G_surface,Transfer-NonSurface,combined_alignment,epoch_25,25,all,A(alpha=1)-A(alpha=0) in Transfer-NonSurface,True,0.34542998783327067,0.3293115072136204,0.36357697938833256,0.34542998783327067,0.3293115072136204,0.36357697938833256,10000,20260903,3,89,3,0
G_surface,Transfer-NonSurface,combined_alignment,epoch_200,200,all,A(alpha=1)-A(alpha=0) in Transfer-NonSurface,True,0.47539247495890685,0.4601128811240725,0.49142359740682817,0.47539247495890685,0.4601128811240725,0.49142359740682817,10000,20260903,3,89,3,0
G_surface,Transfer-NonSurface,combined_alignment,AULC_25_200,,all,AULC of A(alpha=1)-A(alpha=0) in Transfer-NonSurface,True,0.4477557393100202,0.43417450270810953,0.4621583130896587,0.4477557393100202,0.43417450270810953,0.4621583130896587,10000,20260903,3,89,3,0
G_surface,Transfer-NonSurface,translation_cosine,epoch_25,25,all,A(alpha=1)-A(alpha=0) in Transfer-NonSurface,True,0.6001061061587118,0.5743192247222146,0.6270497528095871,0.6001061061587118,0.5743192247222146,0.6270497528095871,10000,20260903,3,89,3,0
G_surface,Transfer-NonSurface,translation_cosine,epoch_200,200,all,A(alpha=1)-A(alpha=0) in Transfer-NonSurface,True,0.7177414465938946,0.6963996164730513,0.7397654203282867,0.7177414465938946,0.6963996164730513,0.7397654203282867,10000,20260903,3,89,3,0
G_surface,Transfer-NonSurface,translation_cosine,AULC_25_200,,all,AULC of A(alpha=1)-A(alpha=0) in Transfer-NonSurface,True,0.7020311971934762,0.6813456951087181,0.7234913441182954,0.7020311971934762,0.6813456951087181,0.7234913441182954,10000,20260903,3,89,3,0
G_surface,Transfer-NonSurface,rotation_cosine,epoch_25,25,all,A(alpha=1)-A(alpha=0) in Transfer-NonSurface,True,0.40050445936129003,0.372055133773987,0.42944234201433834,0.40050445936129003,0.372055133773987,0.42944234201433834,10000,20260903,3,89,3,0
G_surface,Transfer-NonSurface,rotation_cosine,epoch_200,200,all,A(alpha=1)-A(alpha=0) in Transfer-NonSurface,True,0.6280741325336272,0.6041437342784699,0.6530434678542734,0.6280741325336272,0.6041437342784699,0.6530434678542734,10000,20260903,3,89,3,0
G_surface,Transfer-NonSurface,rotation_cosine,AULC_25_200,,all,AULC of A(alpha=1)-A(alpha=0) in Transfer-NonSurface,True,0.5764194913695294,0.5565777504625674,0.5965406720848877,0.5764194913695294,0.5565777504625674,0.5965406720848877,10000,20260903,3,89,3,0
G_surface,Transfer-NonSurface,torsion_cosine,epoch_25,25,all,A(alpha=1)-A(alpha=0) in Transfer-NonSurface,True,0.0014846222103949416,-0.01287068652601134,0.016356520272892583,0.0014846222103949416,-0.01287068652601134,0.016356520272892583,10000,20260903,3,83,2,0
G_surface,Transfer-NonSurface,torsion_cosine,epoch_200,200,all,A(alpha=1)-A(alpha=0) in Transfer-NonSurface,True,0.03862604621368222,0.01587250516841486,0.06020397690676866,0.03862604621368222,0.01587250516841486,0.06020397690676866,10000,20260903,3,83,3,0
G_surface,Transfer-NonSurface,torsion_cosine,AULC_25_200,,all,AULC of A(alpha=1)-A(alpha=0) in Transfer-NonSurface,True,0.025237007420174356,0.006326992039022093,0.04273653392537134,0.025237007420174356,0.006326992039022093,0.04273653392537134,10000,20260903,3,83,3,0
G_surface,Transfer-NonSurface,delta_RMSD_1step,epoch_25,25,all,A(alpha=1)-A(alpha=0) in Transfer-NonSurface,True,0.44639895927172707,0.41719595182756924,0.4814252557432688,0.44639895927172707,0.41719595182756924,0.4814252557432688,10000,20260903,3,89,3,0
G_surface,Transfer-NonSurface,delta_RMSD_1step,epoch_200,200,all,A(alpha=1)-A(alpha=0) in Transfer-NonSurface,True,0.644761280023968,0.6175168688493684,0.6725776277235004,0.644761280023968,0.6175168688493684,0.6725776277235004,10000,20260903,3,89,3,0
G_surface,Transfer-NonSurface,delta_RMSD_1step,AULC_25_200,,all,AULC of A(alpha=1)-A(alpha=0) in Transfer-NonSurface,True,0.6035954145596717,0.5858810035313996,0.6220883215541679,0.6035954145596717,0.5858810035313996,0.6220883215541679,10000,20260903,3,89,3,0
G_surface,Transfer-NonSurface,median_delta_RMSD_1step,epoch_25,25,all,A(alpha=1)-A(alpha=0) in Transfer-NonSurface,True,0.43836362765471093,0.4106049938553779,0.47160837274340567,0.43836362765471093,0.4106049938553779,0.47160837274340567,10000,20260903,3,89,3,0
G_surface,Transfer-NonSurface,median_delta_RMSD_1step,epoch_200,200,all,A(alpha=1)-A(alpha=0) in Transfer-NonSurface,True,0.6265028103404893,0.5986329992016831,0.654185499810458,0.6265028103404893,0.5986329992016831,0.654185499810458,10000,20260903,3,89,3,0
G_surface,Transfer-NonSurface,median_delta_RMSD_1step,AULC_25_200,,all,AULC of A(alpha=1)-A(alpha=0) in Transfer-NonSurface,True,0.5861811437979855,0.5670118901557248,0.60560347396387,0.5861811437979855,0.5670118901557248,0.60560347396387,10000,20260903,3,89,3,0
G_surface,Transfer-NonSurface,one_step_improvement_fraction,epoch_25,25,all,A(alpha=1)-A(alpha=0) in Transfer-NonSurface,True,0.4333333333333334,0.41760299625468167,0.44887640449438204,0.4333333333333334,0.41760299625468167,0.44887640449438204,10000,20260903,3,89,3,0
G_surface,Transfer-NonSurface,one_step_improvement_fraction,epoch_200,200,all,A(alpha=1)-A(alpha=0) in Transfer-NonSurface,True,0.48089887640449436,0.46329588014981277,0.4983146067415731,0.48089887640449436,0.46329588014981277,0.4983146067415731,10000,20260903,3,89,3,0
G_surface,Transfer-NonSurface,one_step_improvement_fraction,AULC_25_200,,all,AULC of A(alpha=1)-A(alpha=0) in Transfer-NonSurface,True,0.4744515783841627,0.4606072766185126,0.48797485286249326,0.4744515783841627,0.4606072766185126,0.48797485286249326,10000,20260903,3,89,3,0
DeltaG_surface,Transfer-All-minus-Transfer-NonSurface,combined_alignment,epoch_25,25,all,G_surface(Transfer-All)-G_surface(Transfer-NonSurface),True,0.15489265091761872,0.13707725621982694,0.17116398514846423,0.15489265091761872,0.13707725621982694,0.17116398514846423,10000,20260903,3,89,3,0
DeltaG_surface,Transfer-All-minus-Transfer-NonSurface,combined_alignment,epoch_200,200,all,G_surface(Transfer-All)-G_surface(Transfer-NonSurface),True,0.018067219963329984,0.007029774740106812,0.029315073404465788,0.018067219963329984,0.007029774740106812,0.029315073404465788,10000,20260903,3,89,3,0
DeltaG_surface,Transfer-All-minus-Transfer-NonSurface,combined_alignment,AULC_25_200,,all,AULC of G_surface(Transfer-All)-G_surface(Transfer-NonSurface),True,0.050412557400027765,0.04010355928164315,0.06089843770133405,0.050412557400027765,0.04010355928164315,0.06089843770133405,10000,20260903,3,89,3,0
DeltaG_surface,Transfer-All-minus-Transfer-NonSurface,translation_cosine,epoch_25,25,all,G_surface(Transfer-All)-G_surface(Transfer-NonSurface),True,0.16067472591792942,0.13720484865021304,0.18392142181243895,0.16067472591792942,0.13720484865021304,0.18392142181243895,10000,20260903,3,89,3,0
DeltaG_surface,Transfer-All-minus-Transfer-NonSurface,translation_cosine,epoch_200,200,all,G_surface(Transfer-All)-G_surface(Transfer-NonSurface),True,0.03566790635716791,0.018623365708748816,0.05276759066799961,0.03566790635716791,0.018623365708748816,0.05276759066799961,10000,20260903,3,89,3,0
DeltaG_surface,Transfer-All-minus-Transfer-NonSurface,translation_cosine,AULC_25_200,,all,AULC of G_surface(Transfer-All)-G_surface(Transfer-NonSurface),True,0.05908821494465266,0.04177894400369611,0.076165842395421,0.05908821494465266,0.04177894400369611,0.076165842395421,10000,20260903,3,89,3,0
DeltaG_surface,Transfer-All-minus-Transfer-NonSurface,rotation_cosine,epoch_25,25,all,G_surface(Transfer-All)-G_surface(Transfer-NonSurface),True,0.24835361429726976,0.217451119617453,0.2791549503096712,0.24835361429726976,0.217451119617453,0.2791549503096712,10000,20260903,3,89,3,0
DeltaG_surface,Transfer-All-minus-Transfer-NonSurface,rotation_cosine,epoch_200,200,all,G_surface(Transfer-All)-G_surface(Transfer-NonSurface),True,0.011545638947942416,-0.00786177331857788,0.031139096874226203,0.011545638947942416,-0.00786177331857788,0.031139096874226203,10000,20260903,3,89,3,0
DeltaG_surface,Transfer-All-minus-Transfer-NonSurface,rotation_cosine,AULC_25_200,,all,AULC of G_surface(Transfer-All)-G_surface(Transfer-NonSurface),True,0.06936781407210117,0.05096991660006188,0.0882772463371682,0.06936781407210117,0.05096991660006188,0.0882772463371682,10000,20260903,3,89,3,0
DeltaG_surface,Transfer-All-minus-Transfer-NonSurface,torsion_cosine,epoch_25,25,all,G_surface(Transfer-All)-G_surface(Transfer-NonSurface),True,0.054619381234662624,0.03564444742972554,0.07278516234354207,0.054619381234662624,0.03564444742972554,0.07278516234354207,10000,20260903,3,83,3,0
DeltaG_surface,Transfer-All-minus-Transfer-NonSurface,torsion_cosine,epoch_200,200,all,G_surface(Transfer-All)-G_surface(Transfer-NonSurface),True,0.007092220916551575,-0.01619048007250789,0.03181589255954204,0.007092220916551575,-0.01619048007250789,0.03181589255954204,10000,20260903,3,83,2,0
DeltaG_surface,Transfer-All-minus-Transfer-NonSurface,torsion_cosine,AULC_25_200,,all,AULC of G_surface(Transfer-All)-G_surface(Transfer-NonSurface),True,0.02176789977741757,0.002561022517441554,0.041059808639222616,0.02176789977741757,0.002561022517441554,0.041059808639222616,10000,20260903,3,83,3,0
DeltaG_surface,Transfer-All-minus-Transfer-NonSurface,delta_RMSD_1step,epoch_25,25,all,G_surface(Transfer-All)-G_surface(Transfer-NonSurface),True,0.17878835385708544,0.15431960896682032,0.2095597552977849,0.17878835385708544,0.15431960896682032,0.2095597552977849,10000,20260903,3,89,3,0
DeltaG_surface,Transfer-All-minus-Transfer-NonSurface,delta_RMSD_1step,epoch_200,200,all,G_surface(Transfer-All)-G_surface(Transfer-NonSurface),True,0.025833530582138137,0.005315396823391177,0.04563048387087176,0.025833530582138137,0.005315396823391177,0.04563048387087176,10000,20260903,3,89,3,0
DeltaG_surface,Transfer-All-minus-Transfer-NonSurface,delta_RMSD_1step,AULC_25_200,,all,AULC of G_surface(Transfer-All)-G_surface(Transfer-NonSurface),True,0.0650117111633827,0.05718777183089365,0.07261053799124513,0.0650117111633827,0.05718777183089365,0.07261053799124513,10000,20260903,3,89,3,0
DeltaG_surface,Transfer-All-minus-Transfer-NonSurface,median_delta_RMSD_1step,epoch_25,25,all,G_surface(Transfer-All)-G_surface(Transfer-NonSurface),True,0.16349989870535397,0.1360804033120758,0.19529763937330363,0.16349989870535397,0.1360804033120758,0.19529763937330363,10000,20260903,3,89,3,0
DeltaG_surface,Transfer-All-minus-Transfer-NonSurface,median_delta_RMSD_1step,epoch_200,200,all,G_surface(Transfer-All)-G_surface(Transfer-NonSurface),True,0.017731722628964105,-0.0018777272887805817,0.037828457809462805,0.017731722628964105,-0.0018777272887805817,0.037828457809462805,10000,20260903,3,89,2,0
DeltaG_surface,Transfer-All-minus-Transfer-NonSurface,median_delta_RMSD_1step,AULC_25_200,,all,AULC of G_surface(Transfer-All)-G_surface(Transfer-NonSurface),True,0.05538643095388208,0.045165516517854026,0.06549864770702019,0.05538643095388208,0.045165516517854026,0.06549864770702019,10000,20260903,3,89,3,0
DeltaG_surface,Transfer-All-minus-Transfer-NonSurface,one_step_improvement_fraction,epoch_25,25,all,G_surface(Transfer-All)-G_surface(Transfer-NonSurface),True,0.0698501872659176,0.053932584269662916,0.08632958801498126,0.0698501872659176,0.053932584269662916,0.08632958801498126,10000,20260903,3,89,3,0
DeltaG_surface,Transfer-All-minus-Transfer-NonSurface,one_step_improvement_fraction,epoch_200,200,all,G_surface(Transfer-All)-G_surface(Transfer-NonSurface),True,-0.007303370786516858,-0.02228464419475656,0.007865168539325838,-0.007303370786516858,-0.02228464419475656,0.007865168539325838,10000,20260903,3,89,0,0
DeltaG_surface,Transfer-All-minus-Transfer-NonSurface,one_step_improvement_fraction,AULC_25_200,,all,AULC of G_surface(Transfer-All)-G_surface(Transfer-NonSurface),True,0.011690743713215622,0.0001334269662921333,0.02342161583734617,0.011690743713215622,0.0001334269662921333,0.02342161583734617,10000,20260903,3,89,3,0
G_chem,Transfer-All,combined_alignment,epoch_25,25,all,A(true)-mean[A(shuffle)] in Transfer-All,True,0.0028637403617155777,6.20290787033026e-05,0.005908378293422626,0.0028637403617155777,6.20290787033026e-05,0.005908378293422626,10000,20260903,3,89,3,0
G_chem,Transfer-All,combined_alignment,epoch_200,200,all,A(true)-mean[A(shuffle)] in Transfer-All,True,0.0015338549886651214,-0.0013931971433847827,0.004446694088140174,0.0015338549886651214,-0.0013931971433847827,0.004446694088140174,10000,20260903,3,89,3,0
G_chem,Transfer-All,combined_alignment,AULC_25_200,,all,AULC of A(true)-mean[A(shuffle)] in Transfer-All,True,0.0019271345958147288,-0.00042733254564994953,0.004248335374427265,0.0019271345958147288,-0.00042733254564994953,0.004248335374427265,10000,20260903,3,89,3,0
G_chem,Transfer-All,translation_cosine,epoch_25,25,all,A(true)-mean[A(shuffle)] in Transfer-All,True,-0.0023736638913248575,-0.005577741748966676,0.0007745649266230867,-0.0023736638913248575,-0.005577741748966676,0.0007745649266230867,10000,20260903,3,89,0,0
G_chem,Transfer-All,translation_cosine,epoch_200,200,all,A(true)-mean[A(shuffle)] in Transfer-All,True,-0.0014189863845936919,-0.00595144494247542,0.002918028671545825,-0.0014189863845936919,-0.00595144494247542,0.002918028671545825,10000,20260903,3,89,1,0
G_chem,Transfer-All,translation_cosine,AULC_25_200,,all,AULC of A(true)-mean[A(shuffle)] in Transfer-All,True,-0.0008246015875812992,-0.0040905366731990725,0.002367265408872538,-0.0008246015875812992,-0.0040905366731990725,0.002367265408872538,10000,20260903,3,89,0,0
G_chem,Transfer-All,rotation_cosine,epoch_25,25,all,A(true)-mean[A(shuffle)] in Transfer-All,True,0.01064252802227933,0.004049375173554871,0.017805718722776892,0.01064252802227933,0.004049375173554871,0.017805718722776892,10000,20260903,3,89,3,0
G_chem,Transfer-All,rotation_cosine,epoch_200,200,all,A(true)-mean[A(shuffle)] in Transfer-All,True,0.00595994745531359,-0.0006832457939593343,0.012446117813685069,0.00595994745531359,-0.0006832457939593343,0.012446117813685069,10000,20260903,3,89,3,0
G_chem,Transfer-All,rotation_cosine,AULC_25_200,,all,AULC of A(true)-mean[A(shuffle)] in Transfer-All,True,0.005411959371688099,-6.481683013994252e-05,0.010903258110962431,0.005411959371688099,-6.481683013994252e-05,0.010903258110962431,10000,20260903,3,89,3,0
G_chem,Transfer-All,torsion_cosine,epoch_25,25,all,A(true)-mean[A(shuffle)] in Transfer-All,True,0.000782168745600336,-0.0020575195709063793,0.003612254335290174,0.000782168745600336,-0.0020575195709063793,0.003612254335290174,10000,20260903,3,83,2,0
G_chem,Transfer-All,torsion_cosine,epoch_200,200,all,A(true)-mean[A(shuffle)] in Transfer-All,True,0.00018996063849005852,-0.005294063734492223,0.0054700066580298376,0.00018996063849005852,-0.005294063734492223,0.0054700066580298376,10000,20260903,3,83,1,0
G_chem,Transfer-All,torsion_cosine,AULC_25_200,,all,AULC of A(true)-mean[A(shuffle)] in Transfer-All,True,0.0018737933167063915,-0.0020891046189239213,0.005747476640925615,0.0018737933167063915,-0.0020891046189239213,0.005747476640925615,10000,20260903,3,83,3,0
G_chem,Transfer-All,delta_RMSD_1step,epoch_25,25,all,A(true)-mean[A(shuffle)] in Transfer-All,True,0.0043615365351987795,0.0023196208763236296,0.006339670264088965,0.0043615365351987795,0.0023196208763236296,0.006339670264088965,10000,20260903,3,89,3,0
G_chem,Transfer-All,delta_RMSD_1step,epoch_200,200,all,A(true)-mean[A(shuffle)] in Transfer-All,True,0.005689606541185184,0.001639363066819083,0.009733716338977717,0.005689606541185184,0.001639363066819083,0.009733716338977717,10000,20260903,3,89,3,0
G_chem,Transfer-All,delta_RMSD_1step,AULC_25_200,,all,AULC of A(true)-mean[A(shuffle)] in Transfer-All,True,0.004828296300694846,0.0015746779553732092,0.008064614488904108,0.004828296300694846,0.0015746779553732092,0.008064614488904108,10000,20260903,3,89,3,0
G_chem,Transfer-All,median_delta_RMSD_1step,epoch_25,25,all,A(true)-mean[A(shuffle)] in Transfer-All,True,0.003051953168235423,-0.00017133795692613466,0.006048888718887731,0.003051953168235423,-0.00017133795692613466,0.006048888718887731,10000,20260903,3,89,3,0
G_chem,Transfer-All,median_delta_RMSD_1step,epoch_200,200,all,A(true)-mean[A(shuffle)] in Transfer-All,True,0.0015778610706598344,-0.003415206326948572,0.006281600386409591,0.0015778610706598344,-0.003415206326948572,0.006281600386409591,10000,20260903,3,89,2,0
G_chem,Transfer-All,median_delta_RMSD_1step,AULC_25_200,,all,AULC of A(true)-mean[A(shuffle)] in Transfer-All,True,0.0020714604989697655,-0.0020758334386743117,0.006043926632857286,0.0020714604989697655,-0.0020758334386743117,0.006043926632857286,10000,20260903,3,89,2,0
G_chem,Transfer-All,one_step_improvement_fraction,epoch_25,25,all,A(true)-mean[A(shuffle)] in Transfer-All,True,0.0006866416978776483,-0.001373283395755311,0.002746566791510606,0.0006866416978776483,-0.001373283395755311,0.002746566791510606,10000,20260903,3,89,2,0
G_chem,Transfer-All,one_step_improvement_fraction,epoch_200,200,all,A(true)-mean[A(shuffle)] in Transfer-All,True,0.003995006242197245,-2.8198291502726494e-18,0.007677902621722838,0.003995006242197245,-2.8198291502726494e-18,0.007677902621722838,10000,20260903,3,89,3,0
G_chem,Transfer-All,one_step_improvement_fraction,AULC_25_200,,all,AULC of A(true)-mean[A(shuffle)] in Transfer-All,True,0.0015560906010344143,-0.00036115569823435607,0.003424514000356688,0.0015560906010344143,-0.00036115569823435607,0.003424514000356688,10000,20260903,3,89,3,0
G_chem,Transfer-NonSurface,combined_alignment,epoch_25,25,all,A(true)-mean[A(shuffle)] in Transfer-NonSurface,True,0.001571983808597079,-8.119851290931776e-05,0.003387541710380332,0.001571983808597079,-8.119851290931776e-05,0.003387541710380332,10000,20260903,3,89,3,0
G_chem,Transfer-NonSurface,combined_alignment,epoch_200,200,all,A(true)-mean[A(shuffle)] in Transfer-NonSurface,True,0.0039672229748651975,0.0017552066673421438,0.006169821147894197,0.0039672229748651975,0.0017552066673421438,0.006169821147894197,10000,20260903,3,89,3,0
G_chem,Transfer-NonSurface,combined_alignment,AULC_25_200,,all,AULC of A(true)-mean[A(shuffle)] in Transfer-NonSurface,True,0.0025553826445657703,0.0007251215976647052,0.004367322554479707,0.0025553826445657703,0.0007251215976647052,0.004367322554479707,10000,20260903,3,89,3,0
G_chem,Transfer-NonSurface,translation_cosine,epoch_25,25,all,A(true)-mean[A(shuffle)] in Transfer-NonSurface,True,0.005003043780650268,0.0014022168526884513,0.008624669541480393,0.005003043780650268,0.0014022168526884513,0.008624669541480393,10000,20260903,3,89,3,0
G_chem,Transfer-NonSurface,translation_cosine,epoch_200,200,all,A(true)-mean[A(shuffle)] in Transfer-NonSurface,True,0.004470922655415777,0.000191467946724168,0.008775436836622963,0.004470922655415777,0.000191467946724168,0.008775436836622963,10000,20260903,3,89,3,0
G_chem,Transfer-NonSurface,translation_cosine,AULC_25_200,,all,AULC of A(true)-mean[A(shuffle)] in Transfer-NonSurface,True,0.0035869561412757256,0.00014301596775007704,0.006962304710068412,0.0035869561412757256,0.00014301596775007704,0.006962304710068412,10000,20260903,3,89,3,0
G_chem,Transfer-NonSurface,rotation_cosine,epoch_25,25,all,A(true)-mean[A(shuffle)] in Transfer-NonSurface,True,-0.0004073868938180827,-0.0031732943289893177,0.0022399299353768384,-0.0004073868938180827,-0.0031732943289893177,0.0022399299353768384,10000,20260903,3,89,2,0
G_chem,Transfer-NonSurface,rotation_cosine,epoch_200,200,all,A(true)-mean[A(shuffle)] in Transfer-NonSurface,True,0.0067849054889086964,0.0022866534780113853,0.011209062934623393,0.0067849054889086964,0.0022866534780113853,0.011209062934623393,10000,20260903,3,89,3,0
G_chem,Transfer-NonSurface,rotation_cosine,AULC_25_200,,all,AULC of A(true)-mean[A(shuffle)] in Transfer-NonSurface,True,0.00443831389284691,0.0009731465535889702,0.008287219472796339,0.00443831389284691,0.0009731465535889702,0.008287219472796339,10000,20260903,3,89,3,0
G_chem,Transfer-NonSurface,torsion_cosine,epoch_25,25,all,A(true)-mean[A(shuffle)] in Transfer-NonSurface,True,0.00026995931678570987,-0.000666292680833282,0.0014133226727544895,0.00026995931678570987,-0.000666292680833282,0.0014133226727544895,10000,20260903,3,83,2,0
G_chem,Transfer-NonSurface,torsion_cosine,epoch_200,200,all,A(true)-mean[A(shuffle)] in Transfer-NonSurface,True,0.00043660779393427915,-0.0015509948165378306,0.002367700523037629,0.00043660779393427915,-0.0015509948165378306,0.002367700523037629,10000,20260903,3,83,3,0
G_chem,Transfer-NonSurface,torsion_cosine,AULC_25_200,,all,AULC of A(true)-mean[A(shuffle)] in Transfer-NonSurface,True,-0.00015820566535828186,-0.0015174035265769913,0.001101394247381283,-0.00015820566535828186,-0.0015174035265769913,0.001101394247381283,10000,20260903,3,83,1,0
G_chem,Transfer-NonSurface,delta_RMSD_1step,epoch_25,25,all,A(true)-mean[A(shuffle)] in Transfer-NonSurface,True,0.0011965522043392521,0.0004367175900237955,0.0020171690726329436,0.0011965522043392521,0.0004367175900237955,0.0020171690726329436,10000,20260903,3,89,3,0
G_chem,Transfer-NonSurface,delta_RMSD_1step,epoch_200,200,all,A(true)-mean[A(shuffle)] in Transfer-NonSurface,True,0.008535446180770139,0.006376128148557236,0.010761996505837335,0.008535446180770139,0.006376128148557236,0.010761996505837335,10000,20260903,3,89,3,0
G_chem,Transfer-NonSurface,delta_RMSD_1step,AULC_25_200,,all,AULC of A(true)-mean[A(shuffle)] in Transfer-NonSurface,True,0.004714704195111426,0.003227466597395603,0.006317210505139694,0.004714704195111426,0.003227466597395603,0.006317210505139694,10000,20260903,3,89,3,0
G_chem,Transfer-NonSurface,median_delta_RMSD_1step,epoch_25,25,all,A(true)-mean[A(shuffle)] in Transfer-NonSurface,True,0.0007026757171227637,-0.00013671573297545418,0.0015498441761055096,0.0007026757171227637,-0.00013671573297545418,0.0015498441761055096,10000,20260903,3,89,3,0
G_chem,Transfer-NonSurface,median_delta_RMSD_1step,epoch_200,200,all,A(true)-mean[A(shuffle)] in Transfer-NonSurface,True,0.009154899594958507,0.006282558558718398,0.012144565465012596,0.009154899594958507,0.006282558558718398,0.012144565465012596,10000,20260903,3,89,3,0
G_chem,Transfer-NonSurface,median_delta_RMSD_1step,AULC_25_200,,all,AULC of A(true)-mean[A(shuffle)] in Transfer-NonSurface,True,0.005535334803481011,0.003439104927020478,0.007821448488547107,0.005535334803481011,0.003439104927020478,0.007821448488547107,10000,20260903,3,89,3,0
G_chem,Transfer-NonSurface,one_step_improvement_fraction,epoch_25,25,all,A(true)-mean[A(shuffle)] in Transfer-NonSurface,True,0.0013732833957552871,-0.0019975031210986457,0.004931335830212217,0.0013732833957552871,-0.0019975031210986457,0.004931335830212217,10000,20260903,3,89,2,0
G_chem,Transfer-NonSurface,one_step_improvement_fraction,epoch_200,200,all,A(true)-mean[A(shuffle)] in Transfer-NonSurface,True,0.0016229712858926244,-0.0027465667915106216,0.0054931335830212145,0.0016229712858926244,-0.0027465667915106216,0.0054931335830212145,10000,20260903,3,89,2,0
G_chem,Transfer-NonSurface,one_step_improvement_fraction,AULC_25_200,,all,AULC of A(true)-mean[A(shuffle)] in Transfer-NonSurface,True,1.783484929551166e-05,-0.0015248796147672666,0.0016675584091314314,1.783484929551166e-05,-0.0015248796147672666,0.0016675584091314314,10000,20260903,3,89,1,0
M_chem,Transfer-All-minus-Transfer-NonSurface,combined_alignment,epoch_25,25,all,G_chem(Transfer-All)-G_chem(Transfer-NonSurface),True,0.0012917565531184985,-0.0021951725788303487,0.0048375917217347115,0.0012917565531184985,-0.0021951725788303487,0.0048375917217347115,10000,20260903,3,89,2,0
M_chem,Transfer-All-minus-Transfer-NonSurface,combined_alignment,epoch_200,200,all,G_chem(Transfer-All)-G_chem(Transfer-NonSurface),True,-0.0024333679862000765,-0.005737022399500399,0.0008607696607532781,-0.0024333679862000765,-0.005737022399500399,0.0008607696607532781,10000,20260903,3,89,0,0
M_chem,Transfer-All-minus-Transfer-NonSurface,combined_alignment,AULC_25_200,,all,AULC of G_chem(Transfer-All)-G_chem(Transfer-NonSurface),True,-0.0006282480487510414,-0.0033360041728904815,0.0021125718975197193,-0.0006282480487510414,-0.0033360041728904815,0.0021125718975197193,10000,20260903,3,89,1,0
M_chem,Transfer-All-minus-Transfer-NonSurface,translation_cosine,epoch_25,25,all,G_chem(Transfer-All)-G_chem(Transfer-NonSurface),True,-0.0073767076719751246,-0.011717522024364243,-0.0029794688387852386,-0.0073767076719751246,-0.011717522024364243,-0.0029794688387852386,10000,20260903,3,89,0,0
M_chem,Transfer-All-minus-Transfer-NonSurface,translation_cosine,epoch_200,200,all,G_chem(Transfer-All)-G_chem(Transfer-NonSurface),True,-0.005889909040009469,-0.011064453435912034,-0.0007792089310604075,-0.005889909040009469,-0.011064453435912034,-0.0007792089310604075,10000,20260903,3,89,0,0
M_chem,Transfer-All-minus-Transfer-NonSurface,translation_cosine,AULC_25_200,,all,AULC of G_chem(Transfer-All)-G_chem(Transfer-NonSurface),True,-0.004411557728857024,-0.008578319941770657,-0.00020007014206544876,-0.004411557728857024,-0.008578319941770657,-0.00020007014206544876,10000,20260903,3,89,0,0
M_chem,Transfer-All-minus-Transfer-NonSurface,rotation_cosine,epoch_25,25,all,G_chem(Transfer-All)-G_chem(Transfer-NonSurface),True,0.011049914916097409,0.004075237462093817,0.01848316136505253,0.011049914916097409,0.004075237462093817,0.01848316136505253,10000,20260903,3,89,3,0
M_chem,Transfer-All-minus-Transfer-NonSurface,rotation_cosine,epoch_200,200,all,G_chem(Transfer-All)-G_chem(Transfer-NonSurface),True,-0.0008249580335951069,-0.007774630161970192,0.0059987219202910416,-0.0008249580335951069,-0.007774630161970192,0.0059987219202910416,10000,20260903,3,89,1,0
M_chem,Transfer-All-minus-Transfer-NonSurface,rotation_cosine,AULC_25_200,,all,AULC of G_chem(Transfer-All)-G_chem(Transfer-NonSurface),True,0.0009736454788411877,-0.004704931010046253,0.006477744987908875,0.0009736454788411877,-0.004704931010046253,0.006477744987908875,10000,20260903,3,89,2,0
M_chem,Transfer-All-minus-Transfer-NonSurface,torsion_cosine,epoch_25,25,all,G_chem(Transfer-All)-G_chem(Transfer-NonSurface),True,0.0005122094288146262,-0.0023758504150595446,0.003526225962018357,0.0005122094288146262,-0.0023758504150595446,0.003526225962018357,10000,20260903,3,83,3,0
M_chem,Transfer-All-minus-Transfer-NonSurface,torsion_cosine,epoch_200,200,all,G_chem(Transfer-All)-G_chem(Transfer-NonSurface),True,-0.00024664715544422044,-0.005917883080178333,0.005171508214842461,-0.00024664715544422044,-0.005917883080178333,0.005171508214842461,10000,20260903,3,83,1,0
M_chem,Transfer-All-minus-Transfer-NonSurface,torsion_cosine,AULC_25_200,,all,AULC of G_chem(Transfer-All)-G_chem(Transfer-NonSurface),True,0.002031998982064673,-0.0020171145243772,0.006126227952110904,0.002031998982064673,-0.0020171145243772,0.006126227952110904,10000,20260903,3,83,3,0
M_chem,Transfer-All-minus-Transfer-NonSurface,delta_RMSD_1step,epoch_25,25,all,G_chem(Transfer-All)-G_chem(Transfer-NonSurface),True,0.0031649843308595277,0.0011763706358543674,0.005120001606989852,0.0031649843308595277,0.0011763706358543674,0.005120001606989852,10000,20260903,3,89,3,0
M_chem,Transfer-All-minus-Transfer-NonSurface,delta_RMSD_1step,epoch_200,200,all,G_chem(Transfer-All)-G_chem(Transfer-NonSurface),True,-0.002845839639584955,-0.006380140005572743,0.0008245373314756077,-0.002845839639584955,-0.006380140005572743,0.0008245373314756077,10000,20260903,3,89,0,0
M_chem,Transfer-All-minus-Transfer-NonSurface,delta_RMSD_1step,AULC_25_200,,all,AULC of G_chem(Transfer-All)-G_chem(Transfer-NonSurface),True,0.00011359210558341969,-0.002833032832794739,0.0031352093949188397,0.00011359210558341969,-0.002833032832794739,0.0031352093949188397,10000,20260903,3,89,1,0
M_chem,Transfer-All-minus-Transfer-NonSurface,median_delta_RMSD_1step,epoch_25,25,all,G_chem(Transfer-All)-G_chem(Transfer-NonSurface),True,0.00234927745111266,-0.0008462953207205537,0.005353343602466806,0.00234927745111266,-0.0008462953207205537,0.005353343602466806,10000,20260903,3,89,3,0
M_chem,Transfer-All-minus-Transfer-NonSurface,median_delta_RMSD_1step,epoch_200,200,all,G_chem(Transfer-All)-G_chem(Transfer-NonSurface),True,-0.007577038524298672,-0.0126672748656528,-0.0027691424545396625,-0.007577038524298672,-0.0126672748656528,-0.0027691424545396625,10000,20260903,3,89,0,0
M_chem,Transfer-All-minus-Transfer-NonSurface,median_delta_RMSD_1step,AULC_25_200,,all,AULC of G_chem(Transfer-All)-G_chem(Transfer-NonSurface),True,-0.003463874304511246,-0.007641723785879223,0.0007018388595978184,-0.003463874304511246,-0.007641723785879223,0.0007018388595978184,10000,20260903,3,89,0,0
M_chem,Transfer-All-minus-Transfer-NonSurface,one_step_improvement_fraction,epoch_25,25,all,G_chem(Transfer-All)-G_chem(Transfer-NonSurface),True,-0.000686641697877639,-0.005430711610486877,0.0038701622971286016,-0.000686641697877639,-0.005430711610486877,0.0038701622971286016,10000,20260903,3,89,2,0
M_chem,Transfer-All-minus-Transfer-NonSurface,one_step_improvement_fraction,epoch_200,200,all,G_chem(Transfer-All)-G_chem(Transfer-NonSurface),True,0.0023720349563046196,-0.0021223470661672927,0.007178526841448189,0.0023720349563046196,-0.0021223470661672927,0.007178526841448189,10000,20260903,3,89,3,0
M_chem,Transfer-All-minus-Transfer-NonSurface,one_step_improvement_fraction,AULC_25_200,,all,AULC of G_chem(Transfer-All)-G_chem(Transfer-NonSurface),True,0.0015382557517389026,-0.0008963126449081475,0.0038255751738897822,0.0015382557517389026,-0.0008963126449081475,0.0038255751738897822,10000,20260903,3,89,3,0
DeltaG_surface_epoch_x_noise,Transfer-All-minus-Transfer-NonSurface,combined_alignment,epoch_x_noise,25,0.1,paired Surface-path interaction,True,0.2434583070621277,0.21144578909528516,0.2732905842041406,0.2434583070621277,0.21144578909528516,0.2732905842041406,10000,20260903,3,89,3,0
DeltaG_surface_epoch_x_noise,Transfer-All-minus-Transfer-NonSurface,combined_alignment,epoch_x_noise,25,0.3,paired Surface-path interaction,True,0.18103900782777782,0.15535464936060647,0.20524023652791692,0.18103900782777782,0.15535464936060647,0.20524023652791692,10000,20260903,3,89,3,0
DeltaG_surface_epoch_x_noise,Transfer-All-minus-Transfer-NonSurface,combined_alignment,epoch_x_noise,25,0.6,paired Surface-path interaction,True,0.12251151259744798,0.10451890776482058,0.1400790979031144,0.12251151259744798,0.10451890776482058,0.1400790979031144,10000,20260903,3,89,3,0
DeltaG_surface_epoch_x_noise,Transfer-All-minus-Transfer-NonSurface,combined_alignment,epoch_x_noise,25,0.9,paired Surface-path interaction,True,0.0725617761831213,0.048475228390593456,0.09670752432032863,0.0725617761831213,0.048475228390593456,0.09670752432032863,10000,20260903,3,89,3,0
DeltaG_surface_epoch_x_noise,Transfer-All-minus-Transfer-NonSurface,combined_alignment,epoch_x_noise,50,0.1,paired Surface-path interaction,True,0.15157902125614495,0.12910165135603788,0.17450217022979456,0.15157902125614495,0.12910165135603788,0.17450217022979456,10000,20260903,3,89,3,0
DeltaG_surface_epoch_x_noise,Transfer-All-minus-Transfer-NonSurface,combined_alignment,epoch_x_noise,50,0.3,paired Surface-path interaction,True,0.10978547203870477,0.08842962092652414,0.1318056523746877,0.10978547203870477,0.08842962092652414,0.1318056523746877,10000,20260903,3,89,3,0
DeltaG_surface_epoch_x_noise,Transfer-All-minus-Transfer-NonSurface,combined_alignment,epoch_x_noise,50,0.6,paired Surface-path interaction,True,0.054612777203078354,0.03607931742434494,0.07329556998516483,0.054612777203078354,0.03607931742434494,0.07329556998516483,10000,20260903,3,89,3,0
DeltaG_surface_epoch_x_noise,Transfer-All-minus-Transfer-NonSurface,combined_alignment,epoch_x_noise,50,0.9,paired Surface-path interaction,True,0.023165619574841274,-0.007948529051412473,0.0543380676793873,0.023165619574841274,-0.007948529051412473,0.0543380676793873,10000,20260903,3,89,3,0
DeltaG_surface_epoch_x_noise,Transfer-All-minus-Transfer-NonSurface,combined_alignment,epoch_x_noise,75,0.1,paired Surface-path interaction,True,0.11682297168337595,0.09461780947863195,0.14014623053045216,0.11682297168337595,0.09461780947863195,0.14014623053045216,10000,20260903,3,89,3,0
DeltaG_surface_epoch_x_noise,Transfer-All-minus-Transfer-NonSurface,combined_alignment,epoch_x_noise,75,0.3,paired Surface-path interaction,True,0.07417734561893655,0.05449006009148307,0.09438485842827077,0.07417734561893655,0.05449006009148307,0.09438485842827077,10000,20260903,3,89,3,0
DeltaG_surface_epoch_x_noise,Transfer-All-minus-Transfer-NonSurface,combined_alignment,epoch_x_noise,75,0.6,paired Surface-path interaction,True,0.042840968800890215,0.027123896804458314,0.058785578460356064,0.042840968800890215,0.027123896804458314,0.058785578460356064,10000,20260903,3,89,3,0
DeltaG_surface_epoch_x_noise,Transfer-All-minus-Transfer-NonSurface,combined_alignment,epoch_x_noise,75,0.9,paired Surface-path interaction,True,0.005283217682804907,-0.021213794561771915,0.03337411715945764,0.005283217682804907,-0.021213794561771915,0.03337411715945764,10000,20260903,3,89,2,0
DeltaG_surface_epoch_x_noise,Transfer-All-minus-Transfer-NonSurface,combined_alignment,epoch_x_noise,100,0.1,paired Surface-path interaction,True,0.08907334788497911,0.06954211381155609,0.10940384503606489,0.08907334788497911,0.06954211381155609,0.10940384503606489,10000,20260903,3,89,3,0
DeltaG_surface_epoch_x_noise,Transfer-All-minus-Transfer-NonSurface,combined_alignment,epoch_x_noise,100,0.3,paired Surface-path interaction,True,0.05676789942957846,0.036449466723969655,0.0776175300928257,0.05676789942957846,0.036449466723969655,0.0776175300928257,10000,20260903,3,89,3,0
DeltaG_surface_epoch_x_noise,Transfer-All-minus-Transfer-NonSurface,combined_alignment,epoch_x_noise,100,0.6,paired Surface-path interaction,True,0.03376560005001634,0.017634123194463325,0.05017792366772328,0.03376560005001634,0.017634123194463325,0.05017792366772328,10000,20260903,3,89,3,0
DeltaG_surface_epoch_x_noise,Transfer-All-minus-Transfer-NonSurface,combined_alignment,epoch_x_noise,100,0.9,paired Surface-path interaction,True,-0.006652981788150467,-0.03355844999038983,0.02310866994697764,-0.006652981788150467,-0.03355844999038983,0.02310866994697764,10000,20260903,3,89,1,0
DeltaG_surface_epoch_x_noise,Transfer-All-minus-Transfer-NonSurface,combined_alignment,epoch_x_noise,125,0.1,paired Surface-path interaction,True,0.07946144739062695,0.05982097952375004,0.09948952635810437,0.07946144739062695,0.05982097952375004,0.09948952635810437,10000,20260903,3,89,3,0
DeltaG_surface_epoch_x_noise,Transfer-All-minus-Transfer-NonSurface,combined_alignment,epoch_x_noise,125,0.3,paired Surface-path interaction,True,0.05324983324784841,0.0347834815010954,0.07212323315226217,0.05324983324784841,0.0347834815010954,0.07212323315226217,10000,20260903,3,89,3,0
DeltaG_surface_epoch_x_noise,Transfer-All-minus-Transfer-NonSurface,combined_alignment,epoch_x_noise,125,0.6,paired Surface-path interaction,True,0.029383090109835402,0.0073419234615710914,0.04926514931507241,0.029383090109835402,0.0073419234615710914,0.04926514931507241,10000,20260903,3,89,3,0
DeltaG_surface_epoch_x_noise,Transfer-All-minus-Transfer-NonSurface,combined_alignment,epoch_x_noise,125,0.9,paired Surface-path interaction,True,-0.03383687858929838,-0.05728530369226962,-0.011204034404026477,-0.03383687858929838,-0.05728530369226962,-0.011204034404026477,10000,20260903,3,89,0,0
DeltaG_surface_epoch_x_noise,Transfer-All-minus-Transfer-NonSurface,combined_alignment,epoch_x_noise,150,0.1,paired Surface-path interaction,True,0.0760874530828176,0.05681987098673547,0.0962259556772557,0.0760874530828176,0.05681987098673547,0.0962259556772557,10000,20260903,3,89,3,0
DeltaG_surface_epoch_x_noise,Transfer-All-minus-Transfer-NonSurface,combined_alignment,epoch_x_noise,150,0.3,paired Surface-path interaction,True,0.0473350848854964,0.02736637624860253,0.06790520684793354,0.0473350848854964,0.02736637624860253,0.06790520684793354,10000,20260903,3,89,3,0
DeltaG_surface_epoch_x_noise,Transfer-All-minus-Transfer-NonSurface,combined_alignment,epoch_x_noise,150,0.6,paired Surface-path interaction,True,0.0282017982269701,0.01033516638909531,0.04496309027528738,0.0282017982269701,0.01033516638909531,0.04496309027528738,10000,20260903,3,89,3,0
DeltaG_surface_epoch_x_noise,Transfer-All-minus-Transfer-NonSurface,combined_alignment,epoch_x_noise,150,0.9,paired Surface-path interaction,True,-0.0490436574136503,-0.07172191864456572,-0.026778768501856266,-0.0490436574136503,-0.07172191864456572,-0.026778768501856266,10000,20260903,3,89,0,0
DeltaG_surface_epoch_x_noise,Transfer-All-minus-Transfer-NonSurface,combined_alignment,epoch_x_noise,175,0.1,paired Surface-path interaction,True,0.0692222934748663,0.05056709332621644,0.08800740508123282,0.0692222934748663,0.05056709332621644,0.08800740508123282,10000,20260903,3,89,3,0
DeltaG_surface_epoch_x_noise,Transfer-All-minus-Transfer-NonSurface,combined_alignment,epoch_x_noise,175,0.3,paired Surface-path interaction,True,0.042082759516928935,0.021268009144308715,0.06233802047175312,0.042082759516928935,0.021268009144308715,0.06233802047175312,10000,20260903,3,89,3,0
DeltaG_surface_epoch_x_noise,Transfer-All-minus-Transfer-NonSurface,combined_alignment,epoch_x_noise,175,0.6,paired Surface-path interaction,True,0.022393943130056715,0.00360520678794048,0.03978253149298821,0.022393943130056715,0.00360520678794048,0.03978253149298821,10000,20260903,3,89,3,0
DeltaG_surface_epoch_x_noise,Transfer-All-minus-Transfer-NonSurface,combined_alignment,epoch_x_noise,175,0.9,paired Surface-path interaction,True,-0.05012656105881849,-0.07096471495706343,-0.02935347895035162,-0.05012656105881849,-0.07096471495706343,-0.02935347895035162,10000,20260903,3,89,0,0
DeltaG_surface_epoch_x_noise,Transfer-All-minus-Transfer-NonSurface,combined_alignment,epoch_x_noise,200,0.1,paired Surface-path interaction,True,0.06315883297921882,0.04346991795567754,0.084015846574261,0.06315883297921882,0.04346991795567754,0.084015846574261,10000,20260903,3,89,3,0
DeltaG_surface_epoch_x_noise,Transfer-All-minus-Transfer-NonSurface,combined_alignment,epoch_x_noise,200,0.3,paired Surface-path interaction,True,0.04032215555453558,0.018391288154647505,0.06303707861828936,0.04032215555453558,0.018391288154647505,0.06303707861828936,10000,20260903,3,89,3,0
DeltaG_surface_epoch_x_noise,Transfer-All-minus-Transfer-NonSurface,combined_alignment,epoch_x_noise,200,0.6,paired Surface-path interaction,True,0.02668580300336615,0.009808427023313276,0.04336020454654376,0.02668580300336615,0.009808427023313276,0.04336020454654376,10000,20260903,3,89,3,0
DeltaG_surface_epoch_x_noise,Transfer-All-minus-Transfer-NonSurface,combined_alignment,epoch_x_noise,200,0.9,paired Surface-path interaction,True,-0.057897911683800596,-0.07795633043009541,-0.03844164802022771,-0.057897911683800596,-0.07795633043009541,-0.03844164802022771,10000,20260903,3,89,0,0
DeltaG_surface_epoch_x_noise,Transfer-All-minus-Transfer-NonSurface,delta_RMSD_1step,epoch_x_noise,25,0.1,paired Surface-path interaction,True,0.04173264082826036,0.03806214265744689,0.04579597039480635,0.04173264082826036,0.03806214265744689,0.04579597039480635,10000,20260903,3,89,3,0
DeltaG_surface_epoch_x_noise,Transfer-All-minus-Transfer-NonSurface,delta_RMSD_1step,epoch_x_noise,25,0.3,paired Surface-path interaction,True,0.12336456599638694,0.1088712242983216,0.141437297302858,0.12336456599638694,0.1088712242983216,0.141437297302858,10000,20260903,3,89,3,0
DeltaG_surface_epoch_x_noise,Transfer-All-minus-Transfer-NonSurface,delta_RMSD_1step,epoch_x_noise,25,0.6,paired Surface-path interaction,True,0.30585691738040266,0.26514885194977433,0.3564734580683787,0.30585691738040266,0.26514885194977433,0.3564734580683787,10000,20260903,3,89,3,0
DeltaG_surface_epoch_x_noise,Transfer-All-minus-Transfer-NonSurface,delta_RMSD_1step,epoch_x_noise,25,0.9,paired Surface-path interaction,True,0.24419929122329165,0.18926811147413994,0.30290274566588626,0.24419929122329165,0.18926811147413994,0.30290274566588626,10000,20260903,3,89,3,0
DeltaG_surface_epoch_x_noise,Transfer-All-minus-Transfer-NonSurface,delta_RMSD_1step,epoch_x_noise,50,0.1,paired Surface-path interaction,True,0.02607288698393924,0.02355304316605564,0.028655900300630217,0.02607288698393924,0.02355304316605564,0.028655900300630217,10000,20260903,3,89,3,0
DeltaG_surface_epoch_x_noise,Transfer-All-minus-Transfer-NonSurface,delta_RMSD_1step,epoch_x_noise,50,0.3,paired Surface-path interaction,True,0.05981393652231124,0.05250503393712243,0.06729040723882454,0.05981393652231124,0.05250503393712243,0.06729040723882454,10000,20260903,3,89,3,0
DeltaG_surface_epoch_x_noise,Transfer-All-minus-Transfer-NonSurface,delta_RMSD_1step,epoch_x_noise,50,0.6,paired Surface-path interaction,True,0.12455907206757467,0.10469612092849641,0.14468619433922508,0.12455907206757467,0.10469612092849641,0.14468619433922508,10000,20260903,3,89,3,0
DeltaG_surface_epoch_x_noise,Transfer-All-minus-Transfer-NonSurface,delta_RMSD_1step,epoch_x_noise,50,0.9,paired Surface-path interaction,True,0.13038671464309548,0.0794014314138439,0.17780079419786646,0.13038671464309548,0.0794014314138439,0.17780079419786646,10000,20260903,3,89,3,0
DeltaG_surface_epoch_x_noise,Transfer-All-minus-Transfer-NonSurface,delta_RMSD_1step,epoch_x_noise,75,0.1,paired Surface-path interaction,True,0.019154627335154283,0.016634061033326993,0.021720867397924924,0.019154627335154283,0.016634061033326993,0.021720867397924924,10000,20260903,3,89,3,0
DeltaG_surface_epoch_x_noise,Transfer-All-minus-Transfer-NonSurface,delta_RMSD_1step,epoch_x_noise,75,0.3,paired Surface-path interaction,True,0.03472201805859856,0.02794867253608244,0.041492369209643505,0.03472201805859856,0.02794867253608244,0.041492369209643505,10000,20260903,3,89,3,0
DeltaG_surface_epoch_x_noise,Transfer-All-minus-Transfer-NonSurface,delta_RMSD_1step,epoch_x_noise,75,0.6,paired Surface-path interaction,True,0.06734477668301114,0.04397357604017557,0.09131477240257627,0.06734477668301114,0.04397357604017557,0.09131477240257627,10000,20260903,3,89,3,0
DeltaG_surface_epoch_x_noise,Transfer-All-minus-Transfer-NonSurface,delta_RMSD_1step,epoch_x_noise,75,0.9,paired Surface-path interaction,True,0.09071882667390023,0.06513129695477746,0.11497811815147817,0.09071882667390023,0.06513129695477746,0.11497811815147817,10000,20260903,3,89,3,0
DeltaG_surface_epoch_x_noise,Transfer-All-minus-Transfer-NonSurface,delta_RMSD_1step,epoch_x_noise,100,0.1,paired Surface-path interaction,True,0.016930351908686067,0.014373592633203501,0.019555301259184005,0.016930351908686067,0.014373592633203501,0.019555301259184005,10000,20260903,3,89,3,0
DeltaG_surface_epoch_x_noise,Transfer-All-minus-Transfer-NonSurface,delta_RMSD_1step,epoch_x_noise,100,0.3,paired Surface-path interaction,True,0.03907094783538283,0.03281439813361127,0.04572195457108797,0.03907094783538283,0.03281439813361127,0.04572195457108797,10000,20260903,3,89,3,0
DeltaG_surface_epoch_x_noise,Transfer-All-minus-Transfer-NonSurface,delta_RMSD_1step,epoch_x_noise,100,0.6,paired Surface-path interaction,True,0.10043835584395328,0.0794055531032754,0.12104631851895616,0.10043835584395328,0.0794055531032754,0.12104631851895616,10000,20260903,3,89,3,0
DeltaG_surface_epoch_x_noise,Transfer-All-minus-Transfer-NonSurface,delta_RMSD_1step,epoch_x_noise,100,0.9,paired Surface-path interaction,True,0.13017073985939073,0.10376656852432219,0.15909944419407462,0.13017073985939073,0.10376656852432219,0.15909944419407462,10000,20260903,3,89,3,0
DeltaG_surface_epoch_x_noise,Transfer-All-minus-Transfer-NonSurface,delta_RMSD_1step,epoch_x_noise,125,0.1,paired Surface-path interaction,True,0.015014529788498735,0.01222217880312096,0.01787579666249729,0.015014529788498735,0.01222217880312096,0.01787579666249729,10000,20260903,3,89,3,0
DeltaG_surface_epoch_x_noise,Transfer-All-minus-Transfer-NonSurface,delta_RMSD_1step,epoch_x_noise,125,0.3,paired Surface-path interaction,True,0.03245941009684017,0.024085188006026586,0.040713365981610385,0.03245941009684017,0.024085188006026586,0.040713365981610385,10000,20260903,3,89,3,0
DeltaG_surface_epoch_x_noise,Transfer-All-minus-Transfer-NonSurface,delta_RMSD_1step,epoch_x_noise,125,0.6,paired Surface-path interaction,True,0.053568504233115176,0.029489197856239584,0.07557281414124627,0.053568504233115176,0.029489197856239584,0.07557281414124627,10000,20260903,3,89,3,0
DeltaG_surface_epoch_x_noise,Transfer-All-minus-Transfer-NonSurface,delta_RMSD_1step,epoch_x_noise,125,0.9,paired Surface-path interaction,True,0.08261670476437445,0.01517637067909735,0.1577809899341853,0.08261670476437445,0.01517637067909735,0.1577809899341853,10000,20260903,3,89,3,0
DeltaG_surface_epoch_x_noise,Transfer-All-minus-Transfer-NonSurface,delta_RMSD_1step,epoch_x_noise,150,0.1,paired Surface-path interaction,True,0.01393036870553357,0.011264535771888542,0.01665999809287727,0.01393036870553357,0.011264535771888542,0.01665999809287727,10000,20260903,3,89,3,0
DeltaG_surface_epoch_x_noise,Transfer-All-minus-Transfer-NonSurface,delta_RMSD_1step,epoch_x_noise,150,0.3,paired Surface-path interaction,True,0.033537441962479736,0.02456668777829549,0.04158254830801627,0.033537441962479736,0.02456668777829549,0.04158254830801627,10000,20260903,3,89,3,0
DeltaG_surface_epoch_x_noise,Transfer-All-minus-Transfer-NonSurface,delta_RMSD_1step,epoch_x_noise,150,0.6,paired Surface-path interaction,True,0.07092081684755289,0.05057920126998869,0.09072612349543735,0.07092081684755289,0.05057920126998869,0.09072612349543735,10000,20260903,3,89,3,0
DeltaG_surface_epoch_x_noise,Transfer-All-minus-Transfer-NonSurface,delta_RMSD_1step,epoch_x_noise,150,0.9,paired Surface-path interaction,True,0.11420297948129414,0.06994270073598624,0.16741179983636129,0.11420297948129414,0.06994270073598624,0.16741179983636129,10000,20260903,3,89,3,0
DeltaG_surface_epoch_x_noise,Transfer-All-minus-Transfer-NonSurface,delta_RMSD_1step,epoch_x_noise,175,0.1,paired Surface-path interaction,True,0.011479969834317575,0.008442442580685786,0.01451292993103196,0.011479969834317575,0.008442442580685786,0.01451292993103196,10000,20260903,3,89,3,0
DeltaG_surface_epoch_x_noise,Transfer-All-minus-Transfer-NonSurface,delta_RMSD_1step,epoch_x_noise,175,0.3,paired Surface-path interaction,True,0.024994528156762216,0.015996943765378593,0.03315704910819839,0.024994528156762216,0.015996943765378593,0.03315704910819839,10000,20260903,3,89,3,0
DeltaG_surface_epoch_x_noise,Transfer-All-minus-Transfer-NonSurface,delta_RMSD_1step,epoch_x_noise,175,0.6,paired Surface-path interaction,True,0.03939205584269347,-0.002893172175202932,0.08972392300300808,0.03939205584269347,-0.002893172175202932,0.08972392300300808,10000,20260903,3,89,3,0
DeltaG_surface_epoch_x_noise,Transfer-All-minus-Transfer-NonSurface,delta_RMSD_1step,epoch_x_noise,175,0.9,paired Surface-path interaction,True,0.07958357956780858,0.034239374884372786,0.12499206199353223,0.07958357956780858,0.034239374884372786,0.12499206199353223,10000,20260903,3,89,3,0
DeltaG_surface_epoch_x_noise,Transfer-All-minus-Transfer-NonSurface,delta_RMSD_1step,epoch_x_noise,200,0.1,paired Surface-path interaction,True,0.011743012991614574,0.0075863271864743025,0.015830025719076057,0.011743012991614574,0.0075863271864743025,0.015830025719076057,10000,20260903,3,89,3,0
DeltaG_surface_epoch_x_noise,Transfer-All-minus-Transfer-NonSurface,delta_RMSD_1step,epoch_x_noise,200,0.3,paired Surface-path interaction,True,0.026713063455469786,0.010814945845829467,0.03991220579776606,0.026713063455469786,0.010814945845829467,0.03991220579776606,10000,20260903,3,89,3,0
DeltaG_surface_epoch_x_noise,Transfer-All-minus-Transfer-NonSurface,delta_RMSD_1step,epoch_x_noise,200,0.6,paired Surface-path interaction,True,0.03954619228094541,-0.0012880367216735005,0.07365728695113531,0.03954619228094541,-0.0012880367216735005,0.07365728695113531,10000,20260903,3,89,2,0
DeltaG_surface_epoch_x_noise,Transfer-All-minus-Transfer-NonSurface,delta_RMSD_1step,epoch_x_noise,200,0.9,paired Surface-path interaction,True,0.02533185360052279,-0.011626036346207194,0.06949546760658293,0.02533185360052279,-0.011626036346207194,0.06949546760658293,10000,20260903,3,89,3,0
M_chem_epoch_x_noise,Transfer-All-minus-Transfer-NonSurface,combined_alignment,epoch_x_noise,25,0.1,paired shuffled-chemistry sensitivity interaction,True,-0.0013664219411405546,-0.006403137431545764,0.0036187026634148765,-0.0013664219411405546,-0.006403137431545764,0.0036187026634148765,10000,20260903,3,89,1,0
M_chem_epoch_x_noise,Transfer-All-minus-Transfer-NonSurface,combined_alignment,epoch_x_noise,25,0.3,paired shuffled-chemistry sensitivity interaction,True,-0.003865524372745408,-0.008802570349605352,0.0004333136835787126,-0.003865524372745408,-0.008802570349605352,0.0004333136835787126,10000,20260903,3,89,0,0
M_chem_epoch_x_noise,Transfer-All-minus-Transfer-NonSurface,combined_alignment,epoch_x_noise,25,0.6,paired shuffled-chemistry sensitivity interaction,True,-0.004607971210204102,-0.008325241262997246,-0.001049241984402869,-0.004607971210204102,-0.008325241262997246,-0.001049241984402869,10000,20260903,3,89,0,0
M_chem_epoch_x_noise,Transfer-All-minus-Transfer-NonSurface,combined_alignment,epoch_x_noise,25,0.9,paired shuffled-chemistry sensitivity interaction,True,0.015006943736564056,0.007695348813803147,0.02299842897638656,0.015006943736564056,0.007695348813803147,0.02299842897638656,10000,20260903,3,89,3,0
M_chem_epoch_x_noise,Transfer-All-minus-Transfer-NonSurface,combined_alignment,epoch_x_noise,50,0.1,paired shuffled-chemistry sensitivity interaction,True,0.001100418612561726,-0.005892585541714819,0.008012690346898403,0.001100418612561726,-0.005892585541714819,0.008012690346898403,10000,20260903,3,89,2,0
M_chem_epoch_x_noise,Transfer-All-minus-Transfer-NonSurface,combined_alignment,epoch_x_noise,50,0.3,paired shuffled-chemistry sensitivity interaction,True,-0.002505183469005085,-0.009521482726828005,0.0037720222673474726,-0.002505183469005085,-0.009521482726828005,0.0037720222673474726,10000,20260903,3,89,2,0
M_chem_epoch_x_noise,Transfer-All-minus-Transfer-NonSurface,combined_alignment,epoch_x_noise,50,0.6,paired shuffled-chemistry sensitivity interaction,True,-0.0002879102386787628,-0.005904626886245237,0.006284312454002366,-0.0002879102386787628,-0.005904626886245237,0.006284312454002366,10000,20260903,3,89,1,0
M_chem_epoch_x_noise,Transfer-All-minus-Transfer-NonSurface,combined_alignment,epoch_x_noise,50,0.9,paired shuffled-chemistry sensitivity interaction,True,0.006149763586192888,-0.0006072655347773771,0.01275129875177195,0.006149763586192888,-0.0006072655347773771,0.01275129875177195,10000,20260903,3,89,3,0
M_chem_epoch_x_noise,Transfer-All-minus-Transfer-NonSurface,combined_alignment,epoch_x_noise,75,0.1,paired shuffled-chemistry sensitivity interaction,True,0.0005545180979655937,-0.00477012041493706,0.006011918109825316,0.0005545180979655937,-0.00477012041493706,0.006011918109825316,10000,20260903,3,89,2,0
M_chem_epoch_x_noise,Transfer-All-minus-Transfer-NonSurface,combined_alignment,epoch_x_noise,75,0.3,paired shuffled-chemistry sensitivity interaction,True,-0.0027798062856579566,-0.0076066560201609205,0.0018898475219210791,-0.0027798062856579566,-0.0076066560201609205,0.0018898475219210791,10000,20260903,3,89,0,0
M_chem_epoch_x_noise,Transfer-All-minus-Transfer-NonSurface,combined_alignment,epoch_x_noise,75,0.6,paired shuffled-chemistry sensitivity interaction,True,0.0003808007493249577,-0.003676268122793774,0.004612304809057365,0.0003808007493249577,-0.003676268122793774,0.004612304809057365,10000,20260903,3,89,2,0
M_chem_epoch_x_noise,Transfer-All-minus-Transfer-NonSurface,combined_alignment,epoch_x_noise,75,0.9,paired shuffled-chemistry sensitivity interaction,True,0.006048751311820223,-0.001381904091616828,0.013329542003663047,0.006048751311820223,-0.001381904091616828,0.013329542003663047,10000,20260903,3,89,3,0
M_chem_epoch_x_noise,Transfer-All-minus-Transfer-NonSurface,combined_alignment,epoch_x_noise,100,0.1,paired shuffled-chemistry sensitivity interaction,True,-0.0034572236244129542,-0.008975904807929577,0.0021092794847313245,-0.0034572236244129542,-0.008975904807929577,0.0021092794847313245,10000,20260903,3,89,0,0
M_chem_epoch_x_noise,Transfer-All-minus-Transfer-NonSurface,combined_alignment,epoch_x_noise,100,0.3,paired shuffled-chemistry sensitivity interaction,True,-0.0018971822562635387,-0.006331787459680677,0.0025371006065982226,-0.0018971822562635387,-0.006331787459680677,0.0025371006065982226,10000,20260903,3,89,1,0
M_chem_epoch_x_noise,Transfer-All-minus-Transfer-NonSurface,combined_alignment,epoch_x_noise,100,0.6,paired shuffled-chemistry sensitivity interaction,True,0.0009402308487303708,-0.0032569122609892574,0.005163786798452679,0.0009402308487303708,-0.0032569122609892574,0.005163786798452679,10000,20260903,3,89,2,0
M_chem_epoch_x_noise,Transfer-All-minus-Transfer-NonSurface,combined_alignment,epoch_x_noise,100,0.9,paired shuffled-chemistry sensitivity interaction,True,-0.0013504044377730389,-0.008956482666783302,0.006538344353214738,-0.0013504044377730389,-0.008956482666783302,0.006538344353214738,10000,20260903,3,89,1,0
M_chem_epoch_x_noise,Transfer-All-minus-Transfer-NonSurface,combined_alignment,epoch_x_noise,125,0.1,paired shuffled-chemistry sensitivity interaction,True,-0.00037749834633693334,-0.005986345891508963,0.005288399344699814,-0.00037749834633693334,-0.005986345891508963,0.005288399344699814,10000,20260903,3,89,0,0
M_chem_epoch_x_noise,Transfer-All-minus-Transfer-NonSurface,combined_alignment,epoch_x_noise,125,0.3,paired shuffled-chemistry sensitivity interaction,True,-0.0004051753504542681,-0.004773695501474911,0.004014273406016345,-0.0004051753504542681,-0.004773695501474911,0.004014273406016345,10000,20260903,3,89,1,0
M_chem_epoch_x_noise,Transfer-All-minus-Transfer-NonSurface,combined_alignment,epoch_x_noise,125,0.6,paired shuffled-chemistry sensitivity interaction,True,-0.0008078832118529095,-0.005870529139335269,0.004062191607470302,-0.0008078832118529095,-0.005870529139335269,0.004062191607470302,10000,20260903,3,89,2,0
M_chem_epoch_x_noise,Transfer-All-minus-Transfer-NonSurface,combined_alignment,epoch_x_noise,125,0.9,paired shuffled-chemistry sensitivity interaction,True,-0.005809874959234765,-0.013392474334556323,0.0018822463965432574,-0.005809874959234765,-0.013392474334556323,0.0018822463965432574,10000,20260903,3,89,0,0
M_chem_epoch_x_noise,Transfer-All-minus-Transfer-NonSurface,combined_alignment,epoch_x_noise,150,0.1,paired shuffled-chemistry sensitivity interaction,True,0.0015354955960694896,-0.004593218885308455,0.007329398077875644,0.0015354955960694896,-0.004593218885308455,0.007329398077875644,10000,20260903,3,89,2,0
M_chem_epoch_x_noise,Transfer-All-minus-Transfer-NonSurface,combined_alignment,epoch_x_noise,150,0.3,paired shuffled-chemistry sensitivity interaction,True,0.002496900089783823,-0.0022170693115906095,0.007098858528938345,0.002496900089783823,-0.0022170693115906095,0.007098858528938345,10000,20260903,3,89,3,0
M_chem_epoch_x_noise,Transfer-All-minus-Transfer-NonSurface,combined_alignment,epoch_x_noise,150,0.6,paired shuffled-chemistry sensitivity interaction,True,0.00039974668765416894,-0.00394478974170531,0.00478456885750309,0.00039974668765416894,-0.00394478974170531,0.00478456885750309,10000,20260903,3,89,1,0
M_chem_epoch_x_noise,Transfer-All-minus-Transfer-NonSurface,combined_alignment,epoch_x_noise,150,0.9,paired shuffled-chemistry sensitivity interaction,True,-0.008745040507690765,-0.01658997171948694,-0.0008278244014138551,-0.008745040507690765,-0.01658997171948694,-0.0008278244014138551,10000,20260903,3,89,0,0
M_chem_epoch_x_noise,Transfer-All-minus-Transfer-NonSurface,combined_alignment,epoch_x_noise,175,0.1,paired shuffled-chemistry sensitivity interaction,True,0.0005614625648802462,-0.005865911307213674,0.007027144733599982,0.0005614625648802462,-0.005865911307213674,0.007027144733599982,10000,20260903,3,89,1,0
M_chem_epoch_x_noise,Transfer-All-minus-Transfer-NonSurface,combined_alignment,epoch_x_noise,175,0.3,paired shuffled-chemistry sensitivity interaction,True,0.0015849362248208704,-0.0029564524399204773,0.006211872619403662,0.0015849362248208704,-0.0029564524399204773,0.006211872619403662,10000,20260903,3,89,3,0
M_chem_epoch_x_noise,Transfer-All-minus-Transfer-NonSurface,combined_alignment,epoch_x_noise,175,0.6,paired shuffled-chemistry sensitivity interaction,True,-0.0012807664153741828,-0.005465777328811872,0.0029184035995925357,-0.0012807664153741828,-0.005465777328811872,0.0029184035995925357,10000,20260903,3,89,0,0
M_chem_epoch_x_noise,Transfer-All-minus-Transfer-NonSurface,combined_alignment,epoch_x_noise,175,0.9,paired shuffled-chemistry sensitivity interaction,True,-0.007356797765935213,-0.015099575401144975,0.0005623911446265751,-0.007356797765935213,-0.015099575401144975,0.0005623911446265751,10000,20260903,3,89,0,0
M_chem_epoch_x_noise,Transfer-All-minus-Transfer-NonSurface,combined_alignment,epoch_x_noise,200,0.1,paired shuffled-chemistry sensitivity interaction,True,-0.0010618696852234641,-0.007318303138115185,0.0048893687181249335,-0.0010618696852234641,-0.007318303138115185,0.0048893687181249335,10000,20260903,3,89,1,0
M_chem_epoch_x_noise,Transfer-All-minus-Transfer-NonSurface,combined_alignment,epoch_x_noise,200,0.3,paired shuffled-chemistry sensitivity interaction,True,0.0003419569367931712,-0.004713225238956335,0.005240380580053705,0.0003419569367931712,-0.004713225238956335,0.005240380580053705,10000,20260903,3,89,2,0
M_chem_epoch_x_noise,Transfer-All-minus-Transfer-NonSurface,combined_alignment,epoch_x_noise,200,0.6,paired shuffled-chemistry sensitivity interaction,True,-0.001171441157674002,-0.005673093885457021,0.0033548558019459887,-0.001171441157674002,-0.005673093885457021,0.0033548558019459887,10000,20260903,3,89,0,0
M_chem_epoch_x_noise,Transfer-All-minus-Transfer-NonSurface,combined_alignment,epoch_x_noise,200,0.9,paired shuffled-chemistry sensitivity interaction,True,-0.00784211803869601,-0.015401140178080194,-0.00032833971391837096,-0.00784211803869601,-0.015401140178080194,-0.00032833971391837096,10000,20260903,3,89,0,0
M_chem_epoch_x_noise,Transfer-All-minus-Transfer-NonSurface,delta_RMSD_1step,epoch_x_noise,25,0.1,paired shuffled-chemistry sensitivity interaction,True,-2.256267614705078e-05,-0.0002935761722407146,0.00024684646202616846,-2.256267614705078e-05,-0.0002935761722407146,0.00024684646202616846,10000,20260903,3,89,0,0
M_chem_epoch_x_noise,Transfer-All-minus-Transfer-NonSurface,delta_RMSD_1step,epoch_x_noise,25,0.3,paired shuffled-chemistry sensitivity interaction,True,-0.00043637851576745675,-0.0013062633324215425,0.0004188248857481325,-0.00043637851576745675,-0.0013062633324215425,0.0004188248857481325,10000,20260903,3,89,0,0
M_chem_epoch_x_noise,Transfer-All-minus-Transfer-NonSurface,delta_RMSD_1step,epoch_x_noise,25,0.6,paired shuffled-chemistry sensitivity interaction,True,-0.0016001009492420289,-0.005785204521991079,0.0024183476546668,-0.0016001009492420289,-0.005785204521991079,0.0024183476546668,10000,20260903,3,89,0,0
M_chem_epoch_x_noise,Transfer-All-minus-Transfer-NonSurface,delta_RMSD_1step,epoch_x_noise,25,0.9,paired shuffled-chemistry sensitivity interaction,True,0.014718979464594648,0.008870952673658172,0.020604001546061963,0.014718979464594648,0.008870952673658172,0.020604001546061963,10000,20260903,3,89,3,0
M_chem_epoch_x_noise,Transfer-All-minus-Transfer-NonSurface,delta_RMSD_1step,epoch_x_noise,50,0.1,paired shuffled-chemistry sensitivity interaction,True,0.00014579722558681813,-0.00018600563157317822,0.000488844819355146,0.00014579722558681813,-0.00018600563157317822,0.000488844819355146,10000,20260903,3,89,3,0
M_chem_epoch_x_noise,Transfer-All-minus-Transfer-NonSurface,delta_RMSD_1step,epoch_x_noise,50,0.3,paired shuffled-chemistry sensitivity interaction,True,-0.0002669730481088813,-0.0012407860268835757,0.0007201132944656306,-0.0002669730481088813,-0.0012407860268835757,0.0007201132944656306,10000,20260903,3,89,0,0
M_chem_epoch_x_noise,Transfer-All-minus-Transfer-NonSurface,delta_RMSD_1step,epoch_x_noise,50,0.6,paired shuffled-chemistry sensitivity interaction,True,-0.001970671145910846,-0.006836059564142968,0.0026121811916746816,-0.001970671145910846,-0.006836059564142968,0.0026121811916746816,10000,20260903,3,89,0,0
M_chem_epoch_x_noise,Transfer-All-minus-Transfer-NonSurface,delta_RMSD_1step,epoch_x_noise,50,0.9,paired shuffled-chemistry sensitivity interaction,True,0.012687165326453203,0.005560662687903504,0.02002413829303632,0.012687165326453203,0.005560662687903504,0.02002413829303632,10000,20260903,3,89,3,0
M_chem_epoch_x_noise,Transfer-All-minus-Transfer-NonSurface,delta_RMSD_1step,epoch_x_noise,75,0.1,paired shuffled-chemistry sensitivity interaction,True,4.290940498924371e-05,-0.000435760768158449,0.0005366891112362814,4.290940498924371e-05,-0.000435760768158449,0.0005366891112362814,10000,20260903,3,89,1,0
M_chem_epoch_x_noise,Transfer-All-minus-Transfer-NonSurface,delta_RMSD_1step,epoch_x_noise,75,0.3,paired shuffled-chemistry sensitivity interaction,True,-0.00045459186616039873,-0.0016351295881263496,0.0006913686451318098,-0.00045459186616039873,-0.0016351295881263496,0.0006913686451318098,10000,20260903,3,89,0,0
M_chem_epoch_x_noise,Transfer-All-minus-Transfer-NonSurface,delta_RMSD_1step,epoch_x_noise,75,0.6,paired shuffled-chemistry sensitivity interaction,True,-0.0035266440465636186,-0.008773097754553589,0.0014225387262887653,-0.0035266440465636186,-0.008773097754553589,0.0014225387262887653,10000,20260903,3,89,0,0
M_chem_epoch_x_noise,Transfer-All-minus-Transfer-NonSurface,delta_RMSD_1step,epoch_x_noise,75,0.9,paired shuffled-chemistry sensitivity interaction,True,0.008372360186640566,0.00033969237281407204,0.01632877448876301,0.008372360186640566,0.00033969237281407204,0.01632877448876301,10000,20260903,3,89,3,0
M_chem_epoch_x_noise,Transfer-All-minus-Transfer-NonSurface,delta_RMSD_1step,epoch_x_noise,100,0.1,paired shuffled-chemistry sensitivity interaction,True,2.5392150588198798e-05,-0.0006089837273798953,0.0006617297859884043,2.5392150588198798e-05,-0.0006089837273798953,0.0006617297859884043,10000,20260903,3,89,2,0
M_chem_epoch_x_noise,Transfer-All-minus-Transfer-NonSurface,delta_RMSD_1step,epoch_x_noise,100,0.3,paired shuffled-chemistry sensitivity interaction,True,-0.00044351921521357994,-0.0018289498050482824,0.0009221720818528569,-0.00044351921521357994,-0.0018289498050482824,0.0009221720818528569,10000,20260903,3,89,1,0
M_chem_epoch_x_noise,Transfer-All-minus-Transfer-NonSurface,delta_RMSD_1step,epoch_x_noise,100,0.6,paired shuffled-chemistry sensitivity interaction,True,-0.003545809180674388,-0.01028386218600041,0.0035829280884147846,-0.003545809180674388,-0.01028386218600041,0.0035829280884147846,10000,20260903,3,89,1,0
M_chem_epoch_x_noise,Transfer-All-minus-Transfer-NonSurface,delta_RMSD_1step,epoch_x_noise,100,0.9,paired shuffled-chemistry sensitivity interaction,True,0.004376304210755628,-0.005077989277436116,0.013754778377511583,0.004376304210755628,-0.005077989277436116,0.013754778377511583,10000,20260903,3,89,2,0
M_chem_epoch_x_noise,Transfer-All-minus-Transfer-NonSurface,delta_RMSD_1step,epoch_x_noise,125,0.1,paired shuffled-chemistry sensitivity interaction,True,0.0003145143119523695,-0.0004934249600461836,0.0011342967461753666,0.0003145143119523695,-0.0004934249600461836,0.0011342967461753666,10000,20260903,3,89,2,0
M_chem_epoch_x_noise,Transfer-All-minus-Transfer-NonSurface,delta_RMSD_1step,epoch_x_noise,125,0.3,paired shuffled-chemistry sensitivity interaction,True,-0.00017741541546756386,-0.001687161486532602,0.0013345443998873374,-0.00017741541546756386,-0.001687161486532602,0.0013345443998873374,10000,20260903,3,89,1,0
M_chem_epoch_x_noise,Transfer-All-minus-Transfer-NonSurface,delta_RMSD_1step,epoch_x_noise,125,0.6,paired shuffled-chemistry sensitivity interaction,True,-0.004009372867146029,-0.011012422336345076,0.0035142176973082845,-0.004009372867146029,-0.011012422336345076,0.0035142176973082845,10000,20260903,3,89,1,0
M_chem_epoch_x_noise,Transfer-All-minus-Transfer-NonSurface,delta_RMSD_1step,epoch_x_noise,125,0.9,paired shuffled-chemistry sensitivity interaction,True,0.002651963579925457,-0.007123272117571935,0.012190356372618703,0.002651963579925457,-0.007123272117571935,0.012190356372618703,10000,20260903,3,89,2,0
M_chem_epoch_x_noise,Transfer-All-minus-Transfer-NonSurface,delta_RMSD_1step,epoch_x_noise,150,0.1,paired shuffled-chemistry sensitivity interaction,True,0.00038081554782136364,-0.00046086026491195576,0.0012083508492388244,0.00038081554782136364,-0.00046086026491195576,0.0012083508492388244,10000,20260903,3,89,2,0
M_chem_epoch_x_noise,Transfer-All-minus-Transfer-NonSurface,delta_RMSD_1step,epoch_x_noise,150,0.3,paired shuffled-chemistry sensitivity interaction,True,-0.0001295555277844265,-0.00178925618378708,0.0014084423428990817,-0.0001295555277844265,-0.00178925618378708,0.0014084423428990817,10000,20260903,3,89,2,0
M_chem_epoch_x_noise,Transfer-All-minus-Transfer-NonSurface,delta_RMSD_1step,epoch_x_noise,150,0.6,paired shuffled-chemistry sensitivity interaction,True,-0.0028502984244438982,-0.010257257716480426,0.004667940703327307,-0.0028502984244438982,-0.010257257716480426,0.004667940703327307,10000,20260903,3,89,1,0
M_chem_epoch_x_noise,Transfer-All-minus-Transfer-NonSurface,delta_RMSD_1step,epoch_x_noise,150,0.9,paired shuffled-chemistry sensitivity interaction,True,-0.0011997380957074163,-0.011002446477617663,0.0085596626375059,-0.0011997380957074163,-0.011002446477617663,0.0085596626375059,10000,20260903,3,89,1,0
M_chem_epoch_x_noise,Transfer-All-minus-Transfer-NonSurface,delta_RMSD_1step,epoch_x_noise,175,0.1,paired shuffled-chemistry sensitivity interaction,True,0.0003691288060486443,-0.0004647968539765395,0.0011540864055671423,0.0003691288060486443,-0.0004647968539765395,0.0011540864055671423,10000,20260903,3,89,2,0
M_chem_epoch_x_noise,Transfer-All-minus-Transfer-NonSurface,delta_RMSD_1step,epoch_x_noise,175,0.3,paired shuffled-chemistry sensitivity interaction,True,-0.0004305386386186001,-0.0023549447015188347,0.0012367432488218414,-0.0004305386386186001,-0.0023549447015188347,0.0012367432488218414,10000,20260903,3,89,2,0
M_chem_epoch_x_noise,Transfer-All-minus-Transfer-NonSurface,delta_RMSD_1step,epoch_x_noise,175,0.6,paired shuffled-chemistry sensitivity interaction,True,-0.0038962636169156055,-0.011493056834928028,0.00445641415200169,-0.0038962636169156055,-0.011493056834928028,0.00445641415200169,10000,20260903,3,89,1,0
M_chem_epoch_x_noise,Transfer-All-minus-Transfer-NonSurface,delta_RMSD_1step,epoch_x_noise,175,0.9,paired shuffled-chemistry sensitivity interaction,True,-0.003922670088259624,-0.01522575127601112,0.007395168746717663,-0.003922670088259624,-0.01522575127601112,0.007395168746717663,10000,20260903,3,89,1,0
M_chem_epoch_x_noise,Transfer-All-minus-Transfer-NonSurface,delta_RMSD_1step,epoch_x_noise,200,0.1,paired shuffled-chemistry sensitivity interaction,True,0.00021837867503738772,-0.0007778858007620275,0.0011695113168111505,0.00021837867503738772,-0.0007778858007620275,0.0011695113168111505,10000,20260903,3,89,2,0
M_chem_epoch_x_noise,Transfer-All-minus-Transfer-NonSurface,delta_RMSD_1step,epoch_x_noise,200,0.3,paired shuffled-chemistry sensitivity interaction,True,-0.000605260518385975,-0.0025686954884557634,0.0011279993671043308,-0.000605260518385975,-0.0025686954884557634,0.0011279993671043308,10000,20260903,3,89,1,0
M_chem_epoch_x_noise,Transfer-All-minus-Transfer-NonSurface,delta_RMSD_1step,epoch_x_noise,200,0.6,paired shuffled-chemistry sensitivity interaction,True,-0.0044986690947582215,-0.010888821345566978,0.00205395089867944,-0.0044986690947582215,-0.010888821345566978,0.00205395089867944,10000,20260903,3,89,0,0
M_chem_epoch_x_noise,Transfer-All-minus-Transfer-NonSurface,delta_RMSD_1step,epoch_x_noise,200,0.9,paired shuffled-chemistry sensitivity interaction,True,-0.0064978076202330095,-0.0171798846915213,0.0037631031440201906,-0.0064978076202330095,-0.0171798846915213,0.0037631031440201906,10000,20260903,3,89,0,0
test200_task,Transfer-All-minus-Transfer-NonSurface,pose_density_lt2,fixed_EMA_epoch_200,200,,frozen test128 Transfer-All minus Transfer-NonSurface,True,0.040625,0.02395833333333333,0.06015625,0.040625,0.02395833333333333,0.06015625,10000,20260903,3,128,3,0
test200_task,Transfer-All-minus-Transfer-NonSurface,best_of_k10_lt2,fixed_EMA_epoch_200,200,,frozen test128 Transfer-All minus Transfer-NonSurface,True,0.0859375,0.03125,0.14322916666666666,0.0859375,0.03125,0.14322916666666666,10000,20260903,3,128,3,0
test200_task,Transfer-All-minus-Transfer-NonSurface,best_rmsd,fixed_EMA_epoch_200,200,,frozen test128 Transfer-All minus Transfer-NonSurface,False,-0.22009243393265535,-0.3255417519694864,-0.11795020723328116,0.22009243393265535,0.11795020723328116,0.3255417519694864,10000,20260903,3,128,3,0
