contrast,epoch_or_aulc,metric,positive_direction,point_estimate,ci95_low,ci95_high,probability_benefit_gt0,bootstrap_repetitions,bootstrap_seed
Transfer-All-Scratch-Full8,25,pose_density_rmsd_lt2,transfer better than paired scratch,0.18576779026217227,0.16104868913857676,0.21123595505617976,1.0,20000,12926552998553297981
Transfer-All-Scratch-Full8,25,best_of_k10_coverage_rmsd_lt2,transfer better than paired scratch,0.5430711610486891,0.48314606741573035,0.602996254681648,1.0,20000,15640299182619154006
Transfer-All-Scratch-Full8,25,best_of_k10_rmsd,transfer better than paired scratch,147.30342829723858,2.1227201729917153,580.261862397013,1.0,20000,15646408798811495645
Transfer-All-Scratch-Full8,50,pose_density_rmsd_lt2,transfer better than paired scratch,0.24007490636704124,0.2108614232209738,0.2700374531835206,1.0,20000,11430922459181690271
Transfer-All-Scratch-Full8,50,best_of_k10_coverage_rmsd_lt2,transfer better than paired scratch,0.5355805243445693,0.46816479400749067,0.6067415730337079,1.0,20000,10902222856293956497
Transfer-All-Scratch-Full8,50,best_of_k10_rmsd,transfer better than paired scratch,4.697442518363758,1.579857267680807,11.342176257757563,1.0,20000,10923806427741416771
Transfer-All-Scratch-Full8,75,pose_density_rmsd_lt2,transfer better than paired scratch,0.2576779026217229,0.22546816479400747,0.29101123595505624,1.0,20000,1959467752402688271
Transfer-All-Scratch-Full8,75,best_of_k10_coverage_rmsd_lt2,transfer better than paired scratch,0.5056179775280899,0.40449438202247195,0.5955056179775281,1.0,20000,6445201794156103277
Transfer-All-Scratch-Full8,75,best_of_k10_rmsd,transfer better than paired scratch,23.318880847607083,1.594174184915175,49.90295309195418,1.0,20000,14645248020326836192
Transfer-All-Scratch-Full8,100,pose_density_rmsd_lt2,transfer better than paired scratch,0.25767790262172285,0.2250936329588015,0.2913857677902622,1.0,20000,4058538853384534903
Transfer-All-Scratch-Full8,100,best_of_k10_coverage_rmsd_lt2,transfer better than paired scratch,0.4157303370786517,0.34831460674157305,0.4868913857677903,1.0,20000,11087988622867034468
Transfer-All-Scratch-Full8,100,best_of_k10_rmsd,transfer better than paired scratch,427245.2712393539,1.2310799599771578,1539483.6989976682,1.0,20000,10311060858142588205
Transfer-All-Scratch-Full8,125,pose_density_rmsd_lt2,transfer better than paired scratch,0.24307116104868917,0.20449438202247192,0.28389513108614234,1.0,20000,14128963454099565675
Transfer-All-Scratch-Full8,125,best_of_k10_coverage_rmsd_lt2,transfer better than paired scratch,0.35580524344569286,0.2659176029962547,0.45692883895131087,1.0,20000,820757514964955109
Transfer-All-Scratch-Full8,125,best_of_k10_rmsd,transfer better than paired scratch,5635938.195154544,5.20550731469952,21825110.390824214,1.0,20000,12944194435306137912
Transfer-All-Scratch-Full8,150,pose_density_rmsd_lt2,transfer better than paired scratch,0.20599250936329588,0.17640449438202252,0.23670411985018727,1.0,20000,18291520525980597873
Transfer-All-Scratch-Full8,150,best_of_k10_coverage_rmsd_lt2,transfer better than paired scratch,0.299625468164794,0.2397003745318352,0.3595505617977528,1.0,20000,5854884515572890490
Transfer-All-Scratch-Full8,150,best_of_k10_rmsd,transfer better than paired scratch,14.811612998065616,0.5937524403494225,56.813605649468236,1.0,20000,17398552532954382125
Transfer-All-Scratch-Full8,175,pose_density_rmsd_lt2,transfer better than paired scratch,0.21835205992509363,0.17265917602996253,0.2704119850187266,1.0,20000,8326719725998999130
Transfer-All-Scratch-Full8,175,best_of_k10_coverage_rmsd_lt2,transfer better than paired scratch,0.3295880149812734,0.23220973782771537,0.42696629213483145,1.0,20000,5041453051820070563
Transfer-All-Scratch-Full8,175,best_of_k10_rmsd,transfer better than paired scratch,393377917228.8147,0.47887260912521507,1569835050358.685,1.0,20000,14207385384998663237
Transfer-All-Scratch-Full8,200,pose_density_rmsd_lt2,transfer better than paired scratch,0.20486891385767791,0.17378277153558055,0.23670411985018727,1.0,20000,10791726460800548488
Transfer-All-Scratch-Full8,200,best_of_k10_coverage_rmsd_lt2,transfer better than paired scratch,0.26591760299625467,0.17602996254681647,0.3595505617977528,1.0,20000,14414261084941841254
Transfer-All-Scratch-Full8,200,best_of_k10_rmsd,transfer better than paired scratch,13.295224925476228,0.46205952082107127,45.48489285747394,1.0,20000,14989671401679350946
Transfer-All-Scratch-Full8,AULC25-200,pose_density_rmsd_lt2,transfer better than paired scratch,0.2311663991439272,0.20385232744783308,0.25955056179775277,1.0,20000,2770039915758241342
Transfer-All-Scratch-Full8,AULC25-200,best_of_k10_coverage_rmsd_lt2,transfer better than paired scratch,0.40663456393793473,0.36195826645264845,0.44970572498662387,1.0,20000,11629290761762528685
Transfer-All-Scratch-Full8,AULC25-200,best_of_k10_rmsd,transfer better than paired scratch,56197711505.05837,3.9548430419741036,224459390135.576,1.0,20000,8298842843286800786
Transfer-NonSurface-Scratch-Full8,25,pose_density_rmsd_lt2,transfer better than paired scratch,0.04344569288389513,0.03220973782771536,0.0558052434456929,1.0,20000,13787436951907086096
Transfer-NonSurface-Scratch-Full8,25,best_of_k10_coverage_rmsd_lt2,transfer better than paired scratch,0.20224719101123595,0.14606741573033707,0.26217228464419473,1.0,20000,11005415177018804701
Transfer-NonSurface-Scratch-Full8,25,best_of_k10_rmsd,transfer better than paired scratch,146.07643200239494,0.9862282135324247,580.1409096199039,1.0,20000,13064780420135567444
Transfer-NonSurface-Scratch-Full8,50,pose_density_rmsd_lt2,transfer better than paired scratch,0.08426966292134831,0.06816479400749063,0.10149812734082397,1.0,20000,16722514439829759303
Transfer-NonSurface-Scratch-Full8,50,best_of_k10_coverage_rmsd_lt2,transfer better than paired scratch,0.2808988764044944,0.2247191011235955,0.3408239700374532,1.0,20000,475738379051304271
Transfer-NonSurface-Scratch-Full8,50,best_of_k10_rmsd,transfer better than paired scratch,4.065732151023165,1.007695735262766,10.639749942962212,1.0,20000,14650199588869625743
Transfer-NonSurface-Scratch-Full8,75,pose_density_rmsd_lt2,transfer better than paired scratch,0.12883895131086143,0.09999999999999999,0.15805243445692885,1.0,20000,2367046788011860305
Transfer-NonSurface-Scratch-Full8,75,best_of_k10_coverage_rmsd_lt2,transfer better than paired scratch,0.35580524344569286,0.2397003745318352,0.4606741573033708,1.0,20000,16237304124691977488
Transfer-NonSurface-Scratch-Full8,75,best_of_k10_rmsd,transfer better than paired scratch,22.938591029134813,1.1724198192656625,49.57162897299003,1.0,20000,12590702219653742274
Transfer-NonSurface-Scratch-Full8,100,pose_density_rmsd_lt2,transfer better than paired scratch,0.1307116104868914,0.10786516853932586,0.15505617977528088,1.0,20000,3255038509316235040
Transfer-NonSurface-Scratch-Full8,100,best_of_k10_coverage_rmsd_lt2,transfer better than paired scratch,0.26591760299625467,0.2097378277153558,0.32584269662921345,1.0,20000,1746255711059865399
Transfer-NonSurface-Scratch-Full8,100,best_of_k10_rmsd,transfer better than paired scratch,427244.9867623316,0.9572123989613178,1539478.4213318836,1.0,20000,8742268513944707410
Transfer-NonSurface-Scratch-Full8,125,pose_density_rmsd_lt2,transfer better than paired scratch,0.12958801498127342,0.09887640449438202,0.1647940074906367,1.0,20000,6724540265890692928
Transfer-NonSurface-Scratch-Full8,125,best_of_k10_coverage_rmsd_lt2,transfer better than paired scratch,0.24719101123595505,0.16104868913857678,0.34456928838951306,1.0,20000,4417648650532909207
Transfer-NonSurface-Scratch-Full8,125,best_of_k10_rmsd,transfer better than paired scratch,5635937.960283356,4.917783096128383,21537077.0532713,1.0,20000,12657632580776912585
Transfer-NonSurface-Scratch-Full8,150,pose_density_rmsd_lt2,transfer better than paired scratch,0.12097378277153557,0.09588014981273407,0.14756554307116104,1.0,20000,16047521873923981094
Transfer-NonSurface-Scratch-Full8,150,best_of_k10_coverage_rmsd_lt2,transfer better than paired scratch,0.1647940074906367,0.10861423220973783,0.22471910112359553,1.0,20000,1080896673740478866
Transfer-NonSurface-Scratch-Full8,150,best_of_k10_rmsd,transfer better than paired scratch,14.570702441378186,0.3627015956059636,56.475093474357344,1.0,20000,1337718547973107011
Transfer-NonSurface-Scratch-Full8,175,pose_density_rmsd_lt2,transfer better than paired scratch,0.13295880149812733,0.09925093632958802,0.16779026217228465,1.0,20000,14139798971988762093
Transfer-NonSurface-Scratch-Full8,175,best_of_k10_coverage_rmsd_lt2,transfer better than paired scratch,0.24719101123595505,0.16853932584269662,0.3258426966292135,1.0,20000,4751253900743981843
Transfer-NonSurface-Scratch-Full8,175,best_of_k10_rmsd,transfer better than paired scratch,393377917228.66266,0.30923591874141226,1573352204423.817,1.0,20000,16633369160196318861
Transfer-NonSurface-Scratch-Full8,200,pose_density_rmsd_lt2,transfer better than paired scratch,0.1438202247191011,0.11610486891385768,0.17303370786516856,1.0,20000,8709697900024149878
Transfer-NonSurface-Scratch-Full8,200,best_of_k10_coverage_rmsd_lt2,transfer better than paired scratch,0.20599250936329588,0.14606741573033707,0.26591760299625467,1.0,20000,6044751178443220122
Transfer-NonSurface-Scratch-Full8,200,best_of_k10_rmsd,transfer better than paired scratch,13.112588562024468,0.3723215037217297,45.55105066392548,1.0,20000,12968355498056962166
Transfer-NonSurface-Scratch-Full8,AULC25-200,pose_density_rmsd_lt2,transfer better than paired scratch,0.11728196896736223,0.09986623863028359,0.13533975387907973,1.0,20000,756898591924399774
Transfer-NonSurface-Scratch-Full8,AULC25-200,best_of_k10_coverage_rmsd_lt2,transfer better than paired scratch,0.25227394328517927,0.21508828250401288,0.2894596040663456,1.0,20000,3835494257155642115
Transfer-NonSurface-Scratch-Full8,AULC25-200,best_of_k10_rmsd,transfer better than paired scratch,56197711504.68275,3.4195653892004194,223944803494.6599,1.0,20000,8016401915607673487
