split,pdb_id,ligand_instance_id
train,107D,107D__DUO__laC__aaB__rs15__m1__alt.
train,108D,108D__TOT__laC__aaA__rs9__m1__alt.
train,110D,110D__DM1__laB__aaA__rs7__m1__alt.
train,11YY,11YY__MLA__laI__aaB__rs801__m1__alt.
train,12CI,12CI__LDP__laN__aaA__rs112__m1__alt.
train,151D,151D__DM2__laB__aaA__rs7__m1__alt.
train,152D,152D__DM1__laB__aaA__rs7__m1__alt.
train,198D,198D__DM5__laE__aaA__rs25__m1__alt.
train,198D,198D__DM5__laG__aaB__rs26__m1__alt.
train,198D,198D__DM5__laH__aaD__rs27__m1__alt.
train,198D,198D__DM5__laI__aaD__rs28__m1__alt.
train,1AL9,1AL9__BDA__laC__aaA__rs17__m1__alt.
train,1AMD,1AMD__BNR__laC__aaB__rs13__m1__alt.
train,1AW4,1AW4__AMP__laB__aaA__rs28__m1__alt.
train,1AW4,1AW4__AMP__laC__aaA__rs29__m1__alt.
train,1CX3,1CX3__NF__laC__aaA__rs7__m1__alt.
train,1D10,1D10__DM1__laB__aaA__rs7__m1__alt.
train,1D11,1D11__DM1__laB__aaA__rs7__m1__alt.
train,1D12,1D12__DM2__laB__aaA__rs7__m1__alt.
train,1D15,1D15__DM6__laB__aaA__rs7__m1__alt.
train,1D32,1D32__DIT__laC__aaA__rs9__m1__alt.
train,1D36,1D36__MAR__laB__aaA__rs7__m1__alt.
train,1D37,1D37__DM4__laB__aaA__rs7__m1__alt.
train,1D38,1D38__DM5__laB__aaA__rs7__m1__alt.
train,1DA0,1DA0__DM1__laB__aaA__rs7__m1__alt.
train,1DA9,1DA9__DM2__laB__aaA__rs7__m1__alt.
train,1DJ6,1DJ6__104__laD__aaA__rs13__m1__alt.
train,1DJ6,1DJ6__104__laE__aaB__rs14__m1__alt.
train,1DL8,1DL8__DA7__laB__aaA__rs3014__m1__alt.
train,1DL8,1DL8__DA7__laC__aaA__rs3015__m1__altA
train,1FDG,1FDG__9TA__laD__aaB__rs13__m1__alt.
train,1G5L,1G5L__BLB__laG__aaC__rs1__m1__alt.
train,1GJ2,1GJ2__BLB__laG__aaC__rs1__m1__alt.
train,1I5V,1I5V__PPZ__laC__aaA__rs7__m1__alt.
train,1I5V,1I5V__PPZ__laD__aaB__rs7__m1__alt.
train,1IMS,1IMS__DM7__laB__aaA__rs7__m1__alt.
train,1JO2,1JO2__DM1__laB__aaA__rs7__m1__alt.
train,1K9G,1K9G__DR1__laB__aaA__rs7__m1__alt.
train,1K9G,1K9G__DR1__laC__aaA__rs8__m1__alt.
train,1KCI,1KCI__DRC__laB__aaA__rs3014__m1__alt.
train,1KCI,1KCI__DRC__laC__aaA__rs3015__m1__alt.
train,1KVH,1KVH__NCS__laC__aaB__rs21__m1__alt.
train,1LEJ,1LEJ__P11__laC__aaA__rs27__m1__alt.
train,1M18,1M18__1SZ__laV__aaJ__rs1601__m1__alt.
train,1M69,1M69__DAX__laB__aaA__rs2000__m1__altC
train,1M69,1M69__DAX__laC__aaA__rs3000__m1__altD
train,1N37,1N37__RSD__laC__aaB__rs17__m1__alt.
train,1NAB,1NAB__44D__laC__aaA__rs41__m1__alt.
train,1NAB,1NAB__44D__laD__aaB__rs40__m1__alt.
train,1OLD,1OLD__AAR__laB__aaA__rs25__m1__alt.
train,1P20,1P20__DM2__laB__aaA__rs7__m1__alt.
train,1PQQ,1PQQ__CYE__laC__aaB__rs23__m1__alt.
train,1QCH,1QCH__NGM__laC__aaA__rs13__m1__alt.
train,1QSX,1QSX__HT__laJ__aaB__rs25__m1__alt.
train,1QSX,1QSX__HT__laK__aaB__rs26__m1__alt.
train,1R68,1R68__MAR__laB__aaA__rs7__m1__alt.
train,1RMX,1RMX__AIK__laC__aaA__rs11__m1__alt.
train,1RMX,1RMX__AIK__laD__aaB__rs2__m1__alt.
train,1S32,1S32__DIB__laBA__aaI__rs1611__m1__alt.
train,1S32,1S32__DIB__laMA__aaI__rs1631__m1__alt.
train,1S32,1S32__OGG__laTA__aaJ__rs1700__m1__alt.
train,1V9G,1V9G__SPW__laC__aaA__rs13__m1__alt.
train,1X26,1X26__NAZ__laC__aaA__rs25__m1__alt.
train,1X26,1X26__NAZ__laD__aaB__rs24__m1__alt.
train,1X95,1X95__XR2__laC__aaA__rs21__m1__alt.
train,1YLS,1YLS__DAI__laM__aaC__rs100__m1__alt.
train,1Z3F,1Z3F__EL__laC__aaA__rs41__m1__alt.
train,1Z3F,1Z3F__EL__laE__aaB__rs42__m1__alt.
train,1ZTT,1ZTT__NT__laD__aaG__rs301__m1__alt.
train,202D,202D__MNG__laC__aaA__rs9__m1__alt.
train,202D,202D__MNG__laD__aaB__rs9__m1__alt.
train,203D,203D__PSO__laC__aaA__rs9__m1__alt.
train,204D,204D__PSO__laC__aaB__rs1__m1__alt.
train,207D,207D__CRH__laL__aaA__rs13__m1__alt.
train,207D,207D__CRH__laM__aaA__rs27__m1__alt.
train,207D,207D__CRH__laO__aaB__rs17__m1__alt.
train,207D,207D__CRH__laP__aaB__rs23__m1__alt.
train,215D,215D__DMM__laB__aaA__rs7__m1__alt.
train,21CC,21CC__PP9__laC__aaB__rs101__m1__alt.
train,224D,224D__NGM__laC__aaA__rs14__m1__altA
train,224D,224D__NGM__laD__aaB__rs13__m1__alt.
train,234D,234D__DMM__laB__aaA__rs7__m1__alt.
train,235D,235D__DMM__laB__aaA__rs7__m1__altA
train,236D,236D__CMD__laB__aaA__rs7__m1__alt.
train,23JZ,23JZ__AMR__laB__aaA__rs101__m1__alt.
train,23KA,23KA__AMR__laF__aaB__rs101__m1__alt.
train,23KA,23KA__AMR__laI__aaC__rs101__m1__alt.
train,245D,245D__NGM__laC__aaA__rs14__m1__altA
train,245D,245D__NGM__laD__aaB__rs13__m1__alt.
train,24QP,24QP__DNH__laZ__aaN__rs101__m1__alt.
train,24QR,24QR__DNH__laU__aaN__rs101__m1__alt.
train,258D,258D__NGM__laE__aaA__rs26__m1__alt.
train,258D,258D__NGM__laG__aaB__rs25__m1__alt.
train,258D,258D__NGM__laK__aaC__rs28__m1__alt.
train,258D,258D__NGM__laL__aaD__rs27__m1__alt.
train,26JR,26JR__A1EOV__laB__aaA__rs101__m1__alt.
train,26JT,26JT__A1EOB__laB__aaA__rs101__m1__alt.
train,276D,276D__DM8__laB__aaA__rs7__m1__alt.
train,278D,278D__DM8__laB__aaA__rs7__m1__alt.
train,282D,282D__NGM__laC__aaA__rs13__m1__alt.
train,288D,288D__DM8__laB__aaA__rs7__m1__alt.
train,292D,292D__P24__laC__aaA__rs13__m1__alt.
train,2ARG,2ARG__AAR__laB__aaA__rs31__m1__alt.
train,2DES,2DES__DMM__laC__aaA__rs13__m1__alt.
train,2DES,2DES__DMM__laD__aaA__rs14__m1__alt.
train,2ET0,2ET0__NPM__laJ__aaA__rs10__m1__alt.
train,2IE1,2IE1__PAW__laC__aaA__rs101__m1__alt.
train,2IE1,2IE1__PAW__laD__aaB__rs102__m1__alt.
train,2KD4,2KD4__PRL__laC__aaA__rs17__m1__alt.
train,2KD4,2KD4__PRL__laD__aaB__rs17__m1__alt.
train,2KXM,2KXM__RIO__laB__aaA__rs101__m1__alt.
train,2L1V,2L1V__PRF__laB__aaA__rs37__m1__alt.
train,2L7V,2L7V__QUL__laD__aaA__rs1__m1__alt.
train,2L7V,2L7V__QUL__laE__aaA__rs2__m1__alt.
train,2LWH,2LWH__NT__laC__aa1__rs101__m1__alt.
train,2LWK,2LWK__0EC__laB__aaA__rs101__m1__alt.
train,2MG8,2MG8__XR2__laC__aaB__rs101__m1__alt.
train,2MG8,2MG8__XR2__laD__aaB__rs102__m1__alt.
train,2MGN,2MGN__PQ3__laB__aaA__rs25__m1__alt.
train,2MIY,2MIY__PRF__laB__aaA__rs101__m1__alt.
train,2MNE,2MNE__3B5__laC__aaA__rs101__m1__alt.
train,2MNE,2MNE__3B5__laD__aaB__rs101__m1__alt.
train,2MXS,2MXS__PAR__laB__aaA__rs101__m1__alt.
train,2N0J,2N0J__RIO__laB__aaA__rs101__m1__alt.
train,2N6C,2N6C__QUE__laB__aaA__rs101__m1__alt.
train,2N6C,2N6C__QUE__laC__aaA__rs102__m1__alt.
train,2N96,2N96__4JF__laC__aaY__rs101__m1__alt.
train,2NEO,2NEO__NCS__laB__aaA__rs21__m1__alt.
train,2NZ4,2NZ4__GLP__laR__aaF__rs5002__m1__alt.
train,2NZ4,2NZ4__GLP__laW__aaG__rs5003__m1__alt.
train,2O5C,2O5C__TDR__laE__aaD__rs799__m1__alt.
train,2O5E,2O5E__TDR__laE__aaD__rs9__m1__alt.
train,2OEY,2OEY__S2A__laB__aaA__rs26__m1__alt.
train,2OYQ,2OYQ__N5P__laN__aaI__rs704__m1__alt.
train,2QK9,2QK9__16D__laG__aaC__rs1004__m1__alt.
train,2QWY,2QWY__SAM__laH__aaA__rs100__m1__alt.
train,2QWY,2QWY__SAM__laK__aaB__rs300__m1__alt.
train,2QWY,2QWY__SAM__laO__aaC__rs500__m1__alt.
train,2R2S,2R2S__BLB__laE__aaB__rs9__m1__alt.
train,2R2U,2R2U__BTZ__laD__aaG__rs1__m1__alt.
train,308D,308D__DM1__laD__aaA__rs14__m1__alt.
train,308D,308D__DM1__laH__aaB__rs14__m1__alt.
train,366D,366D__DA6__laB__aaA__rs3013__m1__alt.
train,366D,366D__DA6__laC__aaA__rs3015__m1__alt.
train,378D,378D__DMY__laE__aaA__rs34__m1__alt.
train,378D,378D__DMY__laG__aaB__rs33__m1__alt.
train,378D,378D__DMY__laH__aaC__rs36__m1__alt.
train,378D,378D__DMY__laI__aaD__rs35__m1__alt.
train,37CM,37CM__N3D__laD__aaA__rs102__m1__alt.
train,37CM,37CM__N3D__laQ__aaB__rs102__m1__alt.
train,385D,385D__NOD__laB__aaA__rs7__m1__alt.
train,386D,386D__AQS__laB__aaA__rs7__m1__alt.
train,3B4A,3B4A__GLP__laC__aaA__rs401__m1__alt.
train,3B4B,3B4B__GLP__laC__aaA__rs201__m1__alt.
train,3B4C,3B4C__GLP__laC__aaA__rs201__m1__alt.
train,3BNQ,3BNQ__PAR__laI__aaC__rs101__m1__alt.
train,3BNR,3BNR__PAR__laF__aaC__rs24__m1__alt.
train,3CDM,3CDM__NII__laD__aaA__rs27__m1__alt.
train,3CDM,3CDM__NII__laH__aaB__rs27__m1__alt.
train,3CDM,3CDM__NII__laI__aaB__rs28__m1__alt.
train,3CDM,3CDM__NII__laJ__aaB__rs29__m1__alt.
train,3CE5,3CE5__BRA__laE__aaA__rs27__m1__alt.
train,3EGZ,3EGZ__CTC__laD__aaB__rs601__m1__alt.
train,3EM2,3EM2__NCE__laF__aaA__rs29__m1__alt.
train,3EQW,3EQW__NCI__laF__aaA__rs29__m1__alt.
train,3ERU,3ERU__NCJ__laF__aaA__rs29__m1__alt.
train,3ES0,3ES0__NCK__laF__aaA__rs29__m1__alt.
train,3ET8,3ET8__NCL__laF__aaA__rs29__m1__alt.
train,3EUI,3EUI__NC5__laH__aaA__rs57__m1__alt.
train,3EUI,3EUI__NCI__laN__aaC__rs58__m1__alt.
train,3EUM,3EUM__NCQ__laF__aaA__rs29__m1__alt.
train,3EY0,3EY0__PNT__laC__aaA__rs11__m1__alt.
train,3FT6,3FT6__PRL__laC__aaA__rs21__m1__alt.
train,3FT6,3FT6__PRL__laF__aaB__rs22__m1__alt.
train,3FX8,3FX8__5PM__laG__aaC__rs211__m1__alt.
train,3G8T,3G8T__GLP__laM__aaE__rs5001__m1__alt.
train,3G8T,3G8T__GLP__laR__aaQ__rs5002__m1__alt.
train,3G8T,3G8T__GLP__laV__aaR__rs5003__m1__alt.
train,3G8T,3G8T__GLP__laZ__aaH__rs5004__m1__alt.
train,3G96,3G96__6MN__laM__aaF__rs12__m1__alt.
train,3G9C,3G9C__GLP__laM__aaE__rs5001__m1__alt.
train,3I1D,3I1D__NPM__laF__aaA__rs203__m1__alt.
train,3I1D,3I1D__NPM__laN__aaB__rs8__m1__alt.
train,3I1D,3I1D__NPM__laP__aaB__rs204__m1__alt.
train,3IAG,3IAG__XYL__laE__aaA__rs17__m1__alt.
train,3L3C,3L3C__G6P__laBA__aaH__rs5004__m1__alt.
train,3L3C,3L3C__G6P__laN__aaP__rs5001__m1__alt.
train,3L3C,3L3C__G6P__laS__aaQ__rs5002__m1__alt.
train,3MIJ,3MIJ__R14__laD__aaA__rs30__m1__alt.
train,3NX5,3NX5__SAU__laE__aaC__rs7__m1__alt.
train,3NYP,3NYP__RNR__laF__aaA__rs17__m1__alt.
train,3NZ7,3NZ7__SNS__laF__aaA__rs17__m1__alt.
train,3QCR,3QCR__R14__laD__aaA__rs15__m1__alt.
train,3SUH,3SUH__FFO__laD__aaX__rs103__m1__alt.
train,3TZR,3TZR__SS0__laK__aaA__rs75__m1__alt.
train,3U4M,3U4M__MLI__laO__aaB__rs2202__m1__alt.
train,3U4M,3U4M__MLI__laP__aaB__rs2203__m1__alt.
train,3U4M,3U4M__MLI__laQ__aaB__rs2204__m1__alt.
train,3U4M,3U4M__MLI__laR__aaB__rs2205__m1__alt.
train,3U56,3U56__MLI__laD__aaB__rs2201__m1__alt.
train,452D,452D__9AD__laB__aaA__rs3013__m1__alt.
train,452D,452D__9AD__laC__aaA__rs3015__m1__alt.
train,465D,465D__9AD__laB__aaA__rs3014__m1__alt.
train,465D,465D__9AD__laC__aaA__rs3015__m1__altA
train,473D,473D__NT__laE__aaB__rs21__m1__alt.
train,482D,482D__DM9__laB__aaA__rs7__m1__alt.
train,4BZT,4BZT__XR2__laC__aaA__rs13__m1__alt.
train,4BZU,4BZU__XR2__laC__aaA__rs17__m1__alt.
train,4BZV,4BZV__XR2__laC__aaA__rs17__m1__alt.
train,4D9X,4D9X__KPT__laF__aaC__rs101__m1__alt.
train,4D9Y,4D9Y__CTI__laE__aaA__rs201__m1__alt.
train,4KZD,4KZD__1TU__laG__aaR__rs103__m1__alt.
train,4L5K,4L5K__KPT__laB__aaA__rs101__m1__alt.
train,4L81,4L81__SAM__laB__aaA__rs101__m1__alt.
train,4OCD,4OCD__MWB__laD__aaA__rs101__m1__alt.
train,4OCD,4OCD__MWB__laE__aaB__rs101__m1__alt.
train,4OCD,4OCD__MWB__laF__aaC__rs101__m1__alt.
train,4OQU,4OQU__SAM__laB__aaA__rs101__m1__alt.
train,4P1D,4P1D__KPT__laE__aaA__rs103__m1__alt.
train,4Q9Q,4Q9Q__2ZZ__laF__aaR__rs103__m1__alt.
train,4Q9R,4Q9R__2ZY__laE__aaR__rs102__m1__alt.
train,4QK8,4QK8__2BA__laB__aaA__rs201__m1__alt.
train,4QK8,4QK8__2BA__laC__aaA__rs202__m1__alt.
train,4QK9,4QK9__2BA__laB__aaA__rs201__m1__alt.
train,4QK9,4QK9__2BA__laC__aaA__rs202__m1__alt.
train,4QKA,4QKA__2BA__laB__aaA__rs201__m1__alt.
train,4QKA,4QKA__2BA__laC__aaA__rs202__m1__alt.
train,4QLM,4QLM__2BA__laD__aaA__rs203__m1__alt.
train,4QLM,4QLM__2BA__laE__aaA__rs204__m1__alt.
train,4QZA,4QZA__DCT__laI__aaU__rs101__m1__alt.
train,4RPX,4RPX__DCP__laT__aaD__rs101__m1__alt.
train,4RPY,4RPY__DCP__laU__aaT__rs101__m1__alt.
train,4RPZ,4RPZ__DCP__laO__aaD__rs101__m1__alt.
train,4RZD,4RZD__PRF__laB__aaA__rs201__m1__alt.
train,4TS0,4TS0__38E__laR__aaY__rs206__m1__alt.
train,4TS2,4TS2__38E__laH__aaY__rs204__m1__alt.
train,4W90,4W90__2BA__laC__aaC__rs201__m1__alt.
train,4W90,4W90__2BA__laD__aaC__rs202__m1__alt.
train,4W92,4W92__2BA__laJ__aaC__rs208__m1__alt.
train,4W92,4W92__2BA__laK__aaC__rs209__m1__alt.
train,4X4V,4X4V__5GP__laK__aaB__rs502__m1__alt.
train,4XW7,4XW7__AMZ__laB__aaA__rs101__m1__alt.
train,4XWF,4XWF__AMZ__laB__aaA__rs101__m1__alt.
train,4Y1I,4Y1I__GTP__laBA__aaA__rs226__m1__alt.
train,4Y1I,4Y1I__GTP__laC__aaA__rs201__m1__alt.
train,4YAZ,4YAZ__4BW__laH__aaR__rs106__m1__alt.
train,4YAZ,4YAZ__4BW__laL__aaA__rs103__m1__alt.
train,4YB0,4YB0__C2E__laD__aaR__rs102__m1__alt.
train,4YB0,4YB0__C2E__laK__aaA__rs102__m1__alt.
train,4Z2D,4Z2D__LFX__laK__aaF__rs102__m1__alt.
train,4ZM0,4ZM0__144__laK__aaG__rs102__m1__alt.
train,5BTP,5BTP__AMZ__laJ__aaB__rs108__m1__alt.
train,5BTP,5BTP__AMZ__laQ__aaA__rs106__m1__alt.
train,5E63,5E63__PG0__laJ__aaE__rs101__m1__altA
train,5E67,5E67__PG0__laG__aaB__rs101__m1__altA
train,5IHD,5IHD__2OP__laG__aaA__rs103__m1__alt.
train,5IHD,5IHD__2OP__laJ__aaB__rs103__m1__alt.
train,5IHD,5IHD__SIN__laM__aaD__rs101__m1__alt.
train,5JVW,5JVW__6O6__laJ__aaB__rs102__m1__alt.
train,5JVW,5JVW__6O6__laP__aaC__rs102__m1__alt.
train,5JW0,5JW0__6O7__laC__aaA__rs101__m1__alt.
train,5JW0,5JW0__6O7__laD__aaA__rs102__m1__alt.
train,5JW0,5JW0__6O7__laE__aaA__rs103__m1__alt.
train,5JW0,5JW0__6O7__laK__aaB__rs101__m1__alt.
train,5JW2,5JW2__6O7__laC__aaA__rs101__m1__alt.
train,5JW2,5JW2__6O7__laD__aaA__rs102__m1__alt.
train,5JW2,5JW2__6O7__laE__aaA__rs103__m1__alt.
train,5JW2,5JW2__6O7__laI__aaB__rs101__m1__alt.
train,5LIT,5LIT__6XV__laE__aaD__rs101__m1__alt.
train,5LIT,5LIT__6XV__laG__aaC__rs101__m1__alt.
train,5LIT,5LIT__6XV__laJ__aaB__rs102__m1__alt.
train,5LWJ,5LWJ__GTP__laB__aaA__rs101__m1__alt.
train,5NDV,5NDV__PAR__laTJA__aa3__rs201__m1__alt.
train,5NPM,5NPM__MLI__laC__aaB__rs101__m1__alt.
train,5O62,5O62__EGD__laC__aaA__rs101__m1__alt.
train,5O69,5O69__AG2__laC__aaA__rs101__m1__alt.
train,5OB3,5OB3__1TU__laB__aaA__rs101__m1__alt.
train,5OBM,5OBM__LLL__laCEA__aa4__rs224__m1__alt.
train,5OBM,5OBM__LLL__laGTB__aa8__rs221__m1__alt.
train,5OBM,5OBM__LLL__laJSB__aa7__rs231__m1__alt.
train,5OBM,5OBM__LLL__laLSB__aa7__rs233__m1__alt.
train,5ODF,5ODF__CWN__laC__aaA__rs101__m1__alt.
train,5TPY,5TPY__HEZ__laC__aaA__rs102__m1__alt.
train,5V3F,5V3F__74G__laF__aaA__rs104__m1__alt.
train,5V3F,5V3F__74G__laJ__aaB__rs104__m1__alt.
train,5VCF,5VCF__8OS__laC__aaA__rs101__m1__alt.
train,5VCI,5VCI__8OS__laC__aaA__rs101__m1__alt.
train,5W77,5W77__9WP__laD__aaA__rs103__m1__alt.
train,5W77,5W77__9WP__laE__aaA__rs104__m1__alt.
train,5Z7I,5Z7I__BU3__laF__aaD__rs1000__m1__alt.
train,6AZ3,6AZ3__PAR__laAC__aa2__rs1703__m1__alt.
train,6AZ3,6AZ3__PAR__laBB__aa1__rs1804__m1__alt.
train,6AZ3,6AZ3__PAR__laCB__aa1__rs1805__m1__alt.
train,6AZ3,6AZ3__PAR__laZB__aa2__rs1702__m1__alt.
train,6AZ4,6AZ4__GP3__laC__aaA__rs101__m1__alt.
train,6BSH,6BSH__TAM__laN__aaR__rs101__m1__alt.
train,6BSJ,6BSJ__TAM__laK__aaR__rs101__m1__alt.
train,6BST,6BST__SR0__laC__aaA__rs101__m1__alt.
train,6C63,6C63__EKJ__laD__aaA__rs101__m1__alt.
train,6C63,6C63__EKJ__laH__aaB__rs101__m1__alt.
train,6C64,6C64__EKM__laD__aaA__rs101__m1__alt.
train,6C64,6C64__EKM__laH__aaB__rs101__m1__alt.
train,6C65,6C65__EKJ__laD__aaA__rs101__m1__alt.
train,6C65,6C65__EKJ__laH__aaB__rs101__m1__alt.
train,6C65,6C65__EKJ__laL__aaC__rs101__m1__alt.
train,6CB3,6CB3__GTP__laAB__aaB__rs221__m1__alt.
train,6CB3,6CB3__GTP__laU__aaA__rs219__m1__alt.
train,6CC3,6CC3__GTP__laFA__aaB__rs211__m1__alt.
train,6CK5,6CK5__PRP__laIA__aaB__rs216__m1__alt.
train,6DB8,6DB8__G4A__laD__aaR__rs101__m1__alt.
train,6DLQ,6DLQ__PRP__laB__aaA__rs201__m1__altA
train,6DLR,6DLR__PRP__laB__aaA__rs201__m1__altA
train,6DLS,6DLS__PRP__laB__aaA__rs201__m1__altA
train,6DLT,6DLT__PRP__laH__aaA__rs207__m1__altA
train,6E81,6E81__TFX__laB__aaA__rs101__m1__altA
train,6E82,6E82__TFX__laC__aaA__rs102__m1__altA
train,6E84,6E84__J0D__laC__aaA__rs102__m1__alt.
train,6E8S,6E8S__EKJ__laC__aaA__rs101__m1__alt.
train,6E8S,6E8S__EKJ__laG__aaB__rs101__m1__alt.
train,6E8T,6E8T__HZG__laE__aaD__rs101__m1__alt.
train,6E8T,6E8T__HZG__laG__aaC__rs101__m1__alt.
train,6E8T,6E8T__HZG__laJ__aaB__rs101__m1__alt.
train,6E8T,6E8T__HZG__laL__aaA__rs101__m1__alt.
train,6E8U,6E8U__HZD__laG__aaB__rs106__m1__alt.
train,6FC9,6FC9__D5B__laB__aaA__rs101__m1__alt.
train,6GIM,6GIM__EZK__laE__aaD__rs101__m1__alt.
train,6GIM,6GIM__EZK__laF__aaC__rs101__m1__alt.
train,6GIM,6GIM__EZK__laI__aaB__rs101__m1__alt.
train,6GZ7,6GZ7__FGW__laC__aaA__rs101__m1__alt.
train,6GZK,6GZK__FH8__laB__aaA__rs101__m1__alt.
train,6GZR,6GZR__FH8__laB__aaA__rs101__m1__alt.
train,6HAG,6HAG__SAH__laB__aaA__rs101__m1__alt.
train,6IZP,6IZP__B2R__laB__aaA__rs101__m1__alt.
train,6IZP,6IZP__B2R__laC__aaA__rs102__m1__alt.
train,6J2W,6J2W__B2U__laB__aaA__rs101__m1__alt.
train,6JJ0,6JJ0__BO6__laB__aaA__rs101__m1__alt.
train,6JJH,6JJH__POH__laB__aaB__rs101__m1__alt.
train,6JJH,6JJH__POH__laC__aaB__rs102__m1__alt.
train,6JJI,6JJI__POH__laE__aaB__rs104__m1__alt.
train,6K3Y,6K3Y__4BW__laB__aaA__rs101__m1__alt.
train,6KFL,6KFL__POH__laG__aaA__rs105__m1__alt.
train,6LAS,6LAS__SAM__laF__aaA__rs101__m1__alt.
train,6LAS,6LAS__SAM__laG__aaB__rs101__m1__alt.
train,6LAU,6LAU__SAH__laF__aaA__rs101__m1__alt.
train,6LAU,6LAU__SAH__laI__aaB__rs101__m1__alt.
train,6LAX,6LAX__SAM__laF__aaA__rs101__m1__alt.
train,6LAX,6LAX__SAM__laG__aaB__rs101__m1__alt.
train,6LAZ,6LAZ__E7X__laG__aaA__rs102__m1__alt.
train,6LAZ,6LAZ__E7X__laH__aaB__rs101__m1__alt.
train,6M4T,6M4T__F1R__laG__aaA__rs103__m1__alt.
train,6M4T,6M4T__F1R__laJ__aaB__rs103__m1__alt.
train,6M4T,6M4T__F1R__laK__aaC__rs101__m1__alt.
train,6M4T,6M4T__F1R__laL__aaD__rs101__m1__alt.
train,6M5J,6M5J__F1R__laG__aaA__rs103__m1__alt.
train,6M5J,6M5J__F1R__laJ__aaB__rs103__m1__alt.
train,6M5J,6M5J__F1R__laK__aaC__rs101__m1__alt.
train,6M5J,6M5J__F1R__laL__aaD__rs101__m1__alt.
train,6N5K,6N5K__2BA__laB__aaA__rs201__m1__alt.
train,6N5K,6N5K__2BA__laC__aaA__rs202__m1__alt.
train,6N5N,6N5N__2BA__laB__aaA__rs201__m1__alt.
train,6N5N,6N5N__2BA__laC__aaA__rs202__m1__alt.
train,6N5O,6N5O__2BA__laB__aaA__rs201__m1__alt.
train,6N5O,6N5O__2BA__laC__aaA__rs202__m1__alt.
train,6N5P,6N5P__2BA__laB__aaA__rs201__m1__alt.
train,6N5P,6N5P__2BA__laC__aaA__rs202__m1__alt.
train,6N5Q,6N5Q__2BA__laB__aaA__rs201__m1__alt.
train,6N5Q,6N5Q__2BA__laC__aaA__rs202__m1__alt.
train,6N5S,6N5S__2BA__laC__aaA__rs202__m1__alt.
train,6N5S,6N5S__2BA__laD__aaA__rs203__m1__alt.
train,6N5T,6N5T__2BA__laB__aaA__rs201__m1__alt.
train,6N5T,6N5T__2BA__laC__aaA__rs202__m1__alt.
train,6O2L,6O2L__BO6__laB__aaA__rs101__m1__alt.
train,6O2L,6O2L__BO6__laC__aaA__rs102__m1__alt.
train,6OD9,6OD9__AMZ__laD__aaA__rs102__m1__alt.
train,6OD9,6OD9__AMZ__laI__aaB__rs102__m1__alt.
train,6OZK,6OZK__TLA__laS__aaD__rs101__m1__alt.
train,6OZL,6OZL__TLA__laN__aaD__rs101__m1__alt.
train,6QIR,6QIR__J48__laE__aaA__rs101__m1__alt.
train,6QIR,6QIR__J48__laF__aaA__rs102__m1__alt.
train,6QIR,6QIR__J48__laG__aaC__rs101__m1__alt.
train,6QIR,6QIR__J48__laH__aaD__rs101__m1__alt.
train,6QIS,6QIS__J48__laI__aaA__rs101__m1__alt.
train,6QIS,6QIS__J48__laJ__aaB__rs101__m1__alt.
train,6QIS,6QIS__J48__laK__aaC__rs101__m1__alt.
train,6QIS,6QIS__J48__laL__aaC__rs102__m1__alt.
train,6QIS,6QIS__J48__laN__aaE__rs101__m1__alt.
train,6QIS,6QIS__J48__laO__aaE__rs102__m1__altB
train,6QIS,6QIS__J48__laP__aaG__rs101__m1__alt.
train,6QIS,6QIS__J48__laQ__aaH__rs101__m1__alt.
train,6QIT,6QIT__J48__laE__aaA__rs101__m1__altA
train,6QIT,6QIT__J48__laF__aaA__rs102__m1__altA
train,6QIT,6QIT__J48__laG__aaC__rs101__m1__alt.
train,6QIT,6QIT__J48__laH__aaD__rs101__m1__altA
train,6RIO,6RIO__K4Z__laC__aaA__rs101__m1__alt.
train,6SX3,6SX3__LWQ__laB__aaA__rs101__m1__alt.
train,6TB7,6TB7__AMP__laB__aaA__rs101__m1__alt.
train,6TF1,6TF1__ADP__laJ__aaA__rs109__m1__alt.
train,6TF2,6TF2__ATP__laJ__aaA__rs109__m1__alt.
train,6TFE,6TFE__N6E__laR__aaA__rs117__m1__alt.
train,6TFG,6TFG__PPS__laM__aaA__rs112__m1__alt.
train,6U8F,6U8F__TG__laC__aaA__rs101__m1__alt.
train,6UP0,6UP0__YO3__laF__aaC__rs104__m1__alt.
train,6UP0,6UP0__YO3__laK__aaD__rs104__m1__alt.
train,6V9D,6V9D__QW4__laC__aaB__rs101__m1__alt.
train,6V9D,6V9D__QW4__laD__aaB__rs102__m1__alt.
train,6V9D,6V9D__QW4__laH__aaE__rs101__m1__alt.
train,6VA2,6VA2__QSV__laC__aaA__rs101__m1__alt.
train,6VA3,6VA3__MQC__laC__aaA__rs101__m1__alt.
train,6VA4,6VA4__QSY__laC__aaB__rs101__m1__alt.
train,6VGG,6VGG__QWP__laF__aaB__rs101__m1__alt.
train,6WK7,6WK7__AX2__laC__aaB__rs101__m1__alt.
train,6WK7,6WK7__AX2__laD__aaB__rs102__m1__alt.
train,6WK7,6WK7__AX2__laE__aaB__rs103__m1__alt.
train,6WK7,6WK7__AX2__laF__aaC__rs101__m1__alt.
train,6WK7,6WK7__AX2__laG__aaC__rs102__m1__alt.
train,6WK7,6WK7__AX2__laH__aaC__rs103__m1__alt.
train,6WTL,6WTL__2BA__laB__aaA__rs201__m1__alt.
train,6WTL,6WTL__2BA__laC__aaA__rs202__m1__alt.
train,6WTR,6WTR__2BA__laB__aaA__rs201__m1__alt.
train,6WTR,6WTR__2BA__laC__aaA__rs202__m1__alt.
train,6WZR,6WZR__UG1__laH__aaA__rs106__m1__alt.
train,6WZR,6WZR__UG1__laK__aaB__rs103__m1__alt.
train,6WZS,6WZS__UG4__laI__aaB__rs107__m1__alt.
train,6WZS,6WZS__UG4__laP__aaA__rs107__m1__alt.
train,6XB7,6XB7__UYS__laB__aaA__rs101__m1__alt.
train,6XKN,6XKN__PRF__laB__aaA__rs201__m1__alt.
train,6XKO,6XKO__PRF__laB__aaA__rs201__m1__alt.
train,6XRQ,6XRQ__V8A__laF__aaA__rs102__m1__alt.
train,6XRQ,6XRQ__V8A__laG__aaA__rs103__m1__alt.
train,6YL5,6YL5__SAH__laAA__aaE__rs101__m1__alt.
train,6YL5,6YL5__SAH__laFA__aaG__rs101__m1__alt.
train,6YL5,6YL5__SAH__laJA__aaI__rs101__m1__alt.
train,6YL5,6YL5__SAH__laM__aaA__rs101__m1__alt.
train,6YL5,6YL5__SAH__laNA__aaK__rs101__m1__alt.
train,6YL5,6YL5__SAH__laW__aaC__rs101__m1__alt.
train,6YMI,6YMI__AMP__laN__aaA__rs102__m1__alt.
train,6YMI,6YMI__AMP__laO__aaA__rs103__m1__alt.
train,6YMI,6YMI__AMP__laQ__aaC__rs102__m1__alt.
train,6YMI,6YMI__AMP__laS__aaF__rs102__m1__alt.
train,6YMI,6YMI__AMP__laT__aaG__rs101__m1__alt.
train,6YMI,6YMI__AMP__laV__aaI__rs102__m1__alt.
train,6YMI,6YMI__AMP__laX__aaM__rs102__m1__alt.
train,6YMI,6YMI__AMP__laY__aaN__rs101__m1__alt.
train,6YMI,6YMI__AMP__laZ__aaO__rs201__m1__alt.
train,6YMJ,6YMJ__ADN__laAA__aaO__rs102__m1__alt.
train,6YMJ,6YMJ__ADN__laM__aaA__rs201__m1__alt.
train,6YMJ,6YMJ__ADN__laN__aaA__rs202__m1__alt.
train,6YMJ,6YMJ__ADN__laQ__aaC__rs102__m1__alt.
train,6YMJ,6YMJ__ADN__laS__aaF__rs201__m1__alt.
train,6YMJ,6YMJ__ADN__laT__aaF__rs202__m1__alt.
train,6YMJ,6YMJ__ADN__laU__aaI__rs201__m1__alt.
train,6YMJ,6YMJ__ADN__laV__aaM__rs201__m1__alt.
train,6YMJ,6YMJ__ADN__laY__aaN__rs101__m1__alt.
train,6YMK,6YMK__MTA__laM__aaA__rs101__m1__alt.
train,6YMK,6YMK__MTA__laN__aaB__rs101__m1__alt.
train,6YMK,6YMK__MTA__laO__aaC__rs101__m1__alt.
train,6YMK,6YMK__MTA__laR__aaF__rs101__m1__alt.
train,6YMK,6YMK__MTA__laT__aaG__rs101__m1__alt.
train,6YMK,6YMK__MTA__laU__aaI__rs101__m1__alt.
train,6YMK,6YMK__MTA__laW__aaM__rs101__m1__alt.
train,6YMK,6YMK__MTA__laX__aaM__rs102__m1__alt.
train,6YMK,6YMK__MTA__laY__aaO__rs101__m1__alt.
train,6YML,6YML__DSH__laF__aaA__rs102__m1__alt.
train,6YML,6YML__DSH__laH__aaC__rs101__m1__alt.
train,7ATG,7ATG__58I__laD__aaB__rs101__m1__altA
train,7D12,7D12__L94__laB__aaA__rs101__m1__alt.
train,7D7W,7D7W__NAD__laC__aaA__rs102__m1__alt.
train,7D7X,7D7X__ADP__laK__aaA__rs110__m1__alt.
train,7D7X,7D7X__GTP__laB__aaA__rs101__m1__alt.
train,7D7Y,7D7Y__ATP__laC__aaA__rs102__m1__alt.
train,7D7Y,7D7Y__GTP__laB__aaA__rs101__m1__alt.
train,7D7Z,7D7Z__GTP__laB__aaA__rs101__m1__alt.
train,7D7Z,7D7Z__NAD__laDA__aaA__rs129__m1__alt.
train,7ELP,7ELP__XAN__laF__aaA__rs104__m1__alt.
train,7ELP,7ELP__XAN__laU__aaB__rs103__m1__alt.
train,7ELQ,7ELQ__XAN__laD__aaA__rs102__m1__alt.
train,7ELQ,7ELQ__XAN__laO__aaB__rs102__m1__alt.
train,7ELR,7ELR__XAN__laD__aaA__rs102__m1__alt.
train,7ELR,7ELR__XAN__laN__aaB__rs102__m1__alt.
train,7ELS,7ELS__AZA__laK__aaA__rs109__m1__alt.
train,7ELS,7ELS__AZA__laS__aaB__rs108__m1__alt.
train,7EOG,7EOG__J8F__laC__aaA__rs102__m1__alt.
train,7EOH,7EOH__J8F__laB__aaA__rs101__m1__alt.
train,7EOI,7EOI__J8F__laB__aaA__rs101__m1__alt.
train,7EOJ,7EOJ__J8F__laB__aaA__rs101__m1__alt.
train,7EOK,7EOK__J8L__laC__aaA__rs102__m1__alt.
train,7EOL,7EOL__J8O__laH__aaA__rs107__m1__alt.
train,7EOM,7EOM__J8R__laC__aaA__rs102__m1__alt.
train,7EON,7EON__J8U__laC__aaA__rs102__m1__alt.
train,7EOO,7EOO__J8X__laC__aaA__rs102__m1__alt.
train,7EOP,7EOP__J93__laH__aaA__rs107__m1__alt.
train,7FGT,7FGT__5R3__laC__aaA__rs101__m1__alt.
train,7FHI,7FHI__53D__laB__aaA__rs101__m1__alt.
train,7FJ0,7FJ0__53D__laB__aaA__rs101__m1__alt.
train,7KBW,7KBW__WAM__laB__aaA__rs101__m1__alt.
train,7KBW,7KBW__WAM__laC__aaA__rs102__m1__alt.
train,7KBX,7KBX__WAM__laB__aaA__rs101__m1__alt.
train,7KBX,7KBX__WAM__laC__aaA__rs102__m1__alt.
train,7KVT,7KVT__2ZY__laB__aaB__rs101__m1__alt.
train,7KVU,7KVU__2ZY__laG__aaG__rs106__m1__alt.
train,7L0Z,7L0Z__2ZY__laB__aaG__rs101__m1__alt.
train,7MKT,7MKT__MMP__laB__aaA__rs101__m1__altA
train,7MSV,7MSV__BER__laC__aaX__rs102__m1__alt.
train,7MSV,7MSV__BER__laD__aaX__rs103__m1__alt.
train,7MSV,7MSV__DGP__laB__aaX__rs101__m1__alt.
train,7N7D,7N7D__BER__laB__aaA__rs101__m1__alt.
train,7N7D,7N7D__BER__laC__aaA__rs102__m1__alt.
train,7N7E,7N7E__BER__laB__aaA__rs101__m1__alt.
train,7N7E,7N7E__BER__laC__aaA__rs102__m1__alt.
train,7OA3,7OA3__V5Z__laC__aaA__rs101__m1__alt.
train,7OAV,7OAV__GTP__laQ__aaC__rs102__m1__alt.
train,7OAV,7OAV__V5Z__laE__aaA__rs101__m1__alt.
train,7OAV,7OAV__V5Z__laK__aaB__rs101__m1__alt.
train,7OAV,7OAV__V5Z__laP__aaC__rs101__m1__alt.
train,7OAV,7OAV__V5Z__laT__aaD__rs101__m1__alt.
train,7OAW,7OAW__GTP__laK__aaB__rs101__m1__alt.
train,7OAW,7OAW__GTP__laQ__aaC__rs102__m1__alt.
train,7OAW,7OAW__V6T__laH__aaA__rs104__m1__alt.
train,7OAW,7OAW__V6T__laN__aaB__rs104__m1__alt.
train,7OAW,7OAW__V6T__laT__aaC__rs105__m1__alt.
train,7OAW,7OAW__V6T__laY__aaD__rs104__m1__alt.
train,7OAX,7OAX__V5Z__laDA__aaD__rs103__m1__alt.
train,7OAX,7OAX__V5Z__laF__aaA__rs102__m1__alt.
train,7OAX,7OAX__V5Z__laO__aaB__rs103__m1__alt.
train,7OAX,7OAX__V5Z__laW__aaC__rs103__m1__alt.
train,7PNG,7PNG__7V5__laB__aaA__rs101__m1__alt.
train,7RBI,7RBI__DCP__laM__aaD__rs101__m1__alt.
train,7REX,7REX__PRF__laD__aaA__rs101__m1__alt.
train,7REX,7REX__PRF__laE__aaA__rs102__m1__alt.
train,7REX,7REX__PRF__laI__aaB__rs101__m1__alt.
train,7REX,7REX__PRF__laJ__aaB__rs102__m1__alt.
train,7REX,7REX__PRF__laK__aaC__rs101__m1__alt.
train,7REX,7REX__PRF__laL__aaC__rs102__m1__alt.
train,7RWR,7RWR__FMN__laB__aaA__rs101__m1__alt.
train,7SZU,7SZU__J8F__laF__aaR__rs103__m1__alt.
train,7U0Y,7U0Y__KY6__laD__aaR__rs301__m1__alt.
train,7W9N,7W9N__97U__laB__aaA__rs101__m1__alt.
train,7WGW,7WGW__PCG__laB__aaX__rs101__m1__alt.
train,7X2Z,7X2Z__7U0__laB__aaA__rs101__m1__alt.
train,7X3A,7X3A__7V8__laB__aaA__rs101__m1__alt.
train,7X8M,7X8M__BER__laB__aaX__rs101__m1__alt.
train,7X8M,7X8M__BER__laC__aaX__rs102__m1__alt.
train,7X8O,7X8O__KPT__laB__aaX__rs101__m1__alt.
train,7X8O,7X8O__KPT__laC__aaX__rs102__m1__alt.
train,7XQ5,7XQ5__HEZ__laF__aaC__rs101__m1__alt.
train,7XQ5,7XQ5__HEZ__laG__aaD__rs101__m1__alt.
train,7YCI,7YCI__GTP__laC__aaN__rs501__m1__alt.
train,7YVW,7YVW__B2R__laC__aaA__rs101__m1__alt.
train,7YVW,7YVW__B2R__laD__aaA__rs102__m1__alt.
train,7ZJ4,7ZJ4__1TU__laC__aaE__rs402__m1__alt.
train,7ZJ4,7ZJ4__J93__laB__aaE__rs401__m1__alt.
train,8ABD,8ABD__PQ3__laB__aaA__rs101__m1__alt.
train,8ABN,8ABN__LNF__laB__aaA__rs101__m1__alt.
train,8DWM,8DWM__BLM__laE__aaG__rs101__m1__alt.
train,8EYU,8EYU__X5R__laE__aaB__rs103__m1__alt.
train,8EYU,8EYU__X5R__laI__aaA__rs104__m1__alt.
train,8EYV,8EYV__747__laF__aaA__rs104__m1__alt.
train,8EYV,8EYV__747__laI__aaB__rs103__m1__alt.
train,8EYW,8EYW__TFX__laI__aaA__rs103__m1__alt.
train,8F0N,8F0N__747__laE__aaB__rs103__m1__alt.
train,8F42,8F42__HT1__laC__aaB__rs101__m1__alt.
train,8FB3,8FB3__PRF__laD__aaA__rs101__m1__altA
train,8FB3,8FB3__PRF__laE__aaA__rs102__m1__altA
train,8FB3,8FB3__PRF__laJ__aaC__rs101__m1__altA
train,8FB3,8FB3__PRF__laK__aaC__rs102__m1__altA
train,8FB4,8FB4__WFB__laD__aaA__rs101__m1__alt.
train,8FHV,8FHV__2ZY__laH__aaA__rs107__m1__alt.
train,8FHX,8FHX__2ZY__laH__aaA__rs107__m1__alt.
train,8FHZ,8FHZ__747__laH__aaA__rs107__m1__alt.
train,8FI0,8FI0__X5R__laH__aaA__rs107__m1__alt.
train,8FI1,8FI1__747__laG__aaA__rs106__m1__alt.
train,8FI2,8FI2__2ZY__laG__aaA__rs106__m1__alt.
train,8FI7,8FI7__747__laG__aaA__rs106__m1__alt.
train,8FI8,8FI8__X5R__laG__aaA__rs106__m1__alt.
train,8G4W,8G4W__PRF__laI__aaR__rs101__m1__alt.
train,8G7E,8G7E__PRF__laI__aaR__rs101__m1__alt.
train,8GXB,8GXB__NAD__laH__aaA__rs101__m1__alt.
train,8GXB,8GXB__NAD__laS__aaB__rs101__m1__alt.
train,8GXC,8GXC__NMN__laH__aaA__rs101__m1__alt.
train,8GXC,8GXC__NMN__laO__aaB__rs101__m1__alt.
train,8HB1,8HB1__NMN__laF__aaB__rs101__m1__alt.
train,8HB1,8HB1__NMN__laG__aaB__rs102__m1__alt.
train,8HB3,8HB3__NNR__laC__aaA__rs101__m1__alt.
train,8HB3,8HB3__NNR__laD__aaB__rs101__m1__alt.
train,8HB8,8HB8__NMN__laB__aaA__rs101__m1__alt.
train,8HB8,8HB8__NMN__laC__aaA__rs102__m1__alt.
train,8HBA,8HBA__NAD__laC__aaA__rs101__m1__alt.
train,8HBA,8HBA__NAD__laD__aaA__rs102__m1__alt.
train,8HBA,8HBA__NMN__laF__aaB__rs102__m1__alt.
train,8HZD,8HZD__O2I__laF__aaA__rs104__m1__alt.
train,8HZD,8HZD__O2I__laK__aaB__rs105__m1__alt.
train,8HZE,8HZE__NI4__laK__aaA__rs109__m1__alt.
train,8HZE,8HZE__NI4__laT__aaB__rs109__m1__alt.
train,8HZF,8HZF__NJL__laG__aaA__rs105__m1__alt.
train,8HZF,8HZF__NJL__laL__aaB__rs105__m1__alt.
train,8HZJ,8HZJ__O00__laI__aaA__rs107__m1__alt.
train,8HZJ,8HZJ__O00__laN__aaB__rs105__m1__alt.
train,8HZK,8HZK__NI4__laBA__aaB__rs110__m1__alt.
train,8HZK,8HZK__NI4__laR__aaA__rs116__m1__alt.
train,8HZL,8HZL__NI4__laCA__aaB__rs114__m1__alt.
train,8HZL,8HZL__NI4__laDA__aaB__rs115__m1__alt.
train,8HZL,8HZL__NI4__laEA__aaB__rs116__m1__alt.
train,8HZL,8HZL__NI4__laM__aaA__rs111__m1__alt.
train,8HZL,8HZL__NI4__laN__aaA__rs112__m1__alt.
train,8HZL,8HZL__NI4__laO__aaA__rs113__m1__alt.
train,8HZM,8HZM__NI4__laN__aaA__rs112__m1__alt.
train,8HZM,8HZM__NI4__laX__aaB__rs110__m1__alt.
train,8I3Z,8I3Z__NMN__laD__aaB__rs101__m1__alt.
train,8I3Z,8I3Z__NMN__laE__aaB__rs102__m1__alt.
train,8I44,8I44__53D__laB__aaA__rs20__m1__alt.
train,8I45,8I45__53D__laB__aaA__rs20__m1__alt.
train,8I46,8I46__53D__laB__aaA__rs20__m1__alt.
train,8IF5,8IF5__AFT__laB__aaA__rs101__m1__alt.
train,8JY0,8JY0__V8C__laO__aaD__rs203__m1__alt.
train,8JY0,8JY0__V8C__laQ__aaF__rs101__m1__alt.
train,8K0T,8K0T__TEP__laB__aaA__rs101__m1__alt.
train,8K0U,8K0U__HPA__laB__aaA__rs101__m1__alt.
train,8K0V,8K0V__I7U__laB__aaA__rs101__m1__alt.
train,8K0W,8K0W__TEP__laB__aaA__rs101__m1__alt.
train,8K7W,8K7W__2ZY__laB__aaA__rs101__m1__alt.
train,8OLV,8OLV__VTR__laRA__aaA__rs443__m1__alt.
train,8Q6N,8Q6N__141__laB__aaA__rs101__m1__alt.
train,8R6H,8R6H__PQ3__laB__aaA__rs101__m1__alt.
train,8RUJ,8RUJ__VTR__laB__aaA__rs401__m1__alt.
train,8SYK,8SYK__TAC__laCA__aaB__rs202__m1__alt.
train,8SYK,8SYK__TAC__laF__aaA__rs202__m1__alt.
train,8SYK,8SYK__TAC__laIB__aaD__rs202__m1__alt.
train,8SYK,8SYK__TAC__laQA__aaC__rs202__m1__alt.
train,8T5O,8T5O__TAC__laB__aaA__rs301__m1__alt.
train,8T7X,8T7X__DAP__laE__aaA__rs101__m1__alt.
train,8T7X,8T7X__DAP__laG__aaD__rs101__m1__alt.
train,8T80,8T80__HT1__laF__aaA__rs102__m1__alt.
train,8T80,8T80__HT1__laG__aaD__rs101__m1__alt.
train,8T8T,8T8T__YSQ__laJ__aaB__rs104__m1__alt.
train,8TA8,8TA8__NT__laE__aaA__rs101__m1__alt.
train,8TA8,8TA8__NT__laF__aaA__rs102__m1__alt.
train,8TA9,8TA9__DAP__laF__aaD__rs101__m1__alt.
train,8TAJ,8TAJ__NT__laF__aaD__rs101__m1__alt.
train,8TAM,8TAM__HT1__laE__aaA__rs101__m1__alt.
train,8TAM,8TAM__HT1__laG__aaD__rs101__m1__alt.
train,8TAP,8TAP__NT__laE__aaC__rs101__m1__alt.
train,8TAQ,8TAQ__HT1__laF__aaC__rs101__m1__alt.
train,8TB3,8TB3__DAP__laE__aaD__rs101__m1__alt.
train,8TB4,8TB4__DAP__laE__aaA__rs101__m1__alt.
train,8TB8,8TB8__HT1__laF__aaD__rs101__m1__alt.
train,8TBD,8TBD__HT1__laI__aaC__rs101__m1__alt.
train,8TBO,8TBO__NT__laE__aaA__rs101__m1__alt.
train,8TDT,8TDT__DAP__laJ__aaC__rs101__m1__alt.
train,8TOZ,8TOZ__PRF__laB__aaA__rs201__m1__alt.
train,8TWH,8TWH__LG1__laBA__aaE__rs104__m1__alt.
train,8TWH,8TWH__LG1__laEA__aaF__rs103__m1__alt.
train,8TWH,8TWH__LG1__laIA__aaG__rs104__m1__alt.
train,8TWH,8TWH__LG1__laLA__aaH__rs103__m1__alt.
train,8TWH,8TWH__LG1__laN__aaA__rs104__m1__alt.
train,8TWH,8TWH__LG1__laOA__aaI__rs103__m1__alt.
train,8TWH,8TWH__LG1__laQ__aaB__rs103__m1__alt.
train,8TWH,8TWH__LG1__laSA__aaJ__rs104__m1__alt.
train,8TWH,8TWH__LG1__laU__aaC__rs104__m1__alt.
train,8TWH,8TWH__LG1__laX__aaD__rs103__m1__alt.
train,8U60,8U60__VK0__laM__aaB__rs105__m1__alt.
train,8UIW,8UIW__CTI__laH__aaN__rs202__m1__alt.
train,8UIW,8UIW__CTI__laM__aaR__rs205__m1__alt.
train,8UTA,8UTA__PRL__laJ__aaN__rs204__m1__alt.
train,8UTA,8UTA__PRL__laN__aaR__rs204__m1__alt.
train,8VIU,8VIU__A1AB3__laB__aaA__rs101__m1__alt.
train,8VOE,8VOE__A1AB3__laB__aaA__rs101__m1__alt.
train,8VPV,8VPV__PRF__laB__aaA__rs201__m1__alt.
train,8VQV,8VQV__UG4__laD__aaA__rs103__m1__alt.
train,8VVJ,8VVJ__A1AD3__laE__aaA__rs104__m1__alt.
train,8VXZ,8VXZ__A1AED__laG__aaA__rs104__m1__alt.
train,8VY0,8VY0__A1AEE__laH__aaA__rs105__m1__alt.
train,8VY1,8VY1__A1AEF__laL__aaB__rs103__m1__alt.
train,8WQ7,8WQ7__XA5__laE__aaB__rs102__m1__alt.
train,8XGW,8XGW__3WL__laC__aaA__rs101__m1__alt.
train,8XZE,8XZE__THG__laB__aaA__rs101__m1__alt.
train,8XZL,8XZL__DHF__laB__aaA__rs101__m1__alt.
train,8XZM,8XZM__NPR__laG__aaA__rs106__m1__alt.
train,8XZN,8XZN__H4B__laB__aaA__rs101__m1__alt.
train,8XZO,8XZO__GUN__laC__aaA__rs202__m1__alt.
train,8XZP,8XZP__A1LXN__laG__aaA__rs106__m1__alt.
train,8XZQ,8XZQ__AZG__laB__aaA__rs101__m1__alt.
train,8XZR,8XZR__ANG__laB__aaA__rs101__m1__alt.
train,8XZW,8XZW__THG__laB__aaA__rs101__m1__alt.
train,8Y2R,8Y2R__KPT__laB__aaX__rs101__m1__alt.
train,8Y2R,8Y2R__KPT__laC__aaX__rs102__m1__alt.
train,8ZAS,8ZAS__ADE__laC__aaA__rs101__m1__alt.
train,8ZD2,8ZD2__A1L1S__laC__aa1__rs101__m1__alt.
train,8ZD2,8ZD2__A1L1S__laD__aa2__rs101__m1__alt.
train,8ZD7,8ZD7__A1L1R__laC__aa2__rs101__m1__alt.
train,8ZD8,8ZD8__A1L1S__laC__aa1__rs101__m1__alt.
train,8ZNQ,8ZNQ__NAZ__laB__aaA__rs101__m1__alt.
train,8ZW3,8ZW3__BER__laB__aaX__rs101__m1__alt.
train,8ZW3,8ZW3__BER__laC__aaX__rs102__m1__alt.
train,9BUN,9BUN__FH8__laH__aaA__rs104__m1__alt.
train,9BUN,9BUN__FH8__laM__aaB__rs105__m1__alt.
train,9BUN,9BUN__FH8__laS__aaC__rs106__m1__alt.
train,9BUN,9BUN__FH8__laW__aaD__rs104__m1__alt.
train,9BZ1,9BZ1__5AC__laG__aaA__rs105__m1__alt.
train,9BZ1,9BZ1__5AC__laM__aaB__rs103__m1__alt.
train,9BZC,9BZC__AMZ__laF__aaA__rs105__m1__alt.
train,9CJW,9CJW__A1AAQ__laK__aaC__rs101__m1__alt.
train,9CKM,9CKM__A1AY9__laM__aaC__rs101__m1__alt.
train,9CKM,9CKM__A1AY9__laT__aaB__rs101__m1__alt.
train,9CPD,9CPD__MQC__laC__aaB__rs101__m1__alt.
train,9CPG,9CPG__A1AZM__laC__aaB__rs101__m1__alt.
train,9CPI,9CPI__A1AZL__laC__aaB__rs101__m1__alt.
train,9DID,9DID__TAM__laK__aaA__rs209__m1__alt.
train,9DLL,9DLL__A1AZM__laC__aaB__rs101__m1__alt.
train,9DLM,9DLM__A1AZL__laC__aaA__rs101__m1__alt.
train,9DLN,9DLN__MQC__laC__aaA__rs101__m1__alt.
train,9E5H,9E5H__N3D__laD__aaA__rs102__m1__alt.
train,9E5H,9E5H__N3D__laQ__aaB__rs102__m1__alt.
train,9E5I,9E5I__N3D__laD__aaA__rs102__m1__alt.
train,9E5I,9E5I__N3D__laQ__aaB__rs102__m1__alt.
train,9E5J,9E5J__N3D__laD__aaA__rs102__m1__alt.
train,9E5K,9E5K__N3D__laFA__aaC__rs102__m1__alt.
train,9E5K,9E5K__N3D__laF__aaA__rs102__m1__alt.
train,9E5K,9E5K__N3D__laSA__aaD__rs102__m1__alt.
train,9E5K,9E5K__N3D__laS__aaB__rs102__m1__alt.
train,9E5L,9E5L__N3D__laD__aaA__rs102__m1__alt.
train,9E5L,9E5L__N3D__laQ__aaB__rs102__m1__alt.
train,9E5M,9E5M__N3D__laD__aaA__rs102__m1__alt.
train,9E5M,9E5M__N3D__laQ__aaB__rs102__m1__alt.
train,9E5O,9E5O__N3D__laD__aaA__rs102__m1__alt.
train,9E5O,9E5O__N3D__laQ__aaB__rs102__m1__alt.
train,9E5P,9E5P__N3D__laD__aaA__rs102__m1__alt.
train,9E5P,9E5P__N3D__laP__aaB__rs102__m1__alt.
train,9E5Q,9E5Q__N3D__laD__aaA__rs102__m1__alt.
train,9E5Q,9E5Q__N3D__laQ__aaB__rs102__m1__alt.
train,9E5R,9E5R__N3D__laD__aaA__rs102__m1__alt.
train,9E5R,9E5R__N3D__laP__aaB__rs102__m1__alt.
train,9E5S,9E5S__N3D__laD__aaA__rs102__m1__alt.
train,9E5T,9E5T__N3D__laD__aaA__rs102__m1__alt.
train,9E5T,9E5T__N3D__laQ__aaB__rs102__m1__alt.
train,9EBP,9EBP__LUM__laC__aaA__rs101__m1__alt.
train,9EBP,9EBP__LUM__laJ__aaM__rs101__m1__alt.
train,9EBV,9EBV__LUM__laK__aaA__rs109__m1__alt.
train,9EBV,9EBV__LUM__laU__aaM__rs110__m1__alt.
train,9EC4,9EC4__CTI__laC__aaM__rs101__m1__alt.
train,9EC4,9EC4__CTI__laO__aaA__rs101__m1__alt.
train,9ELR,9ELR__N3D__laD__aaA__rs102__m1__alt.
train,9ELR,9ELR__N3D__laQ__aaB__rs102__m1__alt.
train,9FXO,9FXO__PAR__laEO__aaL2__rs1728__m1__alt.
train,9FXO,9FXO__PAR__laGJ__aaL1__rs1978__m1__alt.
train,9FXO,9FXO__PAR__laUP__aaL7__rs208__m1__alt.
train,9GVI,9GVI__PQ3__laB__aaA__rs101__m1__alt.
train,9GVV,9GVV__LWQ__laB__aaA__rs101__m1__alt.
train,9HRD,9HRD__GTP__laFA__aaD__rs107__m1__alt.
train,9HRD,9HRD__GTP__laK__aaA__rs107__m1__alt.
train,9HRD,9HRD__GTP__laR__aaB__rs107__m1__alt.
train,9HRD,9HRD__GTP__laY__aaC__rs107__m1__alt.
train,9HRG,9HRG__GTP__laG__aaA__rs103__m1__alt.
train,9HRG,9HRG__GTP__laM__aaB__rs103__m1__alt.
train,9HRG,9HRG__GTP__laS__aaC__rs103__m1__alt.
train,9HRG,9HRG__GTP__laY__aaD__rs103__m1__alt.
train,9HRO,9HRO__TOY__laB__aaA__rs101__m1__alt.
train,9I9W,9I9W__B2R__laC__aaAAA__rs101__m1__alt.
train,9I9W,9I9W__B2R__laD__aaAAA__rs102__m1__alt.
train,9I9W,9I9W__B2R__laE__aaBBB__rs101__m1__alt.
train,9IF0,9IF0__B2R__laC__aaAAA__rs101__m1__alt.
train,9IF0,9IF0__B2R__laD__aaBBB__rs101__m1__alt.
train,9IO0,9IO0__53D__laB__aaA__rs101__m1__alt.
train,9IO1,9IO1__53D__laB__aaA__rs101__m1__alt.
train,9IOR,9IOR__53D__laB__aaA__rs101__m1__alt.
train,9IOS,9IOS__53D__laB__aaA__rs101__m1__alt.
train,9IOU,9IOU__53D__laB__aaA__rs101__m1__alt.
train,9J9X,9J9X__A1EA7__laIA__aaN__rs534__m1__alt.
train,9JL7,9JL7__DM2__laD__aaA__rs101__m1__alt.
train,9JX5,9JX5__7V8__laB__aaA__rs101__m1__alt.
train,9K38,9K38__GTP__laEA__aaZ__rs101__m1__alt.
train,9K9H,9K9H__GMP__laE__aaA__rs404__m1__alt.
train,9KG8,9KG8__BER__laB__aaX__rs101__m1__alt.
train,9KG8,9KG8__BER__laC__aaX__rs102__m1__alt.
train,9KTJ,9KTJ__ATP__laB__aaA__rs101__m1__alt.
train,9L4E,9L4E__A1EIH__laB__aaA__rs101__m1__alt.
train,9L4E,9L4E__A1EIH__laC__aaA__rs102__m1__alt.
train,9L8F,9L8F__A1EI4__laI__aaU__rs108__m1__alt.
train,9LXO,9LXO__GTP__laDA__aaZ__rs101__m1__alt.
train,9MOZ,9MOZ__A1BNI__laI__aaA__rs103__m1__alt.
train,9MOZ,9MOZ__A1BNI__laJA__aaG__rs103__m1__alt.
train,9MOZ,9MOZ__A1BNI__laJ__aaA__rs104__m1__alt.
train,9MOZ,9MOZ__A1BNI__laLA__aaG__rs105__m1__alt.
train,9MOZ,9MOZ__A1BNI__laV__aaD__rs103__m1__alt.
train,9MOZ,9MOZ__A1BNI__laW__aaD__rs104__m1__alt.
train,9MP1,9MP1__A1BNK__laC__aaA__rs101__m1__alt.
train,9MP1,9MP1__A1BNK__laK__aaB__rs101__m1__alt.
train,9NAP,9NAP__EKJ__laB__aaA__rs201__m1__alt.
train,9NDV,9NDV__QI9__laB__aaA__rs201__m1__alt.
train,9NDX,9NDX__QI9__laC__aaA__rs201__m1__alt.
train,9NDX,9NDX__QI9__laD__aaB__rs201__m1__alt.
train,9NX4,9NX4__CPF__laL__aaC__rs101__m1__alt.
train,9SQC,9SQC__A1JPP__laC__aaB__rs101__m1__alt.
train,9U6Z,9U6Z__53D__laB__aaA__rs101__m1__alt.
train,9U70,9U70__53D__laB__aaA__rs101__m1__alt.
train,9V7O,9V7O__GMP__laD__aaB__rs301__m1__alt.
train,9VA0,9VA0__CP0__laD__aaA__rs503__m1__alt.
train,9VA3,9VA3__A1EQ9__laD__aaA__rs503__m1__alt.
train,9VMZ,9VMZ__A1EST__laC__aaA__rs102__m1__alt.
train,9VUO,9VUO__A1ETT__laC__aaA__rs101__m1__alt.
train,9VXM,9VXM__NMY__laWM__aaAA__rs1784__m1__alt.
train,9VXM,9VXM__NMY__laYM__aaAA__rs1786__m1__alt.
validation,1D54,1D54__DM6__laB__aaA__rs7__m1__alt.
validation,1D58,1D58__DM6__laB__aaA__rs7__m1__alt.
validation,1D67,1D67__DM5__laB__aaA__rs7__m1__alt.
validation,1IMR,1IMR__DM7__laB__aaA__rs7__m1__alt.
validation,1L0R,1L0R__NGP__laN__aaA__rs15__m1__alt.
validation,1VTH,1VTH__DM1__laB__aaA__rs7__m1__alt.
validation,1VTI,1VTI__DM1__laB__aaA__rs7__m1__alt.
validation,21HS,21HS__A1L8R__laC__aaA__rs101__m1__alt.
validation,226D,226D__BIZ__laC__aaB__rs21__m1__alt.
validation,2H0Z,2H0Z__G6P__laC__aaA__rs301__m1__alt.
validation,2HRI,2HRI__POH__laF__aaA__rs26__m1__alt.
validation,2HRI,2HRI__POH__laG__aaA__rs27__m1__alt.
validation,3KUY,3KUY__ATV__laL__aaI__rs73__m1__alt.
validation,3KUY,3KUY__ATV__laM__aaJ__rs73__m1__alt.
validation,3OVB,3OVB__ATP__laR__aaC__rs851__m1__alt.
validation,4Y1J,4Y1J__GTP__laC__aaA__rs201__m1__alt.
validation,4Y1J,4Y1J__GTP__laYA__aaB__rs202__m1__alt.
validation,4Y1M,4Y1M__GTP__laGB__aaA__rs208__m1__alt.
validation,4Y1M,4Y1M__GTP__laN__aaB__rs212__m1__alt.
validation,4ZNP,4ZNP__AMZ__laC__aaA__rs101__m1__alt.
validation,4ZNP,4ZNP__AMZ__laF__aaB__rs101__m1__alt.
validation,5BJO,5BJO__747__laK__aaY__rs104__m1__alt.
validation,5BJP,5BJP__747__laL__aaY__rs104__m1__alt.
validation,5DDP,5DDP__GLN__laE__aaA__rs101__m1__alt.
validation,5DDP,5DDP__GLN__laP__aaB__rs101__m1__alt.
validation,5DDQ,5DDQ__GLN__laE__aaA__rs101__m1__alt.
validation,5DDQ,5DDQ__GLN__laP__aaB__rs101__m1__alt.
validation,5DDR,5DDR__GLN__laE__aaA__rs101__m1__alt.
validation,5DDR,5DDR__GLN__laS__aaB__rs101__m1__alt.
validation,5E5S,5E5S__PG0__laH__aaB__rs102__m1__alt.
validation,6AST,6AST__BVV__laC__aaB__rs101__m1__alt.
validation,6BYY,6BYY__TCE__laK__aaF__rs101__m1__alt.
validation,6CK4,6CK4__GTP__laE__aaA__rs201__m1__alt.
validation,6FZ0,6FZ0__SAM__laE__aaA__rs104__m1__alt.
validation,6JWD,6JWD__BER__laB__aaA__rs101__m1__alt.
validation,6JWE,6JWE__LOC__laB__aaA__rs101__m1__alt.
validation,6QN3,6QN3__GLN__laG__aaA__rs105__m1__alt.
validation,6QN3,6QN3__GLN__laL__aaB__rs205__m1__alt.
validation,6UET,6UET__SAM__laB__aaA__rs301__m1__alt.
validation,6UGJ,6UGJ__URA__laC__aaA__rs102__m1__alt.
validation,7A3Y,7A3Y__BER__laC__aaA__rs101__m1__alt.
validation,7D7V,7D7V__GTP__laC__aaA__rs101__m1__alt.
validation,7D7V,7D7V__NAD__laL__aaA__rs110__m1__alt.
validation,7D81,7D81__NAD__laE__aaA__rs104__m1__alt.
validation,7D82,7D82__NAD__laI__aaA__rs108__m1__alt.
validation,7RIM,7RIM__5N0__laN__aaT__rs101__m1__alt.
validation,7RIP,7RIP__5N0__laO__aaT__rs101__m1__alt.
validation,7RIX,7RIX__5N0__laO__aaT__rs101__m1__alt.
validation,7RIY,7RIY__5N0__laO__aaT__rs101__m1__alt.
validation,7WIE,7WIE__7DG__laB__aaV__rs101__m1__alt.
validation,7WIF,7WIF__H4B__laB__aaV__rs101__m1__alt.
validation,7WII,7WII__NPR__laB__aaV__rs101__m1__alt.
validation,7YC8,7YC8__GTP__laB__aaN__rs501__m1__alt.
validation,7YCG,7YCG__GTP__laC__aaN__rs501__m1__alt.
validation,7Z9P,7Z9P__IK7__laO__aaD__rs101__m1__alt.
validation,8ASH,8ASH__O89__laC__aaAAA__rs101__m1__alt.
validation,8CF2,8CF2__ULR__laC__aaA__rs101__m1__alt.
validation,8CXF,8CXF__PG5__laC__aaB__rs101__m1__alt.
validation,8DHC,8DHC__PG5__laC__aaB__rs101__m1__alt.
validation,8G8Z,8G8Z__PRF__laI__aaR__rs101__m1__alt.
validation,8I43,8I43__53D__laB__aaA__rs20__m1__alt.
validation,8I7N,8I7N__OJI__laDA__aaN__rs529__m1__alt.
validation,8R63,8R63__Y53__laC__aaB__rs101__m1__alt.
validation,8R8P,8R8P__YB3__laC__aaB__rs101__m1__alt.
validation,8T7B,8T7B__NT__laE__aaC__rs101__m1__alt.
validation,8TC4,8TC4__ZQQ__laE__aaA__rs101__m1__alt.
validation,8TC4,8TC4__ZQQ__laG__aaC__rs101__m1__alt.
validation,8TC6,8TC6__NT__laE__aaA__rs101__m1__alt.
validation,8TC6,8TC6__ZQQ__laF__aaA__rs102__m1__alt.
validation,8TC6,8TC6__ZQQ__laH__aaC__rs101__m1__alt.
validation,8UFZ,8UFZ__Y5U__laG__aaB__rs101__m1__alt.
validation,8UFZ,8UFZ__Y5U__laH__aaD__rs101__m1__alt.
validation,8VPG,8VPG__A1AC7__laJ__aaD__rs101__m1__alt.
validation,8VPH,8VPH__A1AC7__laM__aaD__rs101__m1__alt.
validation,8VPI,8VPI__A1ADB__laJ__aaE__rs101__m1__alt.
validation,8WU5,8WU5__A1LYO__laE__aaB__rs101__m1__alt.
validation,8WU5,8WU5__A1LYO__laF__aaC__rs101__m1__alt.
validation,9CQC,9CQC__DZ4__laS__aaI__rs101__m1__alt.
validation,9DQE,9DQE__KPT__laB__aaX__rs101__m1__alt.
validation,9DQE,9DQE__KPT__laC__aaX__rs102__m1__alt.
validation,9HIO,9HIO__LDP__laB__aaA__rs101__m1__alt.
validation,9HRF,9HRF__GTP__laB__aaA__rs100__m1__alt.
validation,9JO1,9JO1__BER__laB__aaX__rs101__m1__alt.
validation,9JO1,9JO1__BER__laC__aaX__rs102__m1__alt.
validation,9MQS,9MQS__5GP__laJ__aaA__rs409__m1__alt.
validation,9MQT,9MQT__A1BNU__laB__aaA__rs401__m1__alt.
validation,9MQU,9MQU__A1BNU__laB__aaA__rs401__m1__alt.
validation,9V88,9V88__XAU__laD__aaA__rs102__m1__alt.
validation,9V89,9V89__W1H__laE__aaB__rs101__m1__alt.
