complex_id,group_id,parent_pdb,tier,receptor_type,ligand_heavy_atom_bin,rotatable_bond_bin,pocket_size_bin
107D__DUO__laC__aaB__rs15__m1__alt.,G_0d9c8f0d0f0416be917f,107D,eligible_core,DNA,Q4,Q3,Q1
108D__TOT__laC__aaA__rs9__m1__alt.,G_3418cf6c930c8cacb576,108D,eligible_core,DNA,Q4,Q4,Q1
110D__DM1__laB__aaA__rs7__m1__alt.,G_2d120438882d1ea52a15,110D,eligible_diversity,DNA,Q4,Q3,Q1
11YY__MLA__laI__aaB__rs801__m1__alt.,G_95eabeff042d5ce1a55c,11YY,eligible_diversity,DNA,Q1,Q2,Q1
12CI__LDP__laN__aaA__rs112__m1__alt.,G_1d23c10b0aece73e8813,12CI,eligible_core,RNA,Q1,Q2,Q4
151D__DM2__laB__aaA__rs7__m1__alt.,G_4381029694beb1f55b00,151D,eligible_diversity,DNA,Q4,Q3,Q1
152D__DM1__laB__aaA__rs7__m1__alt.,G_4381029694beb1f55b00,152D,eligible_diversity,DNA,Q4,Q3,Q1
198D__DM5__laE__aaA__rs25__m1__alt.,G_f8da3dde908a758b32f7,198D,eligible_core,DNA,Q3,Q2,Q1
198D__DM5__laG__aaB__rs26__m1__alt.,G_f8da3dde908a758b32f7,198D,eligible_core,DNA,Q3,Q2,Q1
198D__DM5__laH__aaD__rs27__m1__alt.,G_f8da3dde908a758b32f7,198D,eligible_core,DNA,Q3,Q2,Q1
198D__DM5__laI__aaD__rs28__m1__alt.,G_f8da3dde908a758b32f7,198D,eligible_core,DNA,Q3,Q2,Q1
1AL9__BDA__laC__aaA__rs17__m1__alt.,G_ae12b9725a0b003bfa4c,1AL9,eligible_core,DNA,Q4,Q4,Q1
1AMD__BNR__laC__aaB__rs13__m1__alt.,G_6b8aadba7a0bdd65d461,1AMD,eligible_core,DNA,Q4,Q4,Q1
1AW4__AMP__laB__aaA__rs28__m1__alt.,G_3f227c5bf0823d5da602,1AW4,eligible_core,DNA,Q2,Q3,Q2
1AW4__AMP__laC__aaA__rs29__m1__alt.,G_3f227c5bf0823d5da602,1AW4,eligible_core,DNA,Q2,Q3,Q2
1CX3__NF__laC__aaA__rs7__m1__alt.,G_32a6beb40d4b71573b97,1CX3,eligible_core,DNA,Q4,Q4,Q1
1D10__DM1__laB__aaA__rs7__m1__alt.,G_4381029694beb1f55b00,1D10,eligible_diversity,DNA,Q4,Q3,Q1
1D11__DM1__laB__aaA__rs7__m1__alt.,G_1fd551551594e8caf9b1,1D11,eligible_diversity,DNA,Q4,Q3,Q1
1D12__DM2__laB__aaA__rs7__m1__alt.,G_4381029694beb1f55b00,1D12,eligible_diversity,DNA,Q4,Q3,Q1
1D15__DM6__laB__aaA__rs7__m1__alt.,G_4381029694beb1f55b00,1D15,eligible_diversity,DNA,Q4,Q3,Q1
1D32__DIT__laC__aaA__rs9__m1__alt.,G_371fc8776acd59e088d3,1D32,eligible_diversity,DNA,Q4,Q4,Q1
1D36__MAR__laB__aaA__rs7__m1__alt.,G_1fd551551594e8caf9b1,1D36,eligible_diversity,DNA,Q4,Q3,Q1
1D37__DM4__laB__aaA__rs7__m1__alt.,G_4381029694beb1f55b00,1D37,eligible_diversity,DNA,Q4,Q3,Q1
1D38__DM5__laB__aaA__rs7__m1__alt.,G_4381029694beb1f55b00,1D38,eligible_diversity,DNA,Q3,Q2,Q1
1DA0__DM1__laB__aaA__rs7__m1__alt.,G_4381029694beb1f55b00,1DA0,eligible_diversity,DNA,Q4,Q3,Q1
1DA9__DM2__laB__aaA__rs7__m1__alt.,G_250ccde2fae0814d69c1,1DA9,eligible_diversity,DNA,Q4,Q3,Q1
1DJ6__104__laD__aaA__rs13__m1__alt.,G_d4394b970d2eb8a9762d,1DJ6,eligible_core,DNA,Q1,Q4,Q1
1DJ6__104__laE__aaB__rs14__m1__alt.,G_d4394b970d2eb8a9762d,1DJ6,eligible_core,DNA,Q1,Q4,Q1
1DL8__DA7__laB__aaA__rs3014__m1__alt.,G_1fd551551594e8caf9b1,1DL8,eligible_diversity,DNA,Q2,Q3,Q1
1DL8__DA7__laC__aaA__rs3015__m1__altA,G_1fd551551594e8caf9b1,1DL8,eligible_diversity,DNA,Q2,Q3,Q1
1FDG__9TA__laD__aaB__rs13__m1__alt.,G_1fd551551594e8caf9b1,1FDG,eligible_diversity,DNA,Q1,Q1,Q1
1G5L__BLB__laG__aaC__rs1__m1__alt.,G_ee05efe1f96e69eaaf07,1G5L,eligible_core,DNA,Q4,Q4,Q2
1GJ2__BLB__laG__aaC__rs1__m1__alt.,G_ee05efe1f96e69eaaf07,1GJ2,eligible_core,DNA,Q4,Q4,Q2
1I5V__PPZ__laC__aaA__rs7__m1__alt.,G_f8da3dde908a758b32f7,1I5V,eligible_diversity,DNA,Q1,Q2,Q1
1I5V__PPZ__laD__aaB__rs7__m1__alt.,G_f8da3dde908a758b32f7,1I5V,eligible_diversity,DNA,Q1,Q2,Q1
1IMS__DM7__laB__aaA__rs7__m1__alt.,G_4381029694beb1f55b00,1IMS,eligible_diversity,DNA,Q4,Q3,Q1
1JO2__DM1__laB__aaA__rs7__m1__alt.,G_4381029694beb1f55b00,1JO2,eligible_diversity,mixed,Q4,Q3,Q1
1K9G__DR1__laB__aaA__rs7__m1__alt.,G_b700544f2b5f9676e613,1K9G,eligible_diversity,DNA,Q1,Q1,Q1
1K9G__DR1__laC__aaA__rs8__m1__alt.,G_b700544f2b5f9676e613,1K9G,eligible_diversity,DNA,Q1,Q1,Q1
1KCI__DRC__laB__aaA__rs3014__m1__alt.,G_1fd551551594e8caf9b1,1KCI,eligible_diversity,DNA,Q2,Q3,Q1
1KCI__DRC__laC__aaA__rs3015__m1__alt.,G_1fd551551594e8caf9b1,1KCI,eligible_diversity,DNA,Q2,Q3,Q1
1KVH__NCS__laC__aaB__rs21__m1__alt.,G_557ea092ce3b0c5c2a1d,1KVH,eligible_core,DNA,Q4,Q3,Q2
1LEJ__P11__laC__aaA__rs27__m1__alt.,G_44cd963ea204325dd6e0,1LEJ,eligible_core,DNA,Q4,Q4,Q3
1M18__1SZ__laV__aaJ__rs1601__m1__alt.,G_3b9eb495fae77c379e57,1M18,eligible_core,DNA,Q4,Q4,Q4
1M69__DAX__laB__aaA__rs2000__m1__altC,G_1fd551551594e8caf9b1,1M69,eligible_diversity,DNA,Q2,Q3,Q1
1M69__DAX__laC__aaA__rs3000__m1__altD,G_1fd551551594e8caf9b1,1M69,eligible_diversity,DNA,Q2,Q3,Q1
1N37__RSD__laC__aaB__rs17__m1__alt.,G_31c161a874349a8bdc69,1N37,eligible_core,DNA,Q4,Q4,Q1
1NAB__44D__laC__aaA__rs41__m1__alt.,G_f8da3dde908a758b32f7,1NAB,eligible_core,DNA,Q4,Q3,Q1
1NAB__44D__laD__aaB__rs40__m1__alt.,G_f8da3dde908a758b32f7,1NAB,eligible_core,DNA,Q4,Q3,Q1
1OLD__AAR__laB__aaA__rs25__m1__alt.,G_f6d205a36aa2b3ea9b3b,1OLD,eligible_core,DNA,Q1,Q3,Q2
1P20__DM2__laB__aaA__rs7__m1__alt.,G_4381029694beb1f55b00,1P20,eligible_diversity,DNA,Q4,Q3,Q1
1PQQ__CYE__laC__aaB__rs23__m1__alt.,G_b73fd82ffba342183c45,1PQQ,eligible_core,DNA,Q4,Q2,Q2
1QCH__NGM__laC__aaA__rs13__m1__alt.,G_32a6beb40d4b71573b97,1QCH,eligible_core,DNA,Q4,Q4,Q1
1QSX__HT__laJ__aaB__rs25__m1__alt.,G_2c557c4c6ad9206fb138,1QSX,eligible_core,DNA,Q3,Q2,Q1
1QSX__HT__laK__aaB__rs26__m1__alt.,G_2c557c4c6ad9206fb138,1QSX,eligible_core,DNA,Q3,Q2,Q1
1R68__MAR__laB__aaA__rs7__m1__alt.,G_4381029694beb1f55b00,1R68,eligible_diversity,DNA,Q4,Q3,Q1
1RMX__AIK__laC__aaA__rs11__m1__alt.,G_0884f30afeef76dffb79,1RMX,eligible_core,DNA,Q4,Q4,Q2
1RMX__AIK__laD__aaB__rs2__m1__alt.,G_0884f30afeef76dffb79,1RMX,eligible_core,DNA,Q4,Q4,Q2
1S32__DIB__laBA__aaI__rs1611__m1__alt.,G_3b9eb495fae77c379e57,1S32,eligible_core,DNA,Q1,Q2,Q2
1S32__DIB__laMA__aaI__rs1631__m1__alt.,G_3b9eb495fae77c379e57,1S32,eligible_core,DNA,Q1,Q2,Q2
1S32__OGG__laTA__aaJ__rs1700__m1__alt.,G_3b9eb495fae77c379e57,1S32,eligible_core,DNA,Q1,Q4,Q3
1V9G__SPW__laC__aaA__rs13__m1__alt.,G_d4394b970d2eb8a9762d,1V9G,eligible_core,DNA,Q1,Q4,Q1
1X26__NAZ__laC__aaA__rs25__m1__alt.,G_371875130bf669764bfc,1X26,eligible_core,DNA,Q3,Q4,Q2
1X26__NAZ__laD__aaB__rs24__m1__alt.,G_371875130bf669764bfc,1X26,eligible_core,DNA,Q3,Q4,Q2
1X95__XR2__laC__aaA__rs21__m1__alt.,G_32a6beb40d4b71573b97,1X95,eligible_core,DNA,Q4,Q4,Q1
1YLS__DAI__laM__aaC__rs100__m1__alt.,G_7aa242742fb9e960440b,1YLS,eligible_core,RNA,Q3,Q3,Q4
1Z3F__EL__laC__aaA__rs41__m1__alt.,G_f8da3dde908a758b32f7,1Z3F,eligible_diversity,DNA,Q1,Q1,Q1
1Z3F__EL__laE__aaB__rs42__m1__alt.,G_f8da3dde908a758b32f7,1Z3F,eligible_diversity,DNA,Q1,Q1,Q1
1ZTT__NT__laD__aaG__rs301__m1__alt.,G_54617f9c318b8c4f9697,1ZTT,eligible_core,DNA,Q3,Q4,Q1
202D__MNG__laC__aaA__rs9__m1__alt.,G_34a22ef70d3a3fe15e2c,202D,eligible_core,DNA,Q4,Q2,Q1
202D__MNG__laD__aaB__rs9__m1__alt.,G_34a22ef70d3a3fe15e2c,202D,eligible_core,DNA,Q4,Q2,Q1
203D__PSO__laC__aaA__rs9__m1__alt.,G_0ea993e0398d82866da7,203D,eligible_core,DNA,Q1,Q1,Q1
204D__PSO__laC__aaB__rs1__m1__alt.,G_0ea993e0398d82866da7,204D,eligible_core,DNA,Q1,Q1,Q1
207D__CRH__laL__aaA__rs13__m1__alt.,G_2da89380ad42a5abd0c0,207D,eligible_core,DNA,Q3,Q3,Q1
207D__CRH__laM__aaA__rs27__m1__alt.,G_2da89380ad42a5abd0c0,207D,eligible_core,DNA,Q3,Q3,Q1
207D__CRH__laO__aaB__rs17__m1__alt.,G_2da89380ad42a5abd0c0,207D,eligible_core,DNA,Q3,Q3,Q1
207D__CRH__laP__aaB__rs23__m1__alt.,G_2da89380ad42a5abd0c0,207D,eligible_core,DNA,Q3,Q3,Q1
215D__DMM__laB__aaA__rs7__m1__alt.,G_1fd551551594e8caf9b1,215D,eligible_diversity,DNA,Q4,Q4,Q1
21CC__PP9__laC__aaB__rs101__m1__alt.,G_ddff74462a80aa5a65f4,21CC,eligible_core,RNA,Q4,Q4,Q2
224D__NGM__laC__aaA__rs14__m1__altA,G_5752b6ead73128586730,224D,eligible_core,DNA,Q4,Q4,Q1
224D__NGM__laD__aaB__rs13__m1__alt.,G_5752b6ead73128586730,224D,eligible_core,DNA,Q4,Q4,Q1
234D__DMM__laB__aaA__rs7__m1__alt.,G_4381029694beb1f55b00,234D,eligible_diversity,DNA,Q4,Q4,Q1
235D__DMM__laB__aaA__rs7__m1__altA,G_4381029694beb1f55b00,235D,eligible_diversity,DNA,Q4,Q4,Q1
236D__CMD__laB__aaA__rs7__m1__alt.,G_4381029694beb1f55b00,236D,eligible_diversity,DNA,Q4,Q3,Q1
23JZ__AMR__laB__aaA__rs101__m1__alt.,G_b35e59e3cb00ed717f8a,23JZ,eligible_core,RNA,Q1,Q1,Q2
23KA__AMR__laF__aaB__rs101__m1__alt.,G_b35e59e3cb00ed717f8a,23KA,eligible_core,RNA,Q1,Q1,Q3
23KA__AMR__laI__aaC__rs101__m1__alt.,G_b35e59e3cb00ed717f8a,23KA,eligible_core,RNA,Q1,Q1,Q2
245D__NGM__laC__aaA__rs14__m1__altA,G_5752b6ead73128586730,245D,eligible_core,DNA,Q4,Q4,Q1
245D__NGM__laD__aaB__rs13__m1__alt.,G_5752b6ead73128586730,245D,eligible_core,DNA,Q4,Q4,Q1
24QP__DNH__laZ__aaN__rs101__m1__alt.,G_e70846682313a9b29b6a,24QP,eligible_core,DNA,Q1,Q1,Q2
24QR__DNH__laU__aaN__rs101__m1__alt.,G_5a42badda56c7be54f58,24QR,eligible_core,mixed,Q1,Q1,Q3
258D__NGM__laE__aaA__rs26__m1__alt.,G_6b8aadba7a0bdd65d461,258D,eligible_core,DNA,Q4,Q4,Q1
258D__NGM__laG__aaB__rs25__m1__alt.,G_6b8aadba7a0bdd65d461,258D,eligible_core,DNA,Q4,Q4,Q1
258D__NGM__laK__aaC__rs28__m1__alt.,G_6b8aadba7a0bdd65d461,258D,eligible_core,DNA,Q4,Q4,Q1
258D__NGM__laL__aaD__rs27__m1__alt.,G_6b8aadba7a0bdd65d461,258D,eligible_core,DNA,Q4,Q4,Q2
26JR__A1EOV__laB__aaA__rs101__m1__alt.,G_98f2a74e0b19f1c865e2,26JR,eligible_core,DNA,Q4,Q3,Q3
26JT__A1EOB__laB__aaA__rs101__m1__alt.,G_98f2a74e0b19f1c865e2,26JT,eligible_core,DNA,Q4,Q3,Q3
276D__DM8__laB__aaA__rs7__m1__alt.,G_4381029694beb1f55b00,276D,eligible_diversity,DNA,Q4,Q3,Q1
278D__DM8__laB__aaA__rs7__m1__alt.,G_2d120438882d1ea52a15,278D,eligible_diversity,DNA,Q4,Q3,Q1
282D__NGM__laC__aaA__rs13__m1__alt.,G_98f90913825ff5d6a99a,282D,eligible_core,DNA,Q4,Q4,Q1
288D__DM8__laB__aaA__rs7__m1__alt.,G_1fd551551594e8caf9b1,288D,eligible_diversity,DNA,Q4,Q3,Q1
292D__P24__laC__aaA__rs13__m1__alt.,G_d4394b970d2eb8a9762d,292D,eligible_core,DNA,Q1,Q3,Q1
2ARG__AAR__laB__aaA__rs31__m1__alt.,G_8bfb6c9ec1e5277aa296,2ARG,eligible_core,DNA,Q1,Q3,Q2
2DES__DMM__laC__aaA__rs13__m1__alt.,G_1fd551551594e8caf9b1,2DES,eligible_core,DNA,Q4,Q4,Q1
2DES__DMM__laD__aaA__rs14__m1__alt.,G_1fd551551594e8caf9b1,2DES,eligible_core,DNA,Q4,Q4,Q1
2ET0__NPM__laJ__aaA__rs10__m1__alt.,G_1fd551551594e8caf9b1,2ET0,eligible_diversity,DNA,Q3,Q3,Q1
2IE1__PAW__laC__aaA__rs101__m1__alt.,G_d4394b970d2eb8a9762d,2IE1,eligible_core,DNA,Q1,Q4,Q1
2IE1__PAW__laD__aaB__rs102__m1__alt.,G_d4394b970d2eb8a9762d,2IE1,eligible_core,DNA,Q1,Q4,Q1
2KD4__PRL__laC__aaA__rs17__m1__alt.,G_4a1ea9d17b738bbdec0b,2KD4,eligible_core,RNA,Q1,Q1,Q1
2KD4__PRL__laD__aaB__rs17__m1__alt.,G_4a1ea9d17b738bbdec0b,2KD4,eligible_core,RNA,Q1,Q1,Q1
2KXM__RIO__laB__aaA__rs101__m1__alt.,G_b2af33f57322cde0012e,2KXM,eligible_core,RNA,Q3,Q3,Q3
2L1V__PRF__laB__aaA__rs37__m1__alt.,G_fce85dfc4e682d1e789b,2L1V,eligible_core,RNA,Q1,Q1,Q3
2L7V__QUL__laD__aaA__rs1__m1__alt.,G_504f11fa1e3278ad1b85,2L7V,eligible_core,DNA,Q2,Q3,Q2
2L7V__QUL__laE__aaA__rs2__m1__alt.,G_504f11fa1e3278ad1b85,2L7V,eligible_core,DNA,Q2,Q3,Q2
2LWH__NT__laC__aa1__rs101__m1__alt.,G_0675dcbedb8587433e1d,2LWH,eligible_core,DNA,Q3,Q4,Q2
2LWK__0EC__laB__aaA__rs101__m1__alt.,G_4d79dd1cf784ba59d82c,2LWK,eligible_core,RNA,Q2,Q2,Q3
2MG8__XR2__laC__aaB__rs101__m1__alt.,G_152843b17d2e5e1bbbda,2MG8,eligible_core,DNA,Q4,Q4,Q2
2MG8__XR2__laD__aaB__rs102__m1__alt.,G_152843b17d2e5e1bbbda,2MG8,eligible_core,DNA,Q4,Q4,Q2
2MGN__PQ3__laB__aaA__rs25__m1__alt.,G_8c3db9e2410237792fc7,2MGN,eligible_core,DNA,Q4,Q3,Q2
2MIY__PRF__laB__aaA__rs101__m1__alt.,G_66307bac48e623d53565,2MIY,eligible_core,RNA,Q1,Q1,Q3
2MNE__3B5__laC__aaA__rs101__m1__alt.,G_0884f30afeef76dffb79,2MNE,eligible_core,DNA,Q4,Q4,Q2
2MNE__3B5__laD__aaB__rs101__m1__alt.,G_0884f30afeef76dffb79,2MNE,eligible_core,DNA,Q4,Q4,Q2
2MXS__PAR__laB__aaA__rs101__m1__alt.,G_b2af33f57322cde0012e,2MXS,eligible_core,RNA,Q4,Q4,Q3
2N0J__RIO__laB__aaA__rs101__m1__alt.,G_b2af33f57322cde0012e,2N0J,eligible_core,RNA,Q3,Q3,Q3
2N6C__QUE__laB__aaA__rs101__m1__alt.,G_8c3db9e2410237792fc7,2N6C,eligible_core,DNA,Q2,Q1,Q2
2N6C__QUE__laC__aaA__rs102__m1__alt.,G_8c3db9e2410237792fc7,2N6C,eligible_core,DNA,Q2,Q1,Q2
2N96__4JF__laC__aaY__rs101__m1__alt.,G_be8e8ae60a27536ad491,2N96,eligible_core,DNA,Q4,Q4,Q1
2NEO__NCS__laB__aaA__rs21__m1__alt.,G_662d93f502560dc34d5a,2NEO,eligible_core,DNA,Q4,Q3,Q2
2NZ4__GLP__laR__aaF__rs5002__m1__alt.,G_a1c07a3955421f362a50,2NZ4,eligible_core,RNA,Q1,Q2,Q4
2NZ4__GLP__laW__aaG__rs5003__m1__alt.,G_a1c07a3955421f362a50,2NZ4,eligible_core,RNA,Q1,Q2,Q4
2O5C__TDR__laE__aaD__rs799__m1__alt.,G_048f30b55d8c9695038f,2O5C,eligible_diversity,DNA,Q1,Q1,Q1
2O5E__TDR__laE__aaD__rs9__m1__alt.,G_048f30b55d8c9695038f,2O5E,eligible_diversity,DNA,Q1,Q1,Q1
2OEY__S2A__laB__aaA__rs26__m1__alt.,G_0afee7058414bb83f67b,2OEY,eligible_core,DNA,Q4,Q3,Q2
2OYQ__N5P__laN__aaI__rs704__m1__alt.,G_ead2e43a63fb0ca04eb3,2OYQ,eligible_diversity,DNA,Q3,Q4,Q1
2QK9__16D__laG__aaC__rs1004__m1__alt.,G_a6d5077cdcee5171b596,2QK9,eligible_core,mixed,Q1,Q3,Q2
2QWY__SAM__laH__aaA__rs100__m1__alt.,G_634c652c92f1c4aa1d1a,2QWY,eligible_core,RNA,Q3,Q4,Q3
2QWY__SAM__laK__aaB__rs300__m1__alt.,G_634c652c92f1c4aa1d1a,2QWY,eligible_core,RNA,Q3,Q4,Q3
2QWY__SAM__laO__aaC__rs500__m1__alt.,G_634c652c92f1c4aa1d1a,2QWY,eligible_core,RNA,Q3,Q4,Q3
2R2S__BLB__laE__aaB__rs9__m1__alt.,G_dff6a42783a14020d77b,2R2S,eligible_core,DNA,Q4,Q4,Q1
2R2U__BTZ__laD__aaG__rs1__m1__alt.,G_bfc19b7b65125fcffdd4,2R2U,eligible_diversity,DNA,Q2,Q4,Q1
308D__DM1__laD__aaA__rs14__m1__alt.,G_1fd551551594e8caf9b1,308D,eligible_core,DNA,Q4,Q3,Q1
308D__DM1__laH__aaB__rs14__m1__alt.,G_1fd551551594e8caf9b1,308D,eligible_core,DNA,Q4,Q3,Q1
366D__DA6__laB__aaA__rs3013__m1__alt.,G_ca3027c76349e041684a,366D,eligible_diversity,DNA,Q2,Q3,Q1
366D__DA6__laC__aaA__rs3015__m1__alt.,G_ca3027c76349e041684a,366D,eligible_diversity,DNA,Q2,Q3,Q1
378D__DMY__laE__aaA__rs34__m1__alt.,G_789f4ec27ae28566e277,378D,eligible_core,DNA,Q3,Q4,Q2
378D__DMY__laG__aaB__rs33__m1__alt.,G_789f4ec27ae28566e277,378D,eligible_core,DNA,Q3,Q4,Q3
378D__DMY__laH__aaC__rs36__m1__alt.,G_789f4ec27ae28566e277,378D,eligible_core,DNA,Q3,Q4,Q2
378D__DMY__laI__aaD__rs35__m1__alt.,G_789f4ec27ae28566e277,378D,eligible_core,DNA,Q3,Q4,Q2
37CM__N3D__laD__aaA__rs102__m1__alt.,G_0b3b0acb0595a1a57016,37CM,eligible_core,RNA,Q1,Q2,Q4
37CM__N3D__laQ__aaB__rs102__m1__alt.,G_0b3b0acb0595a1a57016,37CM,eligible_core,RNA,Q1,Q2,Q4
385D__NOD__laB__aaA__rs7__m1__alt.,G_4381029694beb1f55b00,385D,eligible_diversity,DNA,Q4,Q4,Q1
386D__AQS__laB__aaA__rs7__m1__alt.,G_1fd551551594e8caf9b1,386D,eligible_diversity,DNA,Q3,Q4,Q1
3B4A__GLP__laC__aaA__rs401__m1__alt.,G_4e3feda0a3799e054bfd,3B4A,eligible_core,RNA,Q1,Q2,Q4
3B4B__GLP__laC__aaA__rs201__m1__alt.,G_03ac507633f2da674242,3B4B,eligible_core,RNA,Q1,Q2,Q4
3B4C__GLP__laC__aaA__rs201__m1__alt.,G_69d69d129df9a7c47dfa,3B4C,eligible_core,RNA,Q1,Q2,Q4
3BNQ__PAR__laI__aaC__rs101__m1__alt.,G_4344d0ea8c9900f8bd99,3BNQ,eligible_diversity,RNA,Q4,Q4,Q2
3BNR__PAR__laF__aaC__rs24__m1__alt.,G_6b56c8e4fb57c97c62b0,3BNR,eligible_diversity,RNA,Q4,Q4,Q2
3CDM__NII__laD__aaA__rs27__m1__alt.,G_4419eca7fb1cbcd83693,3CDM,eligible_core,DNA,Q4,Q4,Q4
3CDM__NII__laH__aaB__rs27__m1__alt.,G_4419eca7fb1cbcd83693,3CDM,eligible_core,DNA,Q4,Q4,Q4
3CDM__NII__laI__aaB__rs28__m1__alt.,G_4419eca7fb1cbcd83693,3CDM,eligible_core,DNA,Q4,Q4,Q2
3CDM__NII__laJ__aaB__rs29__m1__alt.,G_4419eca7fb1cbcd83693,3CDM,eligible_core,DNA,Q4,Q4,Q3
3CE5__BRA__laE__aaA__rs27__m1__alt.,G_73b27e6f8ffef816ac02,3CE5,eligible_core,DNA,Q4,Q4,Q2
3EGZ__CTC__laD__aaB__rs601__m1__alt.,G_02e803498382e8d2c8c6,3EGZ,eligible_core,RNA,Q3,Q2,Q3
3EM2__NCE__laF__aaA__rs29__m1__alt.,G_bf122f9dbe9aaac7e786,3EM2,eligible_core,DNA,Q3,Q4,Q2
3EQW__NCI__laF__aaA__rs29__m1__alt.,G_bf122f9dbe9aaac7e786,3EQW,eligible_core,DNA,Q4,Q4,Q2
3ERU__NCJ__laF__aaA__rs29__m1__alt.,G_bf122f9dbe9aaac7e786,3ERU,eligible_core,DNA,Q4,Q4,Q2
3ES0__NCK__laF__aaA__rs29__m1__alt.,G_bf122f9dbe9aaac7e786,3ES0,eligible_core,DNA,Q4,Q4,Q2
3ET8__NCL__laF__aaA__rs29__m1__alt.,G_bf122f9dbe9aaac7e786,3ET8,eligible_core,DNA,Q4,Q4,Q2
3EUI__NC5__laH__aaA__rs57__m1__alt.,G_bf122f9dbe9aaac7e786,3EUI,eligible_core,DNA,Q4,Q4,Q2
3EUI__NCI__laN__aaC__rs58__m1__alt.,G_bf122f9dbe9aaac7e786,3EUI,eligible_core,DNA,Q4,Q4,Q2
3EUM__NCQ__laF__aaA__rs29__m1__alt.,G_bf122f9dbe9aaac7e786,3EUM,eligible_core,DNA,Q4,Q4,Q2
3EY0__PNT__laC__aaA__rs11__m1__alt.,G_553ba37a09008e7b82c9,3EY0,eligible_core,DNA,Q2,Q4,Q2
3FT6__PRL__laC__aaA__rs21__m1__alt.,G_f8da3dde908a758b32f7,3FT6,eligible_diversity,DNA,Q1,Q1,Q1
3FT6__PRL__laF__aaB__rs22__m1__alt.,G_f8da3dde908a758b32f7,3FT6,eligible_diversity,DNA,Q1,Q1,Q1
3FX8__5PM__laG__aaC__rs211__m1__alt.,G_1fd551551594e8caf9b1,3FX8,eligible_diversity,DNA,Q3,Q3,Q1
3G8T__GLP__laM__aaE__rs5001__m1__alt.,G_365958d9cb709ecfd1c8,3G8T,eligible_core,RNA,Q1,Q2,Q4
3G8T__GLP__laR__aaQ__rs5002__m1__alt.,G_365958d9cb709ecfd1c8,3G8T,eligible_core,RNA,Q1,Q2,Q4
3G8T__GLP__laV__aaR__rs5003__m1__alt.,G_365958d9cb709ecfd1c8,3G8T,eligible_core,RNA,Q1,Q2,Q4
3G8T__GLP__laZ__aaH__rs5004__m1__alt.,G_365958d9cb709ecfd1c8,3G8T,eligible_core,RNA,Q1,Q2,Q4
3G96__6MN__laM__aaF__rs12__m1__alt.,G_a1c07a3955421f362a50,3G96,eligible_core,RNA,Q1,Q2,Q4
3G9C__GLP__laM__aaE__rs5001__m1__alt.,G_dc3a8aa3e2b00b398f8e,3G9C,eligible_core,RNA,Q1,Q2,Q4
3I1D__NPM__laF__aaA__rs203__m1__alt.,G_1fd551551594e8caf9b1,3I1D,eligible_diversity,DNA,Q3,Q3,Q1
3I1D__NPM__laN__aaB__rs8__m1__alt.,G_1fd551551594e8caf9b1,3I1D,eligible_diversity,DNA,Q3,Q3,Q1
3I1D__NPM__laP__aaB__rs204__m1__alt.,G_1fd551551594e8caf9b1,3I1D,eligible_diversity,DNA,Q3,Q3,Q1
3IAG__XYL__laE__aaA__rs17__m1__alt.,G_e8cd2328c500e7e8ab1e,3IAG,eligible_core,DNA,Q1,Q3,Q2
3L3C__G6P__laBA__aaH__rs5004__m1__alt.,G_a1c07a3955421f362a50,3L3C,eligible_core,RNA,Q1,Q2,Q4
3L3C__G6P__laN__aaP__rs5001__m1__alt.,G_a1c07a3955421f362a50,3L3C,eligible_core,RNA,Q1,Q2,Q4
3L3C__G6P__laS__aaQ__rs5002__m1__alt.,G_a1c07a3955421f362a50,3L3C,eligible_core,RNA,Q1,Q2,Q4
3MIJ__R14__laD__aaA__rs30__m1__alt.,G_3845dade855b55b35121,3MIJ,eligible_core,RNA,Q4,Q4,Q1
3NX5__SAU__laE__aaC__rs7__m1__alt.,G_1bfc2c3cc40a3cf45e60,3NX5,eligible_core,DNA,Q2,Q1,Q1
3NYP__RNR__laF__aaA__rs17__m1__alt.,G_bf122f9dbe9aaac7e786,3NYP,eligible_core,DNA,Q3,Q4,Q2
3NZ7__SNS__laF__aaA__rs17__m1__alt.,G_bf122f9dbe9aaac7e786,3NZ7,eligible_core,DNA,Q3,Q4,Q2
3QCR__R14__laD__aaA__rs15__m1__alt.,G_ca96bd051796b089258e,3QCR,eligible_diversity,DNA,Q4,Q4,Q1
3SUH__FFO__laD__aaX__rs103__m1__alt.,G_29e8a7f2332874b97afd,3SUH,eligible_core,RNA,Q3,Q4,Q3
3TZR__SS0__laK__aaA__rs75__m1__alt.,G_80a7b6d8365d1e0c5249,3TZR,eligible_core,RNA,Q2,Q3,Q3
3U4M__MLI__laO__aaB__rs2202__m1__alt.,G_e11034eec43cef80567e,3U4M,eligible_core,RNA,Q1,Q2,Q2
3U4M__MLI__laP__aaB__rs2203__m1__alt.,G_e11034eec43cef80567e,3U4M,eligible_core,RNA,Q1,Q2,Q3
3U4M__MLI__laQ__aaB__rs2204__m1__alt.,G_e11034eec43cef80567e,3U4M,eligible_core,RNA,Q1,Q2,Q2
3U4M__MLI__laR__aaB__rs2205__m1__alt.,G_e11034eec43cef80567e,3U4M,eligible_core,RNA,Q1,Q2,Q4
3U56__MLI__laD__aaB__rs2201__m1__alt.,G_e11034eec43cef80567e,3U56,eligible_core,RNA,Q1,Q2,Q4
452D__9AD__laB__aaA__rs3013__m1__alt.,G_1fd551551594e8caf9b1,452D,eligible_diversity,DNA,Q2,Q3,Q1
452D__9AD__laC__aaA__rs3015__m1__alt.,G_1fd551551594e8caf9b1,452D,eligible_diversity,DNA,Q2,Q3,Q1
465D__9AD__laB__aaA__rs3014__m1__alt.,G_1fd551551594e8caf9b1,465D,eligible_diversity,DNA,Q2,Q3,Q1
465D__9AD__laC__aaA__rs3015__m1__altA,G_1fd551551594e8caf9b1,465D,eligible_diversity,DNA,Q2,Q3,Q1
473D__NT__laE__aaB__rs21__m1__alt.,G_0f2c53a028a04f6409f0,473D,eligible_core,DNA,Q3,Q4,Q2
482D__DM9__laB__aaA__rs7__m1__alt.,G_4381029694beb1f55b00,482D,eligible_diversity,DNA,Q4,Q4,Q1
4BZT__XR2__laC__aaA__rs13__m1__alt.,G_32a6beb40d4b71573b97,4BZT,eligible_core,DNA,Q4,Q4,Q1
4BZU__XR2__laC__aaA__rs17__m1__alt.,G_591b411638df5c9a5d3e,4BZU,eligible_core,DNA,Q4,Q4,Q1
4BZV__XR2__laC__aaA__rs17__m1__alt.,G_a81f4caa83b537a964f0,4BZV,eligible_core,DNA,Q4,Q4,Q1
4D9X__KPT__laF__aaC__rs101__m1__alt.,G_1bfc2c3cc40a3cf45e60,4D9X,eligible_core,DNA,Q2,Q1,Q1
4D9Y__CTI__laE__aaA__rs201__m1__alt.,G_1bfc2c3cc40a3cf45e60,4D9Y,eligible_core,DNA,Q2,Q2,Q1
4KZD__1TU__laG__aaR__rs103__m1__alt.,G_0c634718a14d714774d4,4KZD,eligible_core,RNA,Q1,Q2,Q3
4L5K__KPT__laB__aaA__rs101__m1__alt.,G_4381029694beb1f55b00,4L5K,eligible_diversity,DNA,Q2,Q1,Q1
4L81__SAM__laB__aaA__rs101__m1__alt.,G_58c164b6bf69d2cb9ff5,4L81,eligible_core,RNA,Q3,Q4,Q4
4OCD__MWB__laD__aaA__rs101__m1__alt.,G_bedb59053f323bb89e16,4OCD,eligible_core,DNA,Q2,Q3,Q1
4OCD__MWB__laE__aaB__rs101__m1__alt.,G_bedb59053f323bb89e16,4OCD,eligible_core,DNA,Q2,Q3,Q2
4OCD__MWB__laF__aaC__rs101__m1__alt.,G_bedb59053f323bb89e16,4OCD,eligible_core,DNA,Q2,Q3,Q1
4OQU__SAM__laB__aaA__rs101__m1__alt.,G_d6062a7912a9aaf3e48b,4OQU,eligible_core,RNA,Q3,Q4,Q4
4P1D__KPT__laE__aaA__rs103__m1__alt.,G_73b27e6f8ffef816ac02,4P1D,eligible_core,DNA,Q2,Q1,Q2
4Q9Q__2ZZ__laF__aaR__rs103__m1__alt.,G_0c634718a14d714774d4,4Q9Q,eligible_core,RNA,Q1,Q1,Q3
4Q9R__2ZY__laE__aaR__rs102__m1__alt.,G_0c634718a14d714774d4,4Q9R,eligible_core,RNA,Q2,Q2,Q3
4QK8__2BA__laB__aaA__rs201__m1__alt.,G_ce948ebfe00e3267e44e,4QK8,eligible_core,RNA,Q4,Q2,Q4
4QK8__2BA__laC__aaA__rs202__m1__alt.,G_ce948ebfe00e3267e44e,4QK8,eligible_core,RNA,Q4,Q2,Q4
4QK9__2BA__laB__aaA__rs201__m1__alt.,G_6364b68c1783bff71953,4QK9,eligible_core,RNA,Q4,Q2,Q4
4QK9__2BA__laC__aaA__rs202__m1__alt.,G_6364b68c1783bff71953,4QK9,eligible_core,RNA,Q4,Q2,Q4
4QKA__2BA__laB__aaA__rs201__m1__alt.,G_ce948ebfe00e3267e44e,4QKA,eligible_core,RNA,Q4,Q2,Q4
4QKA__2BA__laC__aaA__rs202__m1__alt.,G_ce948ebfe00e3267e44e,4QKA,eligible_core,RNA,Q4,Q2,Q4
4QLM__2BA__laD__aaA__rs203__m1__alt.,G_b32187f81fda483477f6,4QLM,eligible_core,RNA,Q4,Q2,Q4
4QLM__2BA__laE__aaA__rs204__m1__alt.,G_b32187f81fda483477f6,4QLM,eligible_core,RNA,Q4,Q2,Q4
4QZA__DCT__laI__aaU__rs101__m1__alt.,G_7c70ae444627afc584fe,4QZA,eligible_diversity,DNA,Q3,Q4,Q1
4RPX__DCP__laT__aaD__rs101__m1__alt.,G_15050faef046d2307070,4RPX,eligible_diversity,DNA,Q3,Q4,Q1
4RPY__DCP__laU__aaT__rs101__m1__alt.,G_15050faef046d2307070,4RPY,eligible_diversity,DNA,Q3,Q4,Q1
4RPZ__DCP__laO__aaD__rs101__m1__alt.,G_15050faef046d2307070,4RPZ,eligible_diversity,DNA,Q3,Q4,Q1
4RZD__PRF__laB__aaA__rs201__m1__alt.,G_5103cb97b5712bedaf9f,4RZD,eligible_core,RNA,Q1,Q1,Q3
4TS0__38E__laR__aaY__rs206__m1__alt.,G_d8b7f574abac88c5ffd9,4TS0,eligible_core,RNA,Q1,Q1,Q3
4TS2__38E__laH__aaY__rs204__m1__alt.,G_d8b7f574abac88c5ffd9,4TS2,eligible_core,RNA,Q1,Q1,Q3
4W90__2BA__laC__aaC__rs201__m1__alt.,G_2150f6a02db46414fd16,4W90,eligible_core,RNA,Q4,Q2,Q4
4W90__2BA__laD__aaC__rs202__m1__alt.,G_2150f6a02db46414fd16,4W90,eligible_core,RNA,Q4,Q2,Q4
4W92__2BA__laJ__aaC__rs208__m1__alt.,G_2150f6a02db46414fd16,4W92,eligible_core,RNA,Q4,Q2,Q4
4W92__2BA__laK__aaC__rs209__m1__alt.,G_2150f6a02db46414fd16,4W92,eligible_core,RNA,Q4,Q2,Q4
4X4V__5GP__laK__aaB__rs502__m1__alt.,G_df222a1b45f0449a5132,4X4V,eligible_core,RNA,Q2,Q3,Q1
4XW7__AMZ__laB__aaA__rs101__m1__alt.,G_020722e93f7895c4e086,4XW7,eligible_core,RNA,Q2,Q3,Q3
4XWF__AMZ__laB__aaA__rs101__m1__alt.,G_020722e93f7895c4e086,4XWF,eligible_core,RNA,Q2,Q3,Q3
4Y1I__GTP__laBA__aaA__rs226__m1__alt.,G_bd63aa662af9ed47c094,4Y1I,eligible_core,RNA,Q3,Q4,Q3
4Y1I__GTP__laC__aaA__rs201__m1__alt.,G_bd63aa662af9ed47c094,4Y1I,eligible_core,RNA,Q3,Q4,Q1
4YAZ__4BW__laH__aaR__rs106__m1__alt.,G_ce69caab7153f344dc2e,4YAZ,eligible_core,RNA,Q4,Q2,Q4
4YAZ__4BW__laL__aaA__rs103__m1__alt.,G_ce69caab7153f344dc2e,4YAZ,eligible_core,RNA,Q4,Q2,Q4
4YB0__C2E__laD__aaR__rs102__m1__alt.,G_689ef75b0dd4d93dca97,4YB0,eligible_core,RNA,Q4,Q2,Q4
4YB0__C2E__laK__aaA__rs102__m1__alt.,G_689ef75b0dd4d93dca97,4YB0,eligible_core,RNA,Q4,Q2,Q4
4Z2D__LFX__laK__aaF__rs102__m1__alt.,G_2a1e4907417f8fa212c2,4Z2D,eligible_core,DNA,Q2,Q2,Q2
4ZM0__144__laK__aaG__rs102__m1__alt.,G_2a6f6e1bafd3571f1f75,4ZM0,eligible_core,DNA,Q1,Q2,Q1
5BTP__AMZ__laJ__aaB__rs108__m1__alt.,G_2870177277d647729653,5BTP,eligible_core,RNA,Q2,Q3,Q4
5BTP__AMZ__laQ__aaA__rs106__m1__alt.,G_2870177277d647729653,5BTP,eligible_core,RNA,Q2,Q3,Q4
5E63__PG0__laJ__aaE__rs101__m1__altA,G_330f81373c58485694ef,5E63,eligible_core,DNA,Q1,Q3,Q1
5E67__PG0__laG__aaB__rs101__m1__altA,G_89c3c4a1bfb911aa4217,5E67,eligible_core,DNA,Q1,Q3,Q1
5IHD__2OP__laG__aaA__rs103__m1__alt.,G_e53e04e40f1677727954,5IHD,eligible_core,DNA,Q1,Q1,Q2
5IHD__2OP__laJ__aaB__rs103__m1__alt.,G_e53e04e40f1677727954,5IHD,eligible_core,DNA,Q1,Q1,Q2
5IHD__SIN__laM__aaD__rs101__m1__alt.,G_e53e04e40f1677727954,5IHD,eligible_core,DNA,Q1,Q2,Q2
5JVW__6O6__laJ__aaB__rs102__m1__alt.,G_8c46e55d60c30f91a657,5JVW,eligible_core,DNA,Q4,Q4,Q3
5JVW__6O6__laP__aaC__rs102__m1__alt.,G_8c46e55d60c30f91a657,5JVW,eligible_core,DNA,Q4,Q4,Q3
5JW0__6O7__laC__aaA__rs101__m1__alt.,G_06a680071be18fd88660,5JW0,eligible_diversity,DNA,Q4,Q4,Q1
5JW0__6O7__laD__aaA__rs102__m1__alt.,G_06a680071be18fd88660,5JW0,eligible_core,DNA,Q4,Q4,Q1
5JW0__6O7__laE__aaA__rs103__m1__alt.,G_06a680071be18fd88660,5JW0,eligible_core,DNA,Q4,Q4,Q1
5JW0__6O7__laK__aaB__rs101__m1__alt.,G_06a680071be18fd88660,5JW0,eligible_diversity,DNA,Q4,Q4,Q2
5JW2__6O7__laC__aaA__rs101__m1__alt.,G_7c4276be74e6b26f3dd9,5JW2,eligible_diversity,DNA,Q4,Q4,Q1
5JW2__6O7__laD__aaA__rs102__m1__alt.,G_7c4276be74e6b26f3dd9,5JW2,eligible_diversity,DNA,Q4,Q4,Q1
5JW2__6O7__laE__aaA__rs103__m1__alt.,G_7c4276be74e6b26f3dd9,5JW2,eligible_core,DNA,Q4,Q4,Q1
5JW2__6O7__laI__aaB__rs101__m1__alt.,G_7c4276be74e6b26f3dd9,5JW2,eligible_diversity,DNA,Q4,Q4,Q2
5LIT__6XV__laE__aaD__rs101__m1__alt.,G_faf33889548a0548cedb,5LIT,eligible_core,DNA,Q3,Q3,Q1
5LIT__6XV__laG__aaC__rs101__m1__alt.,G_faf33889548a0548cedb,5LIT,eligible_core,DNA,Q3,Q3,Q1
5LIT__6XV__laJ__aaB__rs102__m1__alt.,G_faf33889548a0548cedb,5LIT,eligible_core,DNA,Q3,Q3,Q1
5LWJ__GTP__laB__aaA__rs101__m1__alt.,G_2b5d68c7288ae640128f,5LWJ,eligible_core,RNA,Q3,Q4,Q2
5NDV__PAR__laTJA__aa3__rs201__m1__alt.,G_3f9dcb5d8c4df2dc0f7e,5NDV,eligible_core,RNA,Q4,Q4,Q4
5NPM__MLI__laC__aaB__rs101__m1__alt.,G_e11034eec43cef80567e,5NPM,eligible_core,RNA,Q1,Q2,Q1
5O62__EGD__laC__aaA__rs101__m1__alt.,G_9bc8b37874ce847acc9d,5O62,eligible_core,RNA,Q1,Q1,Q3
5O69__AG2__laC__aaA__rs101__m1__alt.,G_9bc8b37874ce847acc9d,5O69,eligible_core,RNA,Q1,Q3,Q3
5OB3__1TU__laB__aaA__rs101__m1__alt.,G_ecd64a90cdeb667fbd09,5OB3,eligible_core,RNA,Q1,Q2,Q3
5OBM__LLL__laCEA__aa4__rs224__m1__alt.,G_3f9dcb5d8c4df2dc0f7e,5OBM,eligible_core,RNA,Q3,Q3,Q4
5OBM__LLL__laGTB__aa8__rs221__m1__alt.,G_3f9dcb5d8c4df2dc0f7e,5OBM,eligible_core,RNA,Q3,Q3,Q4
5OBM__LLL__laJSB__aa7__rs231__m1__alt.,G_3f9dcb5d8c4df2dc0f7e,5OBM,eligible_core,RNA,Q3,Q3,Q1
5OBM__LLL__laLSB__aa7__rs233__m1__alt.,G_3f9dcb5d8c4df2dc0f7e,5OBM,eligible_core,RNA,Q3,Q3,Q3
5ODF__CWN__laC__aaA__rs101__m1__alt.,G_f3c467e6cfdb57c77b06,5ODF,eligible_core,DNA,Q4,Q4,Q2
5TPY__HEZ__laC__aaA__rs102__m1__alt.,G_368ee102718f5d4f7063,5TPY,eligible_core,RNA,Q1,Q3,Q3
5V3F__74G__laF__aaA__rs104__m1__alt.,G_08798c9c6a80d175ab47,5V3F,eligible_core,RNA,Q4,Q4,Q2
5V3F__74G__laJ__aaB__rs104__m1__alt.,G_08798c9c6a80d175ab47,5V3F,eligible_core,RNA,Q4,Q4,Q3
5VCF__8OS__laC__aaA__rs101__m1__alt.,G_6ee7bb21b7b021a0656e,5VCF,eligible_core,RNA,Q3,Q3,Q2
5VCI__8OS__laC__aaA__rs101__m1__alt.,G_6ee7bb21b7b021a0656e,5VCI,eligible_core,RNA,Q3,Q3,Q2
5W77__9WP__laD__aaA__rs103__m1__alt.,G_504f11fa1e3278ad1b85,5W77,eligible_core,DNA,Q3,Q3,Q2
5W77__9WP__laE__aaA__rs104__m1__alt.,G_504f11fa1e3278ad1b85,5W77,eligible_core,DNA,Q3,Q3,Q2
5Z7I__BU3__laF__aaD__rs1000__m1__alt.,G_eb4903b99f36d77d79d9,5Z7I,eligible_core,DNA,Q1,Q1,Q1
6AZ3__PAR__laAC__aa2__rs1703__m1__alt.,G_861206b6a58a5dca1ac4,6AZ3,eligible_core,RNA,Q4,Q4,Q4
6AZ3__PAR__laBB__aa1__rs1804__m1__alt.,G_861206b6a58a5dca1ac4,6AZ3,eligible_core,RNA,Q4,Q4,Q4
6AZ3__PAR__laCB__aa1__rs1805__m1__alt.,G_861206b6a58a5dca1ac4,6AZ3,eligible_core,RNA,Q4,Q4,Q3
6AZ3__PAR__laZB__aa2__rs1702__m1__alt.,G_861206b6a58a5dca1ac4,6AZ3,eligible_core,RNA,Q4,Q4,Q4
6AZ4__GP3__laC__aaA__rs101__m1__alt.,G_4334f002e1b5a211e228,6AZ4,eligible_core,RNA,Q4,Q4,Q3
6BSH__TAM__laN__aaR__rs101__m1__alt.,G_47a9afe725304a959c5d,6BSH,eligible_core,mixed,Q1,Q3,Q2
6BSJ__TAM__laK__aaR__rs101__m1__alt.,G_5823031a27f86dc0cd3f,6BSJ,eligible_core,mixed,Q1,Q3,Q2
6BST__SR0__laC__aaA__rs101__m1__alt.,G_d4394b970d2eb8a9762d,6BST,eligible_core,DNA,Q1,Q4,Q1
6C63__EKJ__laD__aaA__rs101__m1__alt.,G_1289e351afffc8579e30,6C63,eligible_core,RNA,Q3,Q4,Q4
6C63__EKJ__laH__aaB__rs101__m1__alt.,G_1289e351afffc8579e30,6C63,eligible_core,RNA,Q3,Q4,Q4
6C64__EKM__laD__aaA__rs101__m1__alt.,G_1289e351afffc8579e30,6C64,eligible_core,RNA,Q2,Q2,Q3
6C64__EKM__laH__aaB__rs101__m1__alt.,G_1289e351afffc8579e30,6C64,eligible_core,RNA,Q2,Q2,Q4
6C65__EKJ__laD__aaA__rs101__m1__alt.,G_1f5f85fe563925953eaf,6C65,eligible_core,RNA,Q3,Q4,Q4
6C65__EKJ__laH__aaB__rs101__m1__alt.,G_1f5f85fe563925953eaf,6C65,eligible_core,RNA,Q3,Q4,Q4
6C65__EKJ__laL__aaC__rs101__m1__alt.,G_1f5f85fe563925953eaf,6C65,eligible_core,RNA,Q3,Q4,Q3
6CB3__GTP__laAB__aaB__rs221__m1__alt.,G_9a4cdd410441decac1f0,6CB3,eligible_core,RNA,Q3,Q4,Q3
6CB3__GTP__laU__aaA__rs219__m1__alt.,G_9a4cdd410441decac1f0,6CB3,eligible_core,RNA,Q3,Q4,Q3
6CC3__GTP__laFA__aaB__rs211__m1__alt.,G_2be7724b91f9e2ab8dac,6CC3,eligible_diversity,RNA,Q3,Q4,Q1
6CK5__PRP__laIA__aaB__rs216__m1__alt.,G_b75e1a9edc996e8b0acf,6CK5,eligible_core,RNA,Q2,Q4,Q4
6DB8__G4A__laD__aaR__rs101__m1__alt.,G_92fe205b1c074b71da3c,6DB8,eligible_core,RNA,Q3,Q3,Q2
6DLQ__PRP__laB__aaA__rs201__m1__altA,G_96de5ce1de529c641343,6DLQ,eligible_core,RNA,Q2,Q4,Q4
6DLR__PRP__laB__aaA__rs201__m1__altA,G_96de5ce1de529c641343,6DLR,eligible_core,RNA,Q2,Q4,Q4
6DLS__PRP__laB__aaA__rs201__m1__altA,G_96de5ce1de529c641343,6DLS,eligible_core,RNA,Q2,Q4,Q4
6DLT__PRP__laH__aaA__rs207__m1__altA,G_96de5ce1de529c641343,6DLT,eligible_core,RNA,Q2,Q4,Q4
6E81__TFX__laB__aaA__rs101__m1__altA,G_751558b4043242d86f3d,6E81,eligible_core,RNA,Q2,Q2,Q2
6E82__TFX__laC__aaA__rs102__m1__altA,G_30a39506a4816edb6c64,6E82,eligible_core,RNA,Q2,Q2,Q2
6E84__J0D__laC__aaA__rs102__m1__alt.,G_751558b4043242d86f3d,6E84,eligible_core,RNA,Q2,Q1,Q2
6E8S__EKJ__laC__aaA__rs101__m1__alt.,G_860bac04d2e414142a3a,6E8S,eligible_core,RNA,Q3,Q4,Q4
6E8S__EKJ__laG__aaB__rs101__m1__alt.,G_860bac04d2e414142a3a,6E8S,eligible_core,RNA,Q3,Q4,Q4
6E8T__HZG__laE__aaD__rs101__m1__alt.,G_85380bb04f765f054d1a,6E8T,eligible_core,RNA,Q2,Q3,Q4
6E8T__HZG__laG__aaC__rs101__m1__alt.,G_85380bb04f765f054d1a,6E8T,eligible_core,RNA,Q2,Q3,Q4
6E8T__HZG__laJ__aaB__rs101__m1__alt.,G_85380bb04f765f054d1a,6E8T,eligible_core,RNA,Q2,Q3,Q4
6E8T__HZG__laL__aaA__rs101__m1__alt.,G_85380bb04f765f054d1a,6E8T,eligible_core,RNA,Q2,Q3,Q4
6E8U__HZD__laG__aaB__rs106__m1__alt.,G_9372e39e7541855426b2,6E8U,eligible_core,RNA,Q4,Q4,Q3
6FC9__D5B__laB__aaA__rs101__m1__alt.,G_ff22f073e7a9c8691a74,6FC9,eligible_core,DNA,Q1,Q2,Q2
6GIM__EZK__laE__aaD__rs101__m1__alt.,G_faf33889548a0548cedb,6GIM,eligible_core,DNA,Q3,Q3,Q1
6GIM__EZK__laF__aaC__rs101__m1__alt.,G_faf33889548a0548cedb,6GIM,eligible_core,DNA,Q3,Q3,Q1
6GIM__EZK__laI__aaB__rs101__m1__alt.,G_faf33889548a0548cedb,6GIM,eligible_core,DNA,Q3,Q3,Q1
6GZ7__FGW__laC__aaA__rs101__m1__alt.,G_327c2a2adc15b73518b0,6GZ7,eligible_core,DNA,Q4,Q4,Q2
6GZK__FH8__laB__aaA__rs101__m1__alt.,G_e570b205c5ce77f45ce3,6GZK,eligible_core,RNA,Q3,Q3,Q3
6GZR__FH8__laB__aaA__rs101__m1__alt.,G_e570b205c5ce77f45ce3,6GZR,eligible_core,RNA,Q3,Q3,Q3
6HAG__SAH__laB__aaA__rs101__m1__alt.,G_09fc3570827476faeeb0,6HAG,eligible_core,RNA,Q2,Q4,Q3
6IZP__B2R__laB__aaA__rs101__m1__alt.,G_65b008721d0979c1f99f,6IZP,eligible_core,RNA,Q4,Q4,Q2
6IZP__B2R__laC__aaA__rs102__m1__alt.,G_65b008721d0979c1f99f,6IZP,eligible_core,RNA,Q4,Q4,Q2
6J2W__B2U__laB__aaA__rs101__m1__alt.,G_bcdee719161bcc020e17,6J2W,eligible_core,DNA,Q3,Q3,Q2
6JJ0__BO6__laB__aaA__rs101__m1__alt.,G_504f11fa1e3278ad1b85,6JJ0,eligible_core,DNA,Q3,Q3,Q2
6JJH__POH__laB__aaB__rs101__m1__alt.,G_f5b0a27c8867ce1b62ce,6JJH,eligible_core,RNA,Q4,Q3,Q1
6JJH__POH__laC__aaB__rs102__m1__alt.,G_f5b0a27c8867ce1b62ce,6JJH,eligible_core,RNA,Q4,Q3,Q1
6JJI__POH__laE__aaB__rs104__m1__alt.,G_f5b0a27c8867ce1b62ce,6JJI,eligible_core,RNA,Q4,Q3,Q1
6K3Y__4BW__laB__aaA__rs101__m1__alt.,G_29644ff7eba1d83fb093,6K3Y,eligible_diversity,DNA,Q4,Q2,Q1
6KFL__POH__laG__aaA__rs105__m1__alt.,G_22f6f869a2d4d6d632de,6KFL,eligible_core,DNA,Q4,Q3,Q2
6LAS__SAM__laF__aaA__rs101__m1__alt.,G_a60a38c7c5512b252d06,6LAS,eligible_core,RNA,Q3,Q4,Q4
6LAS__SAM__laG__aaB__rs101__m1__alt.,G_a60a38c7c5512b252d06,6LAS,eligible_core,RNA,Q3,Q4,Q4
6LAU__SAH__laF__aaA__rs101__m1__alt.,G_a60a38c7c5512b252d06,6LAU,eligible_core,RNA,Q2,Q4,Q4
6LAU__SAH__laI__aaB__rs101__m1__alt.,G_a60a38c7c5512b252d06,6LAU,eligible_core,RNA,Q2,Q4,Q4
6LAX__SAM__laF__aaA__rs101__m1__alt.,G_63d567b2c857002b7834,6LAX,eligible_core,RNA,Q3,Q4,Q4
6LAX__SAM__laG__aaB__rs101__m1__alt.,G_63d567b2c857002b7834,6LAX,eligible_core,RNA,Q3,Q4,Q4
6LAZ__E7X__laG__aaA__rs102__m1__alt.,G_a60a38c7c5512b252d06,6LAZ,eligible_core,RNA,Q3,Q4,Q4
6LAZ__E7X__laH__aaB__rs101__m1__alt.,G_a60a38c7c5512b252d06,6LAZ,eligible_core,RNA,Q3,Q4,Q4
6M4T__F1R__laG__aaA__rs103__m1__alt.,G_c8ecaa194a59138a6d96,6M4T,eligible_core,DNA,Q3,Q4,Q2
6M4T__F1R__laJ__aaB__rs103__m1__alt.,G_c8ecaa194a59138a6d96,6M4T,eligible_core,DNA,Q3,Q4,Q2
6M4T__F1R__laK__aaC__rs101__m1__alt.,G_c8ecaa194a59138a6d96,6M4T,eligible_core,DNA,Q3,Q4,Q2
6M4T__F1R__laL__aaD__rs101__m1__alt.,G_c8ecaa194a59138a6d96,6M4T,eligible_core,DNA,Q3,Q4,Q2
6M5J__F1R__laG__aaA__rs103__m1__alt.,G_9320227a614bac60531f,6M5J,eligible_core,DNA,Q3,Q4,Q2
6M5J__F1R__laJ__aaB__rs103__m1__alt.,G_9320227a614bac60531f,6M5J,eligible_core,DNA,Q3,Q4,Q3
6M5J__F1R__laK__aaC__rs101__m1__alt.,G_9320227a614bac60531f,6M5J,eligible_core,DNA,Q3,Q4,Q2
6M5J__F1R__laL__aaD__rs101__m1__alt.,G_9320227a614bac60531f,6M5J,eligible_core,DNA,Q3,Q4,Q2
6N5K__2BA__laB__aaA__rs201__m1__alt.,G_1b409084228d7ed828cb,6N5K,eligible_core,RNA,Q4,Q2,Q4
6N5K__2BA__laC__aaA__rs202__m1__alt.,G_1b409084228d7ed828cb,6N5K,eligible_core,RNA,Q4,Q2,Q4
6N5N__2BA__laB__aaA__rs201__m1__alt.,G_5784fb1c077ab6bfe52b,6N5N,eligible_core,RNA,Q4,Q2,Q4
6N5N__2BA__laC__aaA__rs202__m1__alt.,G_5784fb1c077ab6bfe52b,6N5N,eligible_core,RNA,Q4,Q2,Q4
6N5O__2BA__laB__aaA__rs201__m1__alt.,G_418b5c9f3bedd929da71,6N5O,eligible_core,RNA,Q4,Q2,Q4
6N5O__2BA__laC__aaA__rs202__m1__alt.,G_418b5c9f3bedd929da71,6N5O,eligible_core,RNA,Q4,Q2,Q4
6N5P__2BA__laB__aaA__rs201__m1__alt.,G_071fee1f690070f75483,6N5P,eligible_core,RNA,Q4,Q2,Q4
6N5P__2BA__laC__aaA__rs202__m1__alt.,G_071fee1f690070f75483,6N5P,eligible_core,RNA,Q4,Q2,Q4
6N5Q__2BA__laB__aaA__rs201__m1__alt.,G_ff73e9fc274938020167,6N5Q,eligible_core,RNA,Q4,Q2,Q4
6N5Q__2BA__laC__aaA__rs202__m1__alt.,G_ff73e9fc274938020167,6N5Q,eligible_core,RNA,Q4,Q2,Q4
6N5S__2BA__laC__aaA__rs202__m1__alt.,G_443c8fdb80a34d39361b,6N5S,eligible_core,RNA,Q4,Q2,Q4
6N5S__2BA__laD__aaA__rs203__m1__alt.,G_443c8fdb80a34d39361b,6N5S,eligible_core,RNA,Q4,Q2,Q4
6N5T__2BA__laB__aaA__rs201__m1__alt.,G_b73543af39a03d688399,6N5T,eligible_core,RNA,Q4,Q2,Q4
6N5T__2BA__laC__aaA__rs202__m1__alt.,G_b73543af39a03d688399,6N5T,eligible_core,RNA,Q4,Q2,Q4
6O2L__BO6__laB__aaA__rs101__m1__alt.,G_504f11fa1e3278ad1b85,6O2L,eligible_core,DNA,Q3,Q3,Q2
6O2L__BO6__laC__aaA__rs102__m1__alt.,G_504f11fa1e3278ad1b85,6O2L,eligible_core,DNA,Q3,Q3,Q2
6OD9__AMZ__laD__aaA__rs102__m1__alt.,G_2870177277d647729653,6OD9,eligible_core,RNA,Q2,Q3,Q4
6OD9__AMZ__laI__aaB__rs102__m1__alt.,G_2870177277d647729653,6OD9,eligible_core,RNA,Q2,Q3,Q4
6OZK__TLA__laS__aaD__rs101__m1__alt.,G_22794a0eaa1866c5cf5d,6OZK,eligible_core,mixed,Q1,Q2,Q2
6OZL__TLA__laN__aaD__rs101__m1__alt.,G_22794a0eaa1866c5cf5d,6OZL,eligible_core,mixed,Q1,Q2,Q2
6QIR__J48__laE__aaA__rs101__m1__alt.,G_bd2914520746262ff6cd,6QIR,eligible_core,RNA,Q4,Q1,Q2
6QIR__J48__laF__aaA__rs102__m1__alt.,G_bd2914520746262ff6cd,6QIR,eligible_core,RNA,Q4,Q1,Q2
6QIR__J48__laG__aaC__rs101__m1__alt.,G_bd2914520746262ff6cd,6QIR,eligible_core,RNA,Q4,Q1,Q2
6QIR__J48__laH__aaD__rs101__m1__alt.,G_bd2914520746262ff6cd,6QIR,eligible_core,RNA,Q4,Q1,Q2
6QIS__J48__laI__aaA__rs101__m1__alt.,G_3100abf53dd20c748e52,6QIS,eligible_core,RNA,Q4,Q1,Q3
6QIS__J48__laJ__aaB__rs101__m1__alt.,G_3100abf53dd20c748e52,6QIS,eligible_core,RNA,Q4,Q1,Q3
6QIS__J48__laK__aaC__rs101__m1__alt.,G_3100abf53dd20c748e52,6QIS,eligible_core,RNA,Q4,Q1,Q4
6QIS__J48__laL__aaC__rs102__m1__alt.,G_3100abf53dd20c748e52,6QIS,eligible_core,RNA,Q4,Q1,Q3
6QIS__J48__laN__aaE__rs101__m1__alt.,G_3100abf53dd20c748e52,6QIS,eligible_core,RNA,Q4,Q1,Q3
6QIS__J48__laO__aaE__rs102__m1__altB,G_3100abf53dd20c748e52,6QIS,eligible_core,RNA,Q4,Q1,Q3
6QIS__J48__laP__aaG__rs101__m1__alt.,G_3100abf53dd20c748e52,6QIS,eligible_core,RNA,Q4,Q1,Q3
6QIS__J48__laQ__aaH__rs101__m1__alt.,G_3100abf53dd20c748e52,6QIS,eligible_core,RNA,Q4,Q1,Q3
6QIT__J48__laE__aaA__rs101__m1__altA,G_671e19d7c2470433ebc8,6QIT,eligible_core,RNA,Q4,Q1,Q3
6QIT__J48__laF__aaA__rs102__m1__altA,G_671e19d7c2470433ebc8,6QIT,eligible_core,RNA,Q4,Q1,Q3
6QIT__J48__laG__aaC__rs101__m1__alt.,G_671e19d7c2470433ebc8,6QIT,eligible_core,RNA,Q4,Q1,Q3
6QIT__J48__laH__aaD__rs101__m1__altA,G_671e19d7c2470433ebc8,6QIT,eligible_core,RNA,Q4,Q1,Q3
6RIO__K4Z__laC__aaA__rs101__m1__alt.,G_f3c467e6cfdb57c77b06,6RIO,eligible_core,DNA,Q4,Q4,Q2
6SX3__LWQ__laB__aaA__rs101__m1__alt.,G_cdc9f3fbb3c1118e9717,6SX3,eligible_core,DNA,Q3,Q3,Q3
6TB7__AMP__laB__aaA__rs101__m1__alt.,G_51c41abf3066426a10dd,6TB7,eligible_core,RNA,Q2,Q3,Q3
6TF1__ADP__laJ__aaA__rs109__m1__alt.,G_51c41abf3066426a10dd,6TF1,eligible_core,RNA,Q3,Q3,Q3
6TF2__ATP__laJ__aaA__rs109__m1__alt.,G_51c41abf3066426a10dd,6TF2,eligible_core,RNA,Q3,Q4,Q3
6TFE__N6E__laR__aaA__rs117__m1__alt.,G_51c41abf3066426a10dd,6TFE,eligible_core,RNA,Q3,Q4,Q3
6TFG__PPS__laM__aaA__rs112__m1__alt.,G_51c41abf3066426a10dd,6TFG,eligible_core,RNA,Q3,Q4,Q3
6U8F__TG__laC__aaA__rs101__m1__alt.,G_32277f55ad76c06936f8,6U8F,eligible_core,RNA,Q2,Q2,Q2
6UP0__YO3__laF__aaC__rs104__m1__alt.,G_e57ac5d221d517a4daf6,6UP0,eligible_core,RNA,Q2,Q2,Q3
6UP0__YO3__laK__aaD__rs104__m1__alt.,G_e57ac5d221d517a4daf6,6UP0,eligible_core,RNA,Q2,Q2,Q3
6V9D__QW4__laC__aaB__rs101__m1__alt.,G_65d1bbe23a32f64cd984,6V9D,eligible_core,RNA,Q2,Q2,Q2
6V9D__QW4__laD__aaB__rs102__m1__alt.,G_65d1bbe23a32f64cd984,6V9D,eligible_core,RNA,Q2,Q2,Q2
6V9D__QW4__laH__aaE__rs101__m1__alt.,G_65d1bbe23a32f64cd984,6V9D,eligible_core,RNA,Q2,Q2,Q2
6VA2__QSV__laC__aaA__rs101__m1__alt.,G_612b881b449dc3888de1,6VA2,eligible_core,RNA,Q3,Q3,Q2
6VA3__MQC__laC__aaA__rs101__m1__alt.,G_612b881b449dc3888de1,6VA3,eligible_core,RNA,Q2,Q3,Q2
6VA4__QSY__laC__aaB__rs101__m1__alt.,G_612b881b449dc3888de1,6VA4,eligible_core,RNA,Q3,Q3,Q2
6VGG__QWP__laF__aaB__rs101__m1__alt.,G_bfba580ee7891b3ae958,6VGG,eligible_diversity,DNA,Q4,Q4,Q2
6WK7__AX2__laC__aaB__rs101__m1__alt.,G_44c068aa256325f048f8,6WK7,eligible_core,DNA,Q1,Q1,Q1
6WK7__AX2__laD__aaB__rs102__m1__alt.,G_44c068aa256325f048f8,6WK7,eligible_core,DNA,Q1,Q1,Q1
6WK7__AX2__laE__aaB__rs103__m1__alt.,G_44c068aa256325f048f8,6WK7,eligible_core,DNA,Q1,Q1,Q1
6WK7__AX2__laF__aaC__rs101__m1__alt.,G_44c068aa256325f048f8,6WK7,eligible_core,DNA,Q1,Q1,Q1
6WK7__AX2__laG__aaC__rs102__m1__alt.,G_44c068aa256325f048f8,6WK7,eligible_core,DNA,Q1,Q1,Q1
6WK7__AX2__laH__aaC__rs103__m1__alt.,G_44c068aa256325f048f8,6WK7,eligible_core,DNA,Q1,Q1,Q1
6WTL__2BA__laB__aaA__rs201__m1__alt.,G_a4752897a80acd549991,6WTL,eligible_core,RNA,Q4,Q2,Q4
6WTL__2BA__laC__aaA__rs202__m1__alt.,G_a4752897a80acd549991,6WTL,eligible_core,RNA,Q4,Q2,Q4
6WTR__2BA__laB__aaA__rs201__m1__alt.,G_192d37507b84f8b2e8da,6WTR,eligible_core,RNA,Q4,Q2,Q4
6WTR__2BA__laC__aaA__rs202__m1__alt.,G_192d37507b84f8b2e8da,6WTR,eligible_core,RNA,Q4,Q2,Q4
6WZR__UG1__laH__aaA__rs106__m1__alt.,G_2870177277d647729653,6WZR,eligible_core,RNA,Q1,Q2,Q4
6WZR__UG1__laK__aaB__rs103__m1__alt.,G_2870177277d647729653,6WZR,eligible_core,RNA,Q1,Q2,Q4
6WZS__UG4__laI__aaB__rs107__m1__alt.,G_2870177277d647729653,6WZS,eligible_core,RNA,Q1,Q2,Q4
6WZS__UG4__laP__aaA__rs107__m1__alt.,G_2870177277d647729653,6WZS,eligible_core,RNA,Q1,Q2,Q4
6XB7__UYS__laB__aaA__rs101__m1__alt.,G_30da49ecb8940cc873b2,6XB7,eligible_core,RNA,Q2,Q2,Q2
6XKN__PRF__laB__aaA__rs201__m1__alt.,G_a0bddf8bf3be9b5357ba,6XKN,eligible_core,RNA,Q1,Q1,Q3
6XKO__PRF__laB__aaA__rs201__m1__alt.,G_a970cd81a8103e136a80,6XKO,eligible_core,RNA,Q1,Q1,Q3
6XRQ__V8A__laF__aaA__rs102__m1__alt.,G_56adb20866994dfff6c5,6XRQ,eligible_core,RNA,Q4,Q4,Q3
6XRQ__V8A__laG__aaA__rs103__m1__alt.,G_56adb20866994dfff6c5,6XRQ,eligible_core,RNA,Q4,Q4,Q2
6YL5__SAH__laAA__aaE__rs101__m1__alt.,G_02b9eef4f590fc142965,6YL5,eligible_core,RNA,Q2,Q4,Q3
6YL5__SAH__laFA__aaG__rs101__m1__alt.,G_02b9eef4f590fc142965,6YL5,eligible_core,RNA,Q2,Q4,Q3
6YL5__SAH__laJA__aaI__rs101__m1__alt.,G_02b9eef4f590fc142965,6YL5,eligible_core,RNA,Q2,Q4,Q3
6YL5__SAH__laM__aaA__rs101__m1__alt.,G_02b9eef4f590fc142965,6YL5,eligible_core,RNA,Q2,Q4,Q3
6YL5__SAH__laNA__aaK__rs101__m1__alt.,G_02b9eef4f590fc142965,6YL5,eligible_core,RNA,Q2,Q4,Q3
6YL5__SAH__laW__aaC__rs101__m1__alt.,G_02b9eef4f590fc142965,6YL5,eligible_core,RNA,Q2,Q4,Q3
6YMI__AMP__laN__aaA__rs102__m1__alt.,G_e07fbc2bbeb285969932,6YMI,eligible_core,RNA,Q2,Q3,Q4
6YMI__AMP__laO__aaA__rs103__m1__alt.,G_e07fbc2bbeb285969932,6YMI,eligible_core,RNA,Q2,Q3,Q3
6YMI__AMP__laQ__aaC__rs102__m1__alt.,G_e07fbc2bbeb285969932,6YMI,eligible_core,RNA,Q2,Q3,Q3
6YMI__AMP__laS__aaF__rs102__m1__alt.,G_e07fbc2bbeb285969932,6YMI,eligible_core,RNA,Q2,Q3,Q3
6YMI__AMP__laT__aaG__rs101__m1__alt.,G_e07fbc2bbeb285969932,6YMI,eligible_core,RNA,Q2,Q3,Q4
6YMI__AMP__laV__aaI__rs102__m1__alt.,G_e07fbc2bbeb285969932,6YMI,eligible_core,RNA,Q2,Q3,Q3
6YMI__AMP__laX__aaM__rs102__m1__alt.,G_e07fbc2bbeb285969932,6YMI,eligible_core,RNA,Q2,Q3,Q3
6YMI__AMP__laY__aaN__rs101__m1__alt.,G_e07fbc2bbeb285969932,6YMI,eligible_core,RNA,Q2,Q3,Q4
6YMI__AMP__laZ__aaO__rs201__m1__alt.,G_e07fbc2bbeb285969932,6YMI,eligible_core,RNA,Q2,Q3,Q3
6YMJ__ADN__laAA__aaO__rs102__m1__alt.,G_e07fbc2bbeb285969932,6YMJ,eligible_core,RNA,Q1,Q2,Q3
6YMJ__ADN__laM__aaA__rs201__m1__alt.,G_e07fbc2bbeb285969932,6YMJ,eligible_core,RNA,Q1,Q2,Q3
6YMJ__ADN__laN__aaA__rs202__m1__alt.,G_e07fbc2bbeb285969932,6YMJ,eligible_core,RNA,Q1,Q2,Q4
6YMJ__ADN__laQ__aaC__rs102__m1__alt.,G_e07fbc2bbeb285969932,6YMJ,eligible_core,RNA,Q1,Q2,Q3
6YMJ__ADN__laS__aaF__rs201__m1__alt.,G_e07fbc2bbeb285969932,6YMJ,eligible_core,RNA,Q1,Q2,Q3
6YMJ__ADN__laT__aaF__rs202__m1__alt.,G_e07fbc2bbeb285969932,6YMJ,eligible_core,RNA,Q1,Q2,Q4
6YMJ__ADN__laU__aaI__rs201__m1__alt.,G_e07fbc2bbeb285969932,6YMJ,eligible_core,RNA,Q1,Q2,Q3
6YMJ__ADN__laV__aaM__rs201__m1__alt.,G_e07fbc2bbeb285969932,6YMJ,eligible_core,RNA,Q1,Q2,Q3
6YMJ__ADN__laY__aaN__rs101__m1__alt.,G_e07fbc2bbeb285969932,6YMJ,eligible_core,RNA,Q1,Q2,Q4
6YMK__MTA__laM__aaA__rs101__m1__alt.,G_e07fbc2bbeb285969932,6YMK,eligible_core,RNA,Q2,Q2,Q3
6YMK__MTA__laN__aaB__rs101__m1__alt.,G_e07fbc2bbeb285969932,6YMK,eligible_core,RNA,Q2,Q2,Q4
6YMK__MTA__laO__aaC__rs101__m1__alt.,G_e07fbc2bbeb285969932,6YMK,eligible_core,RNA,Q2,Q2,Q3
6YMK__MTA__laR__aaF__rs101__m1__alt.,G_e07fbc2bbeb285969932,6YMK,eligible_core,RNA,Q2,Q2,Q3
6YMK__MTA__laT__aaG__rs101__m1__alt.,G_e07fbc2bbeb285969932,6YMK,eligible_core,RNA,Q2,Q2,Q4
6YMK__MTA__laU__aaI__rs101__m1__alt.,G_e07fbc2bbeb285969932,6YMK,eligible_core,RNA,Q2,Q2,Q3
6YMK__MTA__laW__aaM__rs101__m1__alt.,G_e07fbc2bbeb285969932,6YMK,eligible_core,RNA,Q2,Q2,Q4
6YMK__MTA__laX__aaM__rs102__m1__alt.,G_e07fbc2bbeb285969932,6YMK,eligible_core,RNA,Q2,Q2,Q3
6YMK__MTA__laY__aaO__rs101__m1__alt.,G_e07fbc2bbeb285969932,6YMK,eligible_core,RNA,Q2,Q2,Q3
6YML__DSH__laF__aaA__rs102__m1__alt.,G_cf20c0b3232bdb6da79b,6YML,eligible_core,RNA,Q2,Q3,Q3
6YML__DSH__laH__aaC__rs101__m1__alt.,G_cf20c0b3232bdb6da79b,6YML,eligible_core,RNA,Q2,Q3,Q3
7ATG__58I__laD__aaB__rs101__m1__altA,G_d4394b970d2eb8a9762d,7ATG,eligible_diversity,DNA,Q1,Q2,Q1
7D12__L94__laB__aaA__rs101__m1__alt.,G_8ad45aa12ee4a0a0eb4b,7D12,eligible_core,RNA,Q2,Q4,Q2
7D7W__NAD__laC__aaA__rs102__m1__alt.,G_0f7813b0f9ce21d58dd9,7D7W,eligible_core,RNA,Q4,Q4,Q3
7D7X__ADP__laK__aaA__rs110__m1__alt.,G_0f7813b0f9ce21d58dd9,7D7X,eligible_core,RNA,Q3,Q3,Q3
7D7X__GTP__laB__aaA__rs101__m1__alt.,G_0f7813b0f9ce21d58dd9,7D7X,eligible_core,RNA,Q3,Q4,Q1
7D7Y__ATP__laC__aaA__rs102__m1__alt.,G_0f7813b0f9ce21d58dd9,7D7Y,eligible_core,RNA,Q3,Q4,Q3
7D7Y__GTP__laB__aaA__rs101__m1__alt.,G_0f7813b0f9ce21d58dd9,7D7Y,eligible_core,RNA,Q3,Q4,Q1
7D7Z__GTP__laB__aaA__rs101__m1__alt.,G_0f7813b0f9ce21d58dd9,7D7Z,eligible_core,RNA,Q3,Q4,Q1
7D7Z__NAD__laDA__aaA__rs129__m1__alt.,G_0f7813b0f9ce21d58dd9,7D7Z,eligible_core,RNA,Q4,Q4,Q3
7ELP__XAN__laF__aaA__rs104__m1__alt.,G_930b6aba6a9f737a9062,7ELP,eligible_core,RNA,Q1,Q1,Q3
7ELP__XAN__laU__aaB__rs103__m1__alt.,G_930b6aba6a9f737a9062,7ELP,eligible_core,RNA,Q1,Q1,Q3
7ELQ__XAN__laD__aaA__rs102__m1__alt.,G_930b6aba6a9f737a9062,7ELQ,eligible_core,RNA,Q1,Q1,Q3
7ELQ__XAN__laO__aaB__rs102__m1__alt.,G_930b6aba6a9f737a9062,7ELQ,eligible_core,RNA,Q1,Q1,Q3
7ELR__XAN__laD__aaA__rs102__m1__alt.,G_930b6aba6a9f737a9062,7ELR,eligible_core,RNA,Q1,Q1,Q3
7ELR__XAN__laN__aaB__rs102__m1__alt.,G_930b6aba6a9f737a9062,7ELR,eligible_core,RNA,Q1,Q1,Q3
7ELS__AZA__laK__aaA__rs109__m1__alt.,G_930b6aba6a9f737a9062,7ELS,eligible_core,RNA,Q1,Q1,Q3
7ELS__AZA__laS__aaB__rs108__m1__alt.,G_930b6aba6a9f737a9062,7ELS,eligible_core,RNA,Q1,Q1,Q3
7EOG__J8F__laC__aaA__rs102__m1__alt.,G_1c4f0196079ae8aa0895,7EOG,eligible_core,RNA,Q2,Q3,Q3
7EOH__J8F__laB__aaA__rs101__m1__alt.,G_9d7153520bf416490fd0,7EOH,eligible_core,RNA,Q2,Q3,Q3
7EOI__J8F__laB__aaA__rs101__m1__alt.,G_9d7153520bf416490fd0,7EOI,eligible_core,RNA,Q2,Q3,Q3
7EOJ__J8F__laB__aaA__rs101__m1__alt.,G_9d7153520bf416490fd0,7EOJ,eligible_core,RNA,Q2,Q3,Q3
7EOK__J8L__laC__aaA__rs102__m1__alt.,G_1c4f0196079ae8aa0895,7EOK,eligible_core,RNA,Q2,Q3,Q3
7EOL__J8O__laH__aaA__rs107__m1__alt.,G_1c4f0196079ae8aa0895,7EOL,eligible_core,RNA,Q2,Q3,Q3
7EOM__J8R__laC__aaA__rs102__m1__alt.,G_1c4f0196079ae8aa0895,7EOM,eligible_core,RNA,Q2,Q3,Q3
7EON__J8U__laC__aaA__rs102__m1__alt.,G_1c4f0196079ae8aa0895,7EON,eligible_core,RNA,Q2,Q3,Q3
7EOO__J8X__laC__aaA__rs102__m1__alt.,G_1c4f0196079ae8aa0895,7EOO,eligible_core,RNA,Q2,Q3,Q3
7EOP__J93__laH__aaA__rs107__m1__alt.,G_1c4f0196079ae8aa0895,7EOP,eligible_core,RNA,Q2,Q3,Q3
7FGT__5R3__laC__aaA__rs101__m1__alt.,G_8a5f0d2f9d15a25cbb6a,7FGT,eligible_core,DNA,Q4,Q4,Q2
7FHI__53D__laB__aaA__rs101__m1__alt.,G_f706245228efbf532e0c,7FHI,eligible_core,RNA,Q3,Q4,Q2
7FJ0__53D__laB__aaA__rs101__m1__alt.,G_071f4ffdf75692d248c9,7FJ0,eligible_core,RNA,Q3,Q4,Q2
7KBW__WAM__laB__aaA__rs101__m1__alt.,G_178c5e22fa1d1b5926c2,7KBW,eligible_core,DNA,Q2,Q3,Q2
7KBW__WAM__laC__aaA__rs102__m1__alt.,G_178c5e22fa1d1b5926c2,7KBW,eligible_core,DNA,Q2,Q3,Q2
7KBX__WAM__laB__aaA__rs101__m1__alt.,G_504f11fa1e3278ad1b85,7KBX,eligible_core,DNA,Q2,Q3,Q2
7KBX__WAM__laC__aaA__rs102__m1__alt.,G_504f11fa1e3278ad1b85,7KBX,eligible_core,DNA,Q2,Q3,Q2
7KVT__2ZY__laB__aaB__rs101__m1__alt.,G_563c053165eca3555081,7KVT,eligible_core,RNA,Q2,Q2,Q3
7KVU__2ZY__laG__aaG__rs106__m1__alt.,G_563c053165eca3555081,7KVU,eligible_core,RNA,Q2,Q2,Q3
7L0Z__2ZY__laB__aaG__rs101__m1__alt.,G_ecd64a90cdeb667fbd09,7L0Z,eligible_core,RNA,Q2,Q2,Q3
7MKT__MMP__laB__aaA__rs101__m1__altA,G_0347ddf50c6386c24815,7MKT,eligible_core,RNA,Q4,Q4,Q2
7MSV__BER__laC__aaX__rs102__m1__alt.,G_d8e17124326d704e172b,7MSV,eligible_core,DNA,Q2,Q2,Q1
7MSV__BER__laD__aaX__rs103__m1__alt.,G_d8e17124326d704e172b,7MSV,eligible_core,DNA,Q2,Q2,Q2
7MSV__DGP__laB__aaX__rs101__m1__alt.,G_d8e17124326d704e172b,7MSV,eligible_core,DNA,Q2,Q3,Q2
7N7D__BER__laB__aaA__rs101__m1__alt.,G_178c5e22fa1d1b5926c2,7N7D,eligible_core,DNA,Q2,Q2,Q2
7N7D__BER__laC__aaA__rs102__m1__alt.,G_178c5e22fa1d1b5926c2,7N7D,eligible_core,DNA,Q2,Q2,Q2
7N7E__BER__laB__aaA__rs101__m1__alt.,G_178c5e22fa1d1b5926c2,7N7E,eligible_core,DNA,Q2,Q2,Q2
7N7E__BER__laC__aaA__rs102__m1__alt.,G_178c5e22fa1d1b5926c2,7N7E,eligible_core,DNA,Q2,Q2,Q2
7OA3__V5Z__laC__aaA__rs101__m1__alt.,G_931a27821239fd76eceb,7OA3,eligible_core,RNA,Q3,Q3,Q4
7OAV__GTP__laQ__aaC__rs102__m1__alt.,G_931a27821239fd76eceb,7OAV,eligible_diversity,RNA,Q3,Q4,Q2
7OAV__V5Z__laE__aaA__rs101__m1__alt.,G_931a27821239fd76eceb,7OAV,eligible_core,RNA,Q3,Q3,Q4
7OAV__V5Z__laK__aaB__rs101__m1__alt.,G_931a27821239fd76eceb,7OAV,eligible_core,RNA,Q3,Q3,Q4
7OAV__V5Z__laP__aaC__rs101__m1__alt.,G_931a27821239fd76eceb,7OAV,eligible_core,RNA,Q3,Q3,Q4
7OAV__V5Z__laT__aaD__rs101__m1__alt.,G_931a27821239fd76eceb,7OAV,eligible_core,RNA,Q3,Q3,Q4
7OAW__GTP__laK__aaB__rs101__m1__alt.,G_931a27821239fd76eceb,7OAW,eligible_core,RNA,Q3,Q4,Q3
7OAW__GTP__laQ__aaC__rs102__m1__alt.,G_931a27821239fd76eceb,7OAW,eligible_core,RNA,Q3,Q4,Q2
7OAW__V6T__laH__aaA__rs104__m1__alt.,G_931a27821239fd76eceb,7OAW,eligible_core,RNA,Q3,Q3,Q4
7OAW__V6T__laN__aaB__rs104__m1__alt.,G_931a27821239fd76eceb,7OAW,eligible_core,RNA,Q3,Q3,Q4
7OAW__V6T__laT__aaC__rs105__m1__alt.,G_931a27821239fd76eceb,7OAW,eligible_core,RNA,Q3,Q3,Q4
7OAW__V6T__laY__aaD__rs104__m1__alt.,G_931a27821239fd76eceb,7OAW,eligible_core,RNA,Q3,Q3,Q4
7OAX__V5Z__laDA__aaD__rs103__m1__alt.,G_931a27821239fd76eceb,7OAX,eligible_core,RNA,Q3,Q3,Q4
7OAX__V5Z__laF__aaA__rs102__m1__alt.,G_931a27821239fd76eceb,7OAX,eligible_core,RNA,Q3,Q3,Q4
7OAX__V5Z__laO__aaB__rs103__m1__alt.,G_931a27821239fd76eceb,7OAX,eligible_core,RNA,Q3,Q3,Q4
7OAX__V5Z__laW__aaC__rs103__m1__alt.,G_931a27821239fd76eceb,7OAX,eligible_core,RNA,Q3,Q3,Q4
7PNG__7V5__laB__aaA__rs101__m1__alt.,G_c5260bac00b29111f58b,7PNG,eligible_core,DNA,Q2,Q3,Q3
7RBI__DCP__laM__aaD__rs101__m1__alt.,G_15050faef046d2307070,7RBI,eligible_diversity,DNA,Q3,Q4,Q1
7REX__PRF__laD__aaA__rs101__m1__alt.,G_c0789254199571031aa0,7REX,eligible_core,RNA,Q1,Q1,Q3
7REX__PRF__laE__aaA__rs102__m1__alt.,G_c0789254199571031aa0,7REX,eligible_core,RNA,Q1,Q1,Q3
7REX__PRF__laI__aaB__rs101__m1__alt.,G_c0789254199571031aa0,7REX,eligible_core,RNA,Q1,Q1,Q3
7REX__PRF__laJ__aaB__rs102__m1__alt.,G_c0789254199571031aa0,7REX,eligible_core,RNA,Q1,Q1,Q3
7REX__PRF__laK__aaC__rs101__m1__alt.,G_c0789254199571031aa0,7REX,eligible_core,RNA,Q1,Q1,Q3
7REX__PRF__laL__aaC__rs102__m1__alt.,G_c0789254199571031aa0,7REX,eligible_core,RNA,Q1,Q1,Q3
7RWR__FMN__laB__aaA__rs101__m1__alt.,G_26771f17d46901a5e64c,7RWR,eligible_core,RNA,Q3,Q4,Q2
7SZU__J8F__laF__aaR__rs103__m1__alt.,G_3d6c7fdb29661e6cf659,7SZU,eligible_core,RNA,Q2,Q3,Q3
7U0Y__KY6__laD__aaR__rs301__m1__alt.,G_3d6c7fdb29661e6cf659,7U0Y,eligible_core,RNA,Q2,Q3,Q3
7W9N__97U__laB__aaA__rs101__m1__alt.,G_fec9f89616cd07ade9eb,7W9N,eligible_core,DNA,Q3,Q3,Q2
7WGW__PCG__laB__aaX__rs101__m1__alt.,G_3821884ea38d57f0821c,7WGW,eligible_core,DNA,Q2,Q1,Q2
7X2Z__7U0__laB__aaA__rs101__m1__alt.,G_98f2a74e0b19f1c865e2,7X2Z,eligible_core,DNA,Q4,Q4,Q2
7X3A__7V8__laB__aaA__rs101__m1__alt.,G_98f2a74e0b19f1c865e2,7X3A,eligible_core,DNA,Q4,Q4,Q3
7X8M__BER__laB__aaX__rs101__m1__alt.,G_14fb76696682caac6948,7X8M,eligible_core,DNA,Q2,Q2,Q2
7X8M__BER__laC__aaX__rs102__m1__alt.,G_14fb76696682caac6948,7X8M,eligible_core,DNA,Q2,Q2,Q2
7X8O__KPT__laB__aaX__rs101__m1__alt.,G_14fb76696682caac6948,7X8O,eligible_core,DNA,Q2,Q1,Q2
7X8O__KPT__laC__aaX__rs102__m1__alt.,G_14fb76696682caac6948,7X8O,eligible_core,DNA,Q2,Q1,Q2
7XQ5__HEZ__laF__aaC__rs101__m1__alt.,G_9c0b7cd5dd9a72f8c74d,7XQ5,eligible_core,DNA,Q1,Q3,Q2
7XQ5__HEZ__laG__aaD__rs101__m1__alt.,G_9c0b7cd5dd9a72f8c74d,7XQ5,eligible_core,DNA,Q1,Q3,Q1
7YCI__GTP__laC__aaN__rs501__m1__alt.,G_757845cb6cc083e1a615,7YCI,eligible_core,RNA,Q3,Q4,Q4
7YVW__B2R__laC__aaA__rs101__m1__alt.,G_dcd724e61ebbe1d8b1c2,7YVW,eligible_core,DNA,Q4,Q4,Q2
7YVW__B2R__laD__aaA__rs102__m1__alt.,G_dcd724e61ebbe1d8b1c2,7YVW,eligible_core,DNA,Q4,Q4,Q2
7ZJ4__1TU__laC__aaE__rs402__m1__alt.,G_9ac5ce3c4321c37d44c0,7ZJ4,eligible_core,RNA,Q1,Q2,Q3
7ZJ4__J93__laB__aaE__rs401__m1__alt.,G_9ac5ce3c4321c37d44c0,7ZJ4,eligible_core,RNA,Q2,Q3,Q3
8ABD__PQ3__laB__aaA__rs101__m1__alt.,G_c5260bac00b29111f58b,8ABD,eligible_core,DNA,Q4,Q3,Q3
8ABN__LNF__laB__aaA__rs101__m1__alt.,G_ff22f073e7a9c8691a74,8ABN,eligible_core,DNA,Q4,Q4,Q2
8DWM__BLM__laE__aaG__rs101__m1__alt.,G_b5b8c61f5679a526f3c4,8DWM,eligible_core,DNA,Q4,Q4,Q1
8EYU__X5R__laE__aaB__rs103__m1__alt.,G_210993da8f3e12f0884a,8EYU,eligible_core,RNA,Q2,Q2,Q3
8EYU__X5R__laI__aaA__rs104__m1__alt.,G_210993da8f3e12f0884a,8EYU,eligible_core,RNA,Q2,Q2,Q3
8EYV__747__laF__aaA__rs104__m1__alt.,G_210993da8f3e12f0884a,8EYV,eligible_core,RNA,Q2,Q2,Q3
8EYV__747__laI__aaB__rs103__m1__alt.,G_210993da8f3e12f0884a,8EYV,eligible_core,RNA,Q2,Q2,Q3
8EYW__TFX__laI__aaA__rs103__m1__alt.,G_210993da8f3e12f0884a,8EYW,eligible_core,RNA,Q2,Q2,Q3
8F0N__747__laE__aaB__rs103__m1__alt.,G_3a5916a7d9b1c4fbbfab,8F0N,eligible_core,RNA,Q2,Q2,Q3
8F42__HT1__laC__aaB__rs101__m1__alt.,G_5c234dd1e4e7c1768318,8F42,eligible_core,DNA,Q3,Q3,Q2
8FB3__PRF__laD__aaA__rs101__m1__altA,G_c0789254199571031aa0,8FB3,eligible_core,RNA,Q1,Q1,Q3
8FB3__PRF__laE__aaA__rs102__m1__altA,G_c0789254199571031aa0,8FB3,eligible_core,RNA,Q1,Q1,Q3
8FB3__PRF__laJ__aaC__rs101__m1__altA,G_c0789254199571031aa0,8FB3,eligible_core,RNA,Q1,Q1,Q3
8FB3__PRF__laK__aaC__rs102__m1__altA,G_c0789254199571031aa0,8FB3,eligible_core,RNA,Q1,Q1,Q3
8FB4__WFB__laD__aaA__rs101__m1__alt.,G_12de06f2c13b502a98dd,8FB4,eligible_core,DNA,Q3,Q3,Q1
8FHV__2ZY__laH__aaA__rs107__m1__alt.,G_c35fe9d3a719cfe8bec7,8FHV,eligible_core,DNA,Q2,Q2,Q3
8FHX__2ZY__laH__aaA__rs107__m1__alt.,G_c35fe9d3a719cfe8bec7,8FHX,eligible_core,DNA,Q2,Q2,Q3
8FHZ__747__laH__aaA__rs107__m1__alt.,G_c35fe9d3a719cfe8bec7,8FHZ,eligible_core,DNA,Q2,Q2,Q3
8FI0__X5R__laH__aaA__rs107__m1__alt.,G_c35fe9d3a719cfe8bec7,8FI0,eligible_core,DNA,Q2,Q2,Q3
8FI1__747__laG__aaA__rs106__m1__alt.,G_9d0a44cdb7653fe7dc71,8FI1,eligible_core,DNA,Q2,Q2,Q3
8FI2__2ZY__laG__aaA__rs106__m1__alt.,G_b82168d61e063a8c8b28,8FI2,eligible_core,DNA,Q2,Q2,Q3
8FI7__747__laG__aaA__rs106__m1__alt.,G_b82168d61e063a8c8b28,8FI7,eligible_core,DNA,Q2,Q2,Q3
8FI8__X5R__laG__aaA__rs106__m1__alt.,G_b82168d61e063a8c8b28,8FI8,eligible_core,DNA,Q2,Q2,Q3
8G4W__PRF__laI__aaR__rs101__m1__alt.,G_86987fd2f31f20fce564,8G4W,eligible_core,RNA,Q1,Q1,Q3
8G7E__PRF__laI__aaR__rs101__m1__alt.,G_86987fd2f31f20fce564,8G7E,eligible_core,RNA,Q1,Q1,Q3
8GXB__NAD__laH__aaA__rs101__m1__alt.,G_7741984ba7cadb26b474,8GXB,eligible_core,RNA,Q4,Q4,Q4
8GXB__NAD__laS__aaB__rs101__m1__alt.,G_7741984ba7cadb26b474,8GXB,eligible_core,RNA,Q4,Q4,Q4
8GXC__NMN__laH__aaA__rs101__m1__alt.,G_7741984ba7cadb26b474,8GXC,eligible_core,RNA,Q2,Q3,Q4
8GXC__NMN__laO__aaB__rs101__m1__alt.,G_7741984ba7cadb26b474,8GXC,eligible_core,RNA,Q2,Q3,Q4
8HB1__NMN__laF__aaB__rs101__m1__alt.,G_b6f988f8c1988405765b,8HB1,eligible_core,RNA,Q2,Q3,Q4
8HB1__NMN__laG__aaB__rs102__m1__alt.,G_b6f988f8c1988405765b,8HB1,eligible_core,RNA,Q2,Q3,Q3
8HB3__NNR__laC__aaA__rs101__m1__alt.,G_9aaf449b7165165a5975,8HB3,eligible_core,RNA,Q1,Q2,Q4
8HB3__NNR__laD__aaB__rs101__m1__alt.,G_9aaf449b7165165a5975,8HB3,eligible_core,RNA,Q1,Q2,Q3
8HB8__NMN__laB__aaA__rs101__m1__alt.,G_7ff5706f951063643925,8HB8,eligible_core,RNA,Q2,Q3,Q4
8HB8__NMN__laC__aaA__rs102__m1__alt.,G_7ff5706f951063643925,8HB8,eligible_core,RNA,Q2,Q3,Q3
8HBA__NAD__laC__aaA__rs101__m1__alt.,G_bd76cad0c1022c5db00a,8HBA,eligible_core,RNA,Q4,Q4,Q4
8HBA__NAD__laD__aaA__rs102__m1__alt.,G_bd76cad0c1022c5db00a,8HBA,eligible_core,RNA,Q4,Q4,Q3
8HBA__NMN__laF__aaB__rs102__m1__alt.,G_bd76cad0c1022c5db00a,8HBA,eligible_core,RNA,Q2,Q3,Q3
8HZD__O2I__laF__aaA__rs104__m1__alt.,G_cbcfce842d5d88fba50e,8HZD,eligible_core,RNA,Q3,Q2,Q3
8HZD__O2I__laK__aaB__rs105__m1__alt.,G_cbcfce842d5d88fba50e,8HZD,eligible_core,RNA,Q3,Q2,Q3
8HZE__NI4__laK__aaA__rs109__m1__alt.,G_199212a3cb28243281e0,8HZE,eligible_core,RNA,Q3,Q3,Q3
8HZE__NI4__laT__aaB__rs109__m1__alt.,G_199212a3cb28243281e0,8HZE,eligible_core,RNA,Q3,Q3,Q4
8HZF__NJL__laG__aaA__rs105__m1__alt.,G_199212a3cb28243281e0,8HZF,eligible_core,RNA,Q2,Q2,Q3
8HZF__NJL__laL__aaB__rs105__m1__alt.,G_199212a3cb28243281e0,8HZF,eligible_core,RNA,Q2,Q2,Q3
8HZJ__O00__laI__aaA__rs107__m1__alt.,G_199212a3cb28243281e0,8HZJ,eligible_core,RNA,Q2,Q2,Q3
8HZJ__O00__laN__aaB__rs105__m1__alt.,G_199212a3cb28243281e0,8HZJ,eligible_core,RNA,Q2,Q2,Q3
8HZK__NI4__laBA__aaB__rs110__m1__alt.,G_cbcfce842d5d88fba50e,8HZK,eligible_core,RNA,Q3,Q3,Q3
8HZK__NI4__laR__aaA__rs116__m1__alt.,G_cbcfce842d5d88fba50e,8HZK,eligible_core,RNA,Q3,Q3,Q3
8HZL__NI4__laCA__aaB__rs114__m1__alt.,G_7d77d84e372752413975,8HZL,eligible_core,RNA,Q3,Q3,Q4
8HZL__NI4__laDA__aaB__rs115__m1__alt.,G_7d77d84e372752413975,8HZL,eligible_core,RNA,Q3,Q3,Q3
8HZL__NI4__laEA__aaB__rs116__m1__alt.,G_7d77d84e372752413975,8HZL,eligible_core,RNA,Q3,Q3,Q3
8HZL__NI4__laM__aaA__rs111__m1__alt.,G_7d77d84e372752413975,8HZL,eligible_core,RNA,Q3,Q3,Q3
8HZL__NI4__laN__aaA__rs112__m1__alt.,G_7d77d84e372752413975,8HZL,eligible_core,RNA,Q3,Q3,Q3
8HZL__NI4__laO__aaA__rs113__m1__alt.,G_7d77d84e372752413975,8HZL,eligible_core,RNA,Q3,Q3,Q3
8HZM__NI4__laN__aaA__rs112__m1__alt.,G_199212a3cb28243281e0,8HZM,eligible_core,RNA,Q3,Q3,Q3
8HZM__NI4__laX__aaB__rs110__m1__alt.,G_199212a3cb28243281e0,8HZM,eligible_core,RNA,Q3,Q3,Q3
8I3Z__NMN__laD__aaB__rs101__m1__alt.,G_9aaf449b7165165a5975,8I3Z,eligible_core,RNA,Q2,Q3,Q4
8I3Z__NMN__laE__aaB__rs102__m1__alt.,G_9aaf449b7165165a5975,8I3Z,eligible_core,RNA,Q2,Q3,Q3
8I44__53D__laB__aaA__rs20__m1__alt.,G_314df869a34c6341568d,8I44,eligible_core,RNA,Q3,Q4,Q1
8I45__53D__laB__aaA__rs20__m1__alt.,G_740dfd2377d8f3e0ea38,8I45,eligible_core,RNA,Q3,Q4,Q2
8I46__53D__laB__aaA__rs20__m1__alt.,G_f87e7e98cfefe7c59f0a,8I46,eligible_core,RNA,Q3,Q4,Q2
8IF5__AFT__laB__aaA__rs101__m1__alt.,G_cd2f19fe8dd92908a40b,8IF5,eligible_core,DNA,Q2,Q1,Q2
8JY0__V8C__laO__aaD__rs203__m1__alt.,G_641c43ad9b282d93b669,8JY0,eligible_core,RNA,Q3,Q3,Q2
8JY0__V8C__laQ__aaF__rs101__m1__alt.,G_641c43ad9b282d93b669,8JY0,eligible_core,RNA,Q3,Q3,Q3
8K0T__TEP__laB__aaA__rs101__m1__alt.,G_bada03972a5a016d9185,8K0T,eligible_core,DNA,Q1,Q1,Q2
8K0U__HPA__laB__aaA__rs101__m1__alt.,G_bada03972a5a016d9185,8K0U,eligible_core,DNA,Q1,Q1,Q2
8K0V__I7U__laB__aaA__rs101__m1__alt.,G_bada03972a5a016d9185,8K0V,eligible_core,DNA,Q1,Q1,Q2
8K0W__TEP__laB__aaA__rs101__m1__alt.,G_bada03972a5a016d9185,8K0W,eligible_core,DNA,Q1,Q1,Q2
8K7W__2ZY__laB__aaA__rs101__m1__alt.,G_758f85b77482d3a19f8a,8K7W,eligible_core,RNA,Q2,Q2,Q3
8OLV__VTR__laRA__aaA__rs443__m1__alt.,G_d63295eb1f9b341838ac,8OLV,eligible_core,RNA,Q3,Q3,Q4
8Q6N__141__laB__aaA__rs101__m1__alt.,G_bf86ee8907aa19e43619,8Q6N,eligible_core,RNA,Q1,Q1,Q3
8R6H__PQ3__laB__aaA__rs101__m1__alt.,G_1d619904d93df755d5e6,8R6H,eligible_core,DNA,Q4,Q3,Q3
8RUJ__VTR__laB__aaA__rs401__m1__alt.,G_c2480831df8255a92c59,8RUJ,eligible_diversity,RNA,Q3,Q3,Q4
8SYK__TAC__laCA__aaB__rs202__m1__alt.,G_207740580ce56206932e,8SYK,eligible_core,RNA,Q3,Q2,Q4
8SYK__TAC__laF__aaA__rs202__m1__alt.,G_207740580ce56206932e,8SYK,eligible_core,RNA,Q3,Q2,Q4
8SYK__TAC__laIB__aaD__rs202__m1__alt.,G_207740580ce56206932e,8SYK,eligible_core,RNA,Q3,Q2,Q4
8SYK__TAC__laQA__aaC__rs202__m1__alt.,G_207740580ce56206932e,8SYK,eligible_core,RNA,Q3,Q2,Q3
8T5O__TAC__laB__aaA__rs301__m1__alt.,G_f630e2cf88f7b9d20b23,8T5O,eligible_core,RNA,Q3,Q2,Q4
8T7X__DAP__laE__aaA__rs101__m1__alt.,G_77b83b757e6455aac2f0,8T7X,eligible_core,DNA,Q2,Q2,Q2
8T7X__DAP__laG__aaD__rs101__m1__alt.,G_77b83b757e6455aac2f0,8T7X,eligible_core,DNA,Q2,Q2,Q1
8T80__HT1__laF__aaA__rs102__m1__alt.,G_cb704bb76af9bd1f815d,8T80,eligible_core,DNA,Q3,Q3,Q2
8T80__HT1__laG__aaD__rs101__m1__alt.,G_cb704bb76af9bd1f815d,8T80,eligible_core,DNA,Q3,Q3,Q2
8T8T__YSQ__laJ__aaB__rs104__m1__alt.,G_0f45edfe26600765538a,8T8T,eligible_core,DNA,Q4,Q3,Q3
8TA8__NT__laE__aaA__rs101__m1__alt.,G_841094b67e619089551d,8TA8,eligible_core,DNA,Q3,Q4,Q2
8TA8__NT__laF__aaA__rs102__m1__alt.,G_841094b67e619089551d,8TA8,eligible_core,DNA,Q3,Q4,Q2
8TA9__DAP__laF__aaD__rs101__m1__alt.,G_e67b336b40cbbde90bd3,8TA9,eligible_core,DNA,Q2,Q2,Q2
8TAJ__NT__laF__aaD__rs101__m1__alt.,G_6109ce648ef4b59e46f6,8TAJ,eligible_core,DNA,Q3,Q4,Q2
8TAM__HT1__laE__aaA__rs101__m1__alt.,G_841094b67e619089551d,8TAM,eligible_core,DNA,Q3,Q3,Q2
8TAM__HT1__laG__aaD__rs101__m1__alt.,G_841094b67e619089551d,8TAM,eligible_core,DNA,Q3,Q3,Q2
8TAP__NT__laE__aaC__rs101__m1__alt.,G_600d5028e55c1af44c0b,8TAP,eligible_core,DNA,Q3,Q4,Q2
8TAQ__HT1__laF__aaC__rs101__m1__alt.,G_600d5028e55c1af44c0b,8TAQ,eligible_core,DNA,Q3,Q3,Q2
8TB3__DAP__laE__aaD__rs101__m1__alt.,G_b63162f67f3510aaf3c8,8TB3,eligible_core,DNA,Q2,Q2,Q2
8TB4__DAP__laE__aaA__rs101__m1__alt.,G_8d144cf0025023b2683c,8TB4,eligible_core,DNA,Q2,Q2,Q2
8TB8__HT1__laF__aaD__rs101__m1__alt.,G_2dc20b302f67eae6a645,8TB8,eligible_core,DNA,Q3,Q3,Q2
8TBD__HT1__laI__aaC__rs101__m1__alt.,G_8d144cf0025023b2683c,8TBD,eligible_core,DNA,Q3,Q3,Q2
8TBO__NT__laE__aaA__rs101__m1__alt.,G_2dc20b302f67eae6a645,8TBO,eligible_core,DNA,Q3,Q4,Q2
8TDT__DAP__laJ__aaC__rs101__m1__alt.,G_600d5028e55c1af44c0b,8TDT,eligible_core,DNA,Q2,Q2,Q2
8TOZ__PRF__laB__aaA__rs201__m1__alt.,G_e0f3ca09390c19922761,8TOZ,eligible_core,RNA,Q1,Q1,Q3
8TWH__LG1__laBA__aaE__rs104__m1__alt.,G_0c24e22cf2199d675c41,8TWH,eligible_core,DNA,Q2,Q1,Q4
8TWH__LG1__laEA__aaF__rs103__m1__alt.,G_0c24e22cf2199d675c41,8TWH,eligible_core,DNA,Q2,Q1,Q3
8TWH__LG1__laIA__aaG__rs104__m1__alt.,G_0c24e22cf2199d675c41,8TWH,eligible_core,DNA,Q2,Q1,Q3
8TWH__LG1__laLA__aaH__rs103__m1__alt.,G_0c24e22cf2199d675c41,8TWH,eligible_core,DNA,Q2,Q1,Q4
8TWH__LG1__laN__aaA__rs104__m1__alt.,G_0c24e22cf2199d675c41,8TWH,eligible_core,DNA,Q2,Q1,Q3
8TWH__LG1__laOA__aaI__rs103__m1__alt.,G_0c24e22cf2199d675c41,8TWH,eligible_core,DNA,Q2,Q1,Q4
8TWH__LG1__laQ__aaB__rs103__m1__alt.,G_0c24e22cf2199d675c41,8TWH,eligible_core,DNA,Q2,Q1,Q4
8TWH__LG1__laSA__aaJ__rs104__m1__alt.,G_0c24e22cf2199d675c41,8TWH,eligible_core,DNA,Q2,Q1,Q3
8TWH__LG1__laU__aaC__rs104__m1__alt.,G_0c24e22cf2199d675c41,8TWH,eligible_core,DNA,Q2,Q1,Q4
8TWH__LG1__laX__aaD__rs103__m1__alt.,G_0c24e22cf2199d675c41,8TWH,eligible_core,DNA,Q2,Q1,Q4
8U60__VK0__laM__aaB__rs105__m1__alt.,G_175ba8f114fe4093d0dd,8U60,eligible_core,RNA,Q3,Q2,Q4
8UIW__CTI__laH__aaN__rs202__m1__alt.,G_3455aa8ffba98065594f,8UIW,eligible_core,RNA,Q2,Q2,Q4
8UIW__CTI__laM__aaR__rs205__m1__alt.,G_3455aa8ffba98065594f,8UIW,eligible_core,RNA,Q2,Q2,Q4
8UTA__PRL__laJ__aaN__rs204__m1__alt.,G_3455aa8ffba98065594f,8UTA,eligible_core,RNA,Q1,Q1,Q4
8UTA__PRL__laN__aaR__rs204__m1__alt.,G_3455aa8ffba98065594f,8UTA,eligible_core,RNA,Q1,Q1,Q4
8VIU__A1AB3__laB__aaA__rs101__m1__alt.,G_caeae4e032214badd91a,8VIU,eligible_core,DNA,Q2,Q3,Q1
8VOE__A1AB3__laB__aaA__rs101__m1__alt.,G_bb51126f8401f4569c92,8VOE,eligible_core,DNA,Q2,Q3,Q1
8VPV__PRF__laB__aaA__rs201__m1__alt.,G_dd3aee1f96f400d4aac2,8VPV,eligible_core,RNA,Q1,Q1,Q3
8VQV__UG4__laD__aaA__rs103__m1__alt.,G_020722e93f7895c4e086,8VQV,eligible_core,RNA,Q1,Q2,Q1
8VVJ__A1AD3__laE__aaA__rs104__m1__alt.,G_020722e93f7895c4e086,8VVJ,eligible_core,RNA,Q1,Q2,Q1
8VXZ__A1AED__laG__aaA__rs104__m1__alt.,G_8e2798659d1ed9f07434,8VXZ,eligible_core,RNA,Q3,Q3,Q3
8VY0__A1AEE__laH__aaA__rs105__m1__alt.,G_8e2798659d1ed9f07434,8VY0,eligible_core,RNA,Q4,Q3,Q4
8VY1__A1AEF__laL__aaB__rs103__m1__alt.,G_8e2798659d1ed9f07434,8VY1,eligible_core,RNA,Q3,Q3,Q4
8WQ7__XA5__laE__aaB__rs102__m1__alt.,G_2d7818b42f3b1c476359,8WQ7,eligible_core,DNA,Q3,Q4,Q1
8XGW__3WL__laC__aaA__rs101__m1__alt.,G_e8ef1e39d2ebf68e63e1,8XGW,eligible_diversity,DNA,Q2,Q1,Q1
8XZE__THG__laB__aaA__rs101__m1__alt.,G_0a83cd43390b8b6c3ce1,8XZE,eligible_core,RNA,Q3,Q4,Q3
8XZL__DHF__laB__aaA__rs101__m1__alt.,G_0a83cd43390b8b6c3ce1,8XZL,eligible_core,RNA,Q3,Q4,Q3
8XZM__NPR__laG__aaA__rs106__m1__alt.,G_0a83cd43390b8b6c3ce1,8XZM,eligible_core,RNA,Q1,Q2,Q3
8XZN__H4B__laB__aaA__rs101__m1__alt.,G_0a83cd43390b8b6c3ce1,8XZN,eligible_core,RNA,Q1,Q2,Q3
8XZO__GUN__laC__aaA__rs202__m1__alt.,G_0a83cd43390b8b6c3ce1,8XZO,eligible_core,RNA,Q1,Q1,Q3
8XZP__A1LXN__laG__aaA__rs106__m1__alt.,G_0a83cd43390b8b6c3ce1,8XZP,eligible_core,RNA,Q1,Q1,Q3
8XZQ__AZG__laB__aaA__rs101__m1__alt.,G_0a83cd43390b8b6c3ce1,8XZQ,eligible_core,RNA,Q1,Q1,Q3
8XZR__ANG__laB__aaA__rs101__m1__alt.,G_0a83cd43390b8b6c3ce1,8XZR,eligible_core,RNA,Q1,Q1,Q3
8XZW__THG__laB__aaA__rs101__m1__alt.,G_0a83cd43390b8b6c3ce1,8XZW,eligible_core,RNA,Q3,Q4,Q3
8Y2R__KPT__laB__aaX__rs101__m1__alt.,G_62c508e5a612484f1790,8Y2R,eligible_core,DNA,Q2,Q1,Q2
8Y2R__KPT__laC__aaX__rs102__m1__alt.,G_62c508e5a612484f1790,8Y2R,eligible_core,DNA,Q2,Q1,Q2
8ZAS__ADE__laC__aaA__rs101__m1__alt.,G_7d4fe7506c58e5173c3e,8ZAS,eligible_core,DNA,Q1,Q1,Q2
8ZD2__A1L1S__laC__aa1__rs101__m1__alt.,G_dcd724e61ebbe1d8b1c2,8ZD2,eligible_core,DNA,Q3,Q4,Q2
8ZD2__A1L1S__laD__aa2__rs101__m1__alt.,G_dcd724e61ebbe1d8b1c2,8ZD2,eligible_core,DNA,Q3,Q4,Q2
8ZD7__A1L1R__laC__aa2__rs101__m1__alt.,G_dcd724e61ebbe1d8b1c2,8ZD7,eligible_core,DNA,Q3,Q3,Q2
8ZD8__A1L1S__laC__aa1__rs101__m1__alt.,G_dcd724e61ebbe1d8b1c2,8ZD8,eligible_core,DNA,Q3,Q4,Q2
8ZNQ__NAZ__laB__aaA__rs101__m1__alt.,G_feb272ffb1ec15b0e93c,8ZNQ,eligible_core,RNA,Q3,Q4,Q2
8ZW3__BER__laB__aaX__rs101__m1__alt.,G_40d991a12079a5f49d44,8ZW3,eligible_core,DNA,Q2,Q2,Q2
8ZW3__BER__laC__aaX__rs102__m1__alt.,G_40d991a12079a5f49d44,8ZW3,eligible_core,DNA,Q2,Q2,Q2
9BUN__FH8__laH__aaA__rs104__m1__alt.,G_dbf49330dce6e66796b5,9BUN,eligible_core,RNA,Q3,Q3,Q4
9BUN__FH8__laM__aaB__rs105__m1__alt.,G_dbf49330dce6e66796b5,9BUN,eligible_core,RNA,Q3,Q3,Q3
9BUN__FH8__laS__aaC__rs106__m1__alt.,G_dbf49330dce6e66796b5,9BUN,eligible_core,RNA,Q3,Q3,Q2
9BUN__FH8__laW__aaD__rs104__m1__alt.,G_dbf49330dce6e66796b5,9BUN,eligible_core,RNA,Q3,Q3,Q3
9BZ1__5AC__laG__aaA__rs105__m1__alt.,G_b1bc88590ac0192af5ef,9BZ1,eligible_core,RNA,Q1,Q1,Q4
9BZ1__5AC__laM__aaB__rs103__m1__alt.,G_b1bc88590ac0192af5ef,9BZ1,eligible_core,RNA,Q1,Q1,Q4
9BZC__AMZ__laF__aaA__rs105__m1__alt.,G_b1bc88590ac0192af5ef,9BZC,eligible_core,RNA,Q2,Q3,Q4
9CJW__A1AAQ__laK__aaC__rs101__m1__alt.,G_27ff94841f17f475ff45,9CJW,eligible_core,DNA,Q3,Q4,Q1
9CKM__A1AY9__laM__aaC__rs101__m1__alt.,G_27ff94841f17f475ff45,9CKM,eligible_core,DNA,Q3,Q3,Q1
9CKM__A1AY9__laT__aaB__rs101__m1__alt.,G_27ff94841f17f475ff45,9CKM,eligible_core,DNA,Q3,Q3,Q2
9CPD__MQC__laC__aaB__rs101__m1__alt.,G_57fe021517ee9f182638,9CPD,eligible_core,RNA,Q2,Q3,Q2
9CPG__A1AZM__laC__aaB__rs101__m1__alt.,G_57fe021517ee9f182638,9CPG,eligible_core,RNA,Q2,Q3,Q3
9CPI__A1AZL__laC__aaB__rs101__m1__alt.,G_57fe021517ee9f182638,9CPI,eligible_core,RNA,Q3,Q3,Q2
9DID__TAM__laK__aaA__rs209__m1__alt.,G_28765058337cc4adf64d,9DID,eligible_core,RNA,Q1,Q3,Q3
9DLL__A1AZM__laC__aaB__rs101__m1__alt.,G_8859fa60d50db2e4043c,9DLL,eligible_core,RNA,Q2,Q3,Q2
9DLM__A1AZL__laC__aaA__rs101__m1__alt.,G_8859fa60d50db2e4043c,9DLM,eligible_core,RNA,Q3,Q3,Q2
9DLN__MQC__laC__aaA__rs101__m1__alt.,G_8859fa60d50db2e4043c,9DLN,eligible_core,RNA,Q2,Q3,Q2
9E5H__N3D__laD__aaA__rs102__m1__alt.,G_0b3b0acb0595a1a57016,9E5H,eligible_core,RNA,Q1,Q2,Q4
9E5H__N3D__laQ__aaB__rs102__m1__alt.,G_0b3b0acb0595a1a57016,9E5H,eligible_core,RNA,Q1,Q2,Q4
9E5I__N3D__laD__aaA__rs102__m1__alt.,G_0b3b0acb0595a1a57016,9E5I,eligible_core,RNA,Q1,Q2,Q4
9E5I__N3D__laQ__aaB__rs102__m1__alt.,G_0b3b0acb0595a1a57016,9E5I,eligible_core,RNA,Q1,Q2,Q4
9E5J__N3D__laD__aaA__rs102__m1__alt.,G_0b3b0acb0595a1a57016,9E5J,eligible_core,RNA,Q1,Q2,Q4
9E5K__N3D__laFA__aaC__rs102__m1__alt.,G_0b3b0acb0595a1a57016,9E5K,eligible_core,RNA,Q1,Q2,Q4
9E5K__N3D__laF__aaA__rs102__m1__alt.,G_0b3b0acb0595a1a57016,9E5K,eligible_core,RNA,Q1,Q2,Q4
9E5K__N3D__laSA__aaD__rs102__m1__alt.,G_0b3b0acb0595a1a57016,9E5K,eligible_core,RNA,Q1,Q2,Q4
9E5K__N3D__laS__aaB__rs102__m1__alt.,G_0b3b0acb0595a1a57016,9E5K,eligible_core,RNA,Q1,Q2,Q4
9E5L__N3D__laD__aaA__rs102__m1__alt.,G_0b3b0acb0595a1a57016,9E5L,eligible_core,RNA,Q1,Q2,Q4
9E5L__N3D__laQ__aaB__rs102__m1__alt.,G_0b3b0acb0595a1a57016,9E5L,eligible_core,RNA,Q1,Q2,Q4
9E5M__N3D__laD__aaA__rs102__m1__alt.,G_0b3b0acb0595a1a57016,9E5M,eligible_core,RNA,Q1,Q2,Q4
9E5M__N3D__laQ__aaB__rs102__m1__alt.,G_0b3b0acb0595a1a57016,9E5M,eligible_core,RNA,Q1,Q2,Q4
9E5O__N3D__laD__aaA__rs102__m1__alt.,G_0b3b0acb0595a1a57016,9E5O,eligible_core,RNA,Q1,Q2,Q4
9E5O__N3D__laQ__aaB__rs102__m1__alt.,G_0b3b0acb0595a1a57016,9E5O,eligible_core,RNA,Q1,Q2,Q4
9E5P__N3D__laD__aaA__rs102__m1__alt.,G_0b3b0acb0595a1a57016,9E5P,eligible_core,RNA,Q1,Q2,Q4
9E5P__N3D__laP__aaB__rs102__m1__alt.,G_0b3b0acb0595a1a57016,9E5P,eligible_core,RNA,Q1,Q2,Q4
9E5Q__N3D__laD__aaA__rs102__m1__alt.,G_0b3b0acb0595a1a57016,9E5Q,eligible_core,RNA,Q1,Q2,Q4
9E5Q__N3D__laQ__aaB__rs102__m1__alt.,G_0b3b0acb0595a1a57016,9E5Q,eligible_core,RNA,Q1,Q2,Q4
9E5R__N3D__laD__aaA__rs102__m1__alt.,G_0b3b0acb0595a1a57016,9E5R,eligible_core,RNA,Q1,Q2,Q4
9E5R__N3D__laP__aaB__rs102__m1__alt.,G_0b3b0acb0595a1a57016,9E5R,eligible_core,RNA,Q1,Q2,Q4
9E5S__N3D__laD__aaA__rs102__m1__alt.,G_0b3b0acb0595a1a57016,9E5S,eligible_core,RNA,Q1,Q2,Q4
9E5T__N3D__laD__aaA__rs102__m1__alt.,G_0b3b0acb0595a1a57016,9E5T,eligible_core,RNA,Q1,Q2,Q4
9E5T__N3D__laQ__aaB__rs102__m1__alt.,G_0b3b0acb0595a1a57016,9E5T,eligible_core,RNA,Q1,Q2,Q4
9EBP__LUM__laC__aaA__rs101__m1__alt.,G_a873b22dc9806c91a9eb,9EBP,eligible_core,RNA,Q1,Q1,Q4
9EBP__LUM__laJ__aaM__rs101__m1__alt.,G_a873b22dc9806c91a9eb,9EBP,eligible_core,RNA,Q1,Q1,Q4
9EBV__LUM__laK__aaA__rs109__m1__alt.,G_a873b22dc9806c91a9eb,9EBV,eligible_core,RNA,Q1,Q1,Q4
9EBV__LUM__laU__aaM__rs110__m1__alt.,G_a873b22dc9806c91a9eb,9EBV,eligible_core,RNA,Q1,Q1,Q4
9EC4__CTI__laC__aaM__rs101__m1__alt.,G_a873b22dc9806c91a9eb,9EC4,eligible_core,RNA,Q2,Q2,Q4
9EC4__CTI__laO__aaA__rs101__m1__alt.,G_a873b22dc9806c91a9eb,9EC4,eligible_core,RNA,Q2,Q2,Q4
9ELR__N3D__laD__aaA__rs102__m1__alt.,G_0b3b0acb0595a1a57016,9ELR,eligible_core,RNA,Q1,Q2,Q4
9ELR__N3D__laQ__aaB__rs102__m1__alt.,G_0b3b0acb0595a1a57016,9ELR,eligible_core,RNA,Q1,Q2,Q4
9FXO__PAR__laEO__aaL2__rs1728__m1__alt.,G_f4d1d12be786ffda9d67,9FXO,eligible_core,RNA,Q4,Q4,Q4
9FXO__PAR__laGJ__aaL1__rs1978__m1__alt.,G_f4d1d12be786ffda9d67,9FXO,eligible_core,RNA,Q4,Q4,Q3
9FXO__PAR__laUP__aaL7__rs208__m1__alt.,G_f4d1d12be786ffda9d67,9FXO,eligible_core,RNA,Q4,Q4,Q4
9GVI__PQ3__laB__aaA__rs101__m1__alt.,G_53ee4c101fef37e6cb33,9GVI,eligible_core,DNA,Q4,Q3,Q3
9GVV__LWQ__laB__aaA__rs101__m1__alt.,G_53ee4c101fef37e6cb33,9GVV,eligible_core,DNA,Q3,Q3,Q3
9HRD__GTP__laFA__aaD__rs107__m1__alt.,G_629bdcbc8e9ad0ccec74,9HRD,eligible_core,RNA,Q3,Q4,Q4
9HRD__GTP__laK__aaA__rs107__m1__alt.,G_629bdcbc8e9ad0ccec74,9HRD,eligible_core,RNA,Q3,Q4,Q4
9HRD__GTP__laR__aaB__rs107__m1__alt.,G_629bdcbc8e9ad0ccec74,9HRD,eligible_core,RNA,Q3,Q4,Q4
9HRD__GTP__laY__aaC__rs107__m1__alt.,G_629bdcbc8e9ad0ccec74,9HRD,eligible_core,RNA,Q3,Q4,Q4
9HRG__GTP__laG__aaA__rs103__m1__alt.,G_bf23d63dfcbc4d6b924e,9HRG,eligible_core,RNA,Q3,Q4,Q4
9HRG__GTP__laM__aaB__rs103__m1__alt.,G_bf23d63dfcbc4d6b924e,9HRG,eligible_core,RNA,Q3,Q4,Q4
9HRG__GTP__laS__aaC__rs103__m1__alt.,G_bf23d63dfcbc4d6b924e,9HRG,eligible_core,RNA,Q3,Q4,Q4
9HRG__GTP__laY__aaD__rs103__m1__alt.,G_bf23d63dfcbc4d6b924e,9HRG,eligible_core,RNA,Q3,Q4,Q4
9HRO__TOY__laB__aaA__rs101__m1__alt.,G_20e6bb992ae229c4730a,9HRO,eligible_core,RNA,Q3,Q3,Q3
9I9W__B2R__laC__aaAAA__rs101__m1__alt.,G_013ebaf4d1c112a09e32,9I9W,eligible_core,RNA,Q4,Q4,Q2
9I9W__B2R__laD__aaAAA__rs102__m1__alt.,G_013ebaf4d1c112a09e32,9I9W,eligible_diversity,RNA,Q4,Q4,Q1
9I9W__B2R__laE__aaBBB__rs101__m1__alt.,G_013ebaf4d1c112a09e32,9I9W,eligible_core,RNA,Q4,Q4,Q2
9IF0__B2R__laC__aaAAA__rs101__m1__alt.,G_5b92bd3d415d4e79d433,9IF0,eligible_core,RNA,Q4,Q4,Q2
9IF0__B2R__laD__aaBBB__rs101__m1__alt.,G_5b92bd3d415d4e79d433,9IF0,eligible_core,RNA,Q4,Q4,Q2
9IO0__53D__laB__aaA__rs101__m1__alt.,G_599e9a4f306f3495dee4,9IO0,eligible_core,RNA,Q3,Q4,Q1
9IO1__53D__laB__aaA__rs101__m1__alt.,G_e9f0459d9dd08ccb9374,9IO1,eligible_core,RNA,Q3,Q4,Q1
9IOR__53D__laB__aaA__rs101__m1__alt.,G_2b74165050c22201cde8,9IOR,eligible_core,RNA,Q3,Q4,Q1
9IOS__53D__laB__aaA__rs101__m1__alt.,G_0338f5e8df6ddcf6caf7,9IOS,eligible_core,RNA,Q3,Q4,Q2
9IOU__53D__laB__aaA__rs101__m1__alt.,G_e77dbbb77feae0b90c0c,9IOU,eligible_core,RNA,Q3,Q4,Q2
9J9X__A1EA7__laIA__aaN__rs534__m1__alt.,G_3d3415e230fbfd0347c6,9J9X,eligible_core,RNA,Q3,Q4,Q4
9JL7__DM2__laD__aaA__rs101__m1__alt.,G_97c19d4f565260b68079,9JL7,eligible_diversity,DNA,Q4,Q3,Q1
9JX5__7V8__laB__aaA__rs101__m1__alt.,G_928eeb6eb0b4acfd6602,9JX5,eligible_core,DNA,Q4,Q4,Q2
9K38__GTP__laEA__aaZ__rs101__m1__alt.,G_c6b0bcf1ccfbd0d791f2,9K38,eligible_core,mixed,Q3,Q4,Q1
9K9H__GMP__laE__aaA__rs404__m1__alt.,G_e0267e2f1fa69b6c77bc,9K9H,eligible_core,RNA,Q2,Q2,Q4
9KG8__BER__laB__aaX__rs101__m1__alt.,G_901c44843ae5e60c1fb1,9KG8,eligible_core,DNA,Q2,Q2,Q2
9KG8__BER__laC__aaX__rs102__m1__alt.,G_901c44843ae5e60c1fb1,9KG8,eligible_core,DNA,Q2,Q2,Q2
9KTJ__ATP__laB__aaA__rs101__m1__alt.,G_4b6f06731865d8385147,9KTJ,eligible_core,DNA,Q3,Q4,Q2
9L4E__A1EIH__laB__aaA__rs101__m1__alt.,G_504f11fa1e3278ad1b85,9L4E,eligible_core,DNA,Q3,Q3,Q2
9L4E__A1EIH__laC__aaA__rs102__m1__alt.,G_504f11fa1e3278ad1b85,9L4E,eligible_core,DNA,Q3,Q3,Q2
9L8F__A1EI4__laI__aaU__rs108__m1__alt.,G_ca421ca7826d6841da6b,9L8F,eligible_core,RNA,Q3,Q2,Q2
9LXO__GTP__laDA__aaZ__rs101__m1__alt.,G_2c17322513e81075c86c,9LXO,eligible_core,mixed,Q3,Q4,Q1
9MOZ__A1BNI__laI__aaA__rs103__m1__alt.,G_8c46e55d60c30f91a657,9MOZ,eligible_core,DNA,Q4,Q4,Q3
9MOZ__A1BNI__laJA__aaG__rs103__m1__alt.,G_8c46e55d60c30f91a657,9MOZ,eligible_diversity,DNA,Q4,Q4,Q3
9MOZ__A1BNI__laJ__aaA__rs104__m1__alt.,G_8c46e55d60c30f91a657,9MOZ,eligible_diversity,DNA,Q4,Q4,Q3
9MOZ__A1BNI__laLA__aaG__rs105__m1__alt.,G_8c46e55d60c30f91a657,9MOZ,eligible_diversity,DNA,Q4,Q4,Q3
9MOZ__A1BNI__laV__aaD__rs103__m1__alt.,G_8c46e55d60c30f91a657,9MOZ,eligible_diversity,DNA,Q4,Q4,Q3
9MOZ__A1BNI__laW__aaD__rs104__m1__alt.,G_8c46e55d60c30f91a657,9MOZ,eligible_diversity,DNA,Q4,Q4,Q3
9MP1__A1BNK__laC__aaA__rs101__m1__alt.,G_24aa44237d9eeeb8efeb,9MP1,eligible_core,DNA,Q4,Q4,Q2
9MP1__A1BNK__laK__aaB__rs101__m1__alt.,G_24aa44237d9eeeb8efeb,9MP1,eligible_core,DNA,Q4,Q4,Q2
9NAP__EKJ__laB__aaA__rs201__m1__alt.,G_d4f7bdc7cde10cc53a00,9NAP,eligible_core,RNA,Q3,Q4,Q3
9NDV__QI9__laB__aaA__rs201__m1__alt.,G_ef6fb29ab54bf2367fb5,9NDV,eligible_core,RNA,Q2,Q3,Q4
9NDX__QI9__laC__aaA__rs201__m1__alt.,G_ef6fb29ab54bf2367fb5,9NDX,eligible_core,RNA,Q2,Q3,Q4
9NDX__QI9__laD__aaB__rs201__m1__alt.,G_ef6fb29ab54bf2367fb5,9NDX,eligible_core,RNA,Q2,Q3,Q4
9NX4__CPF__laL__aaC__rs101__m1__alt.,G_939d87c9b3be9d45a52b,9NX4,eligible_diversity,DNA,Q2,Q2,Q1
9SQC__A1JPP__laC__aaB__rs101__m1__alt.,G_f662975bba65988bd3c9,9SQC,eligible_core,DNA,Q3,Q3,Q2
9U6Z__53D__laB__aaA__rs101__m1__alt.,G_314df869a34c6341568d,9U6Z,eligible_core,mixed,Q3,Q4,Q2
9U70__53D__laB__aaA__rs101__m1__alt.,G_f87e7e98cfefe7c59f0a,9U70,eligible_core,mixed,Q3,Q4,Q1
9V7O__GMP__laD__aaB__rs301__m1__alt.,G_29e2fd9d59ca7605e5a4,9V7O,eligible_core,RNA,Q2,Q2,Q4
9VA0__CP0__laD__aaA__rs503__m1__alt.,G_a7edf7a44727ad29963a,9VA0,eligible_core,DNA,Q4,Q3,Q2
9VA3__A1EQ9__laD__aaA__rs503__m1__alt.,G_a7edf7a44727ad29963a,9VA3,eligible_core,DNA,Q4,Q3,Q2
9VMZ__A1EST__laC__aaA__rs102__m1__alt.,G_758f85b77482d3a19f8a,9VMZ,eligible_core,RNA,Q3,Q2,Q3
9VUO__A1ETT__laC__aaA__rs101__m1__alt.,G_e664448140a21cab38a0,9VUO,eligible_core,mixed,Q1,Q3,Q1
9VXM__NMY__laWM__aaAA__rs1784__m1__alt.,G_39b301fb164f8965e778,9VXM,eligible_core,RNA,Q4,Q4,Q4
9VXM__NMY__laYM__aaAA__rs1786__m1__alt.,G_39b301fb164f8965e778,9VXM,eligible_diversity,RNA,Q4,Q4,Q4
