complex_id	tier	parent_pdb	weight
108D__TOT__laC__aaA__rs9__m1__alt.	eligible_core	108D	1.4430618006901623
110D__DM1__laB__aaA__rs7__m1__alt.	eligible_diversity	110D	2.2796193663076476
11YY__MLA__laI__aaB__rs801__m1__alt.	eligible_diversity	11YY	2.2796193663076476
12CI__LDP__laN__aaA__rs112__m1__alt.	eligible_core	12CI	1.4430618006901623
151D__DM2__laB__aaA__rs7__m1__alt.	eligible_diversity	151D	2.2796193663076476
152D__DM1__laB__aaA__rs7__m1__alt.	eligible_diversity	152D	2.2796193663076476
198D__DM5__laE__aaA__rs25__m1__alt.	eligible_core	198D	0.36076545017254058
198D__DM5__laG__aaB__rs26__m1__alt.	eligible_core	198D	0.36076545017254058
198D__DM5__laH__aaD__rs27__m1__alt.	eligible_core	198D	0.36076545017254058
198D__DM5__laI__aaD__rs28__m1__alt.	eligible_core	198D	0.36076545017254058
1AL9__BDA__laC__aaA__rs17__m1__alt.	eligible_core	1AL9	1.4430618006901623
1AW4__AMP__laB__aaA__rs28__m1__alt.	eligible_core	1AW4	0.72153090034508116
1AW4__AMP__laC__aaA__rs29__m1__alt.	eligible_core	1AW4	0.72153090034508116
1CX3__NF__laC__aaA__rs7__m1__alt.	eligible_core	1CX3	1.4430618006901623
1D10__DM1__laB__aaA__rs7__m1__alt.	eligible_diversity	1D10	2.2796193663076476
1D12__DM2__laB__aaA__rs7__m1__alt.	eligible_diversity	1D12	2.2796193663076476
1D15__DM6__laB__aaA__rs7__m1__alt.	eligible_diversity	1D15	2.2796193663076476
1D37__DM4__laB__aaA__rs7__m1__alt.	eligible_diversity	1D37	2.2796193663076476
1D38__DM5__laB__aaA__rs7__m1__alt.	eligible_diversity	1D38	2.2796193663076476
1DA0__DM1__laB__aaA__rs7__m1__alt.	eligible_diversity	1DA0	2.2796193663076476
1G5L__BLB__laG__aaC__rs1__m1__alt.	eligible_core	1G5L	1.4430618006901623
1GJ2__BLB__laG__aaC__rs1__m1__alt.	eligible_core	1GJ2	1.4430618006901623
1I5V__PPZ__laC__aaA__rs7__m1__alt.	eligible_diversity	1I5V	1.1398096831538238
1I5V__PPZ__laD__aaB__rs7__m1__alt.	eligible_diversity	1I5V	1.1398096831538238
1IMS__DM7__laB__aaA__rs7__m1__alt.	eligible_diversity	1IMS	2.2796193663076476
1JO2__DM1__laB__aaA__rs7__m1__alt.	eligible_diversity	1JO2	2.2796193663076476
1K9G__DR1__laB__aaA__rs7__m1__alt.	eligible_diversity	1K9G	1.1398096831538238
1K9G__DR1__laC__aaA__rs8__m1__alt.	eligible_diversity	1K9G	1.1398096831538238
1LEJ__P11__laC__aaA__rs27__m1__alt.	eligible_core	1LEJ	1.4430618006901623
1N37__RSD__laC__aaB__rs17__m1__alt.	eligible_core	1N37	1.4430618006901623
1NAB__44D__laC__aaA__rs41__m1__alt.	eligible_core	1NAB	0.72153090034508116
1NAB__44D__laD__aaB__rs40__m1__alt.	eligible_core	1NAB	0.72153090034508116
1P20__DM2__laB__aaA__rs7__m1__alt.	eligible_diversity	1P20	2.2796193663076476
1QCH__NGM__laC__aaA__rs13__m1__alt.	eligible_core	1QCH	1.4430618006901623
1QSX__HT__laJ__aaB__rs25__m1__alt.	eligible_core	1QSX	0.72153090034508116
1QSX__HT__laK__aaB__rs26__m1__alt.	eligible_core	1QSX	0.72153090034508116
1R68__MAR__laB__aaA__rs7__m1__alt.	eligible_diversity	1R68	2.2796193663076476
1RMX__AIK__laC__aaA__rs11__m1__alt.	eligible_core	1RMX	0.72153090034508116
1RMX__AIK__laD__aaB__rs2__m1__alt.	eligible_core	1RMX	0.72153090034508116
1X26__NAZ__laC__aaA__rs25__m1__alt.	eligible_core	1X26	0.72153090034508116
1X26__NAZ__laD__aaB__rs24__m1__alt.	eligible_core	1X26	0.72153090034508116
1X95__XR2__laC__aaA__rs21__m1__alt.	eligible_core	1X95	1.4430618006901623
1Z3F__EL__laC__aaA__rs41__m1__alt.	eligible_diversity	1Z3F	1.1398096831538238
1Z3F__EL__laE__aaB__rs42__m1__alt.	eligible_diversity	1Z3F	1.1398096831538238
1ZTT__NT__laD__aaG__rs301__m1__alt.	eligible_core	1ZTT	1.4430618006901623
203D__PSO__laC__aaA__rs9__m1__alt.	eligible_core	203D	1.4430618006901623
204D__PSO__laC__aaB__rs1__m1__alt.	eligible_core	204D	1.4430618006901623
21CC__PP9__laC__aaB__rs101__m1__alt.	eligible_core	21CC	1.4430618006901623
224D__NGM__laC__aaA__rs14__m1__altA	eligible_core	224D	0.72153090034508116
224D__NGM__laD__aaB__rs13__m1__alt.	eligible_core	224D	0.72153090034508116
234D__DMM__laB__aaA__rs7__m1__alt.	eligible_diversity	234D	2.2796193663076476
235D__DMM__laB__aaA__rs7__m1__altA	eligible_diversity	235D	2.2796193663076476
236D__CMD__laB__aaA__rs7__m1__alt.	eligible_diversity	236D	2.2796193663076476
245D__NGM__laC__aaA__rs14__m1__altA	eligible_core	245D	0.72153090034508116
245D__NGM__laD__aaB__rs13__m1__alt.	eligible_core	245D	0.72153090034508116
24QP__DNH__laZ__aaN__rs101__m1__alt.	eligible_core	24QP	1.4430618006901623
24QR__DNH__laU__aaN__rs101__m1__alt.	eligible_core	24QR	1.4430618006901623
276D__DM8__laB__aaA__rs7__m1__alt.	eligible_diversity	276D	2.2796193663076476
278D__DM8__laB__aaA__rs7__m1__alt.	eligible_diversity	278D	2.2796193663076476
282D__NGM__laC__aaA__rs13__m1__alt.	eligible_core	282D	1.4430618006901623
2KXM__RIO__laB__aaA__rs101__m1__alt.	eligible_core	2KXM	1.4430618006901623
2L1V__PRF__laB__aaA__rs37__m1__alt.	eligible_core	2L1V	1.4430618006901623
2L7V__QUL__laD__aaA__rs1__m1__alt.	eligible_core	2L7V	0.72153090034508116
2L7V__QUL__laE__aaA__rs2__m1__alt.	eligible_core	2L7V	0.72153090034508116
2LWH__NT__laC__aa1__rs101__m1__alt.	eligible_core	2LWH	1.4430618006901623
2MG8__XR2__laC__aaB__rs101__m1__alt.	eligible_core	2MG8	0.72153090034508116
2MG8__XR2__laD__aaB__rs102__m1__alt.	eligible_core	2MG8	0.72153090034508116
2MNE__3B5__laC__aaA__rs101__m1__alt.	eligible_core	2MNE	0.72153090034508116
2MNE__3B5__laD__aaB__rs101__m1__alt.	eligible_core	2MNE	0.72153090034508116
2MXS__PAR__laB__aaA__rs101__m1__alt.	eligible_core	2MXS	1.4430618006901623
2N0J__RIO__laB__aaA__rs101__m1__alt.	eligible_core	2N0J	1.4430618006901623
2N96__4JF__laC__aaY__rs101__m1__alt.	eligible_core	2N96	1.4430618006901623
2NZ4__GLP__laR__aaF__rs5002__m1__alt.	eligible_core	2NZ4	0.72153090034508116
2NZ4__GLP__laW__aaG__rs5003__m1__alt.	eligible_core	2NZ4	0.72153090034508116
2O5C__TDR__laE__aaD__rs799__m1__alt.	eligible_diversity	2O5C	2.2796193663076476
2O5E__TDR__laE__aaD__rs9__m1__alt.	eligible_diversity	2O5E	2.2796193663076476
2QK9__16D__laG__aaC__rs1004__m1__alt.	eligible_core	2QK9	1.4430618006901623
2R2S__BLB__laE__aaB__rs9__m1__alt.	eligible_core	2R2S	1.4430618006901623
385D__NOD__laB__aaA__rs7__m1__alt.	eligible_diversity	385D	2.2796193663076476
3B4A__GLP__laC__aaA__rs401__m1__alt.	eligible_core	3B4A	1.4430618006901623
3B4C__GLP__laC__aaA__rs201__m1__alt.	eligible_core	3B4C	1.4430618006901623
3BNQ__PAR__laI__aaC__rs101__m1__alt.	eligible_diversity	3BNQ	2.2796193663076476
3BNR__PAR__laF__aaC__rs24__m1__alt.	eligible_diversity	3BNR	2.2796193663076476
3CDM__NII__laD__aaA__rs27__m1__alt.	eligible_core	3CDM	0.36076545017254058
3CDM__NII__laH__aaB__rs27__m1__alt.	eligible_core	3CDM	0.36076545017254058
3CDM__NII__laI__aaB__rs28__m1__alt.	eligible_core	3CDM	0.36076545017254058
3CDM__NII__laJ__aaB__rs29__m1__alt.	eligible_core	3CDM	0.36076545017254058
3CE5__BRA__laE__aaA__rs27__m1__alt.	eligible_core	3CE5	1.4430618006901623
3EY0__PNT__laC__aaA__rs11__m1__alt.	eligible_core	3EY0	1.4430618006901623
3FT6__PRL__laC__aaA__rs21__m1__alt.	eligible_diversity	3FT6	1.1398096831538238
3FT6__PRL__laF__aaB__rs22__m1__alt.	eligible_diversity	3FT6	1.1398096831538238
3G96__6MN__laM__aaF__rs12__m1__alt.	eligible_core	3G96	1.4430618006901623
3G9C__GLP__laM__aaE__rs5001__m1__alt.	eligible_core	3G9C	1.4430618006901623
3L3C__G6P__laBA__aaH__rs5004__m1__alt.	eligible_core	3L3C	0.48102060023005411
3L3C__G6P__laN__aaP__rs5001__m1__alt.	eligible_core	3L3C	0.48102060023005411
3L3C__G6P__laS__aaQ__rs5002__m1__alt.	eligible_core	3L3C	0.48102060023005411
3MIJ__R14__laD__aaA__rs30__m1__alt.	eligible_core	3MIJ	1.4430618006901623
3QCR__R14__laD__aaA__rs15__m1__alt.	eligible_diversity	3QCR	2.2796193663076476
3SUH__FFO__laD__aaX__rs103__m1__alt.	eligible_core	3SUH	1.4430618006901623
3U4M__MLI__laO__aaB__rs2202__m1__alt.	eligible_core	3U4M	0.36076545017254058
3U4M__MLI__laP__aaB__rs2203__m1__alt.	eligible_core	3U4M	0.36076545017254058
3U4M__MLI__laQ__aaB__rs2204__m1__alt.	eligible_core	3U4M	0.36076545017254058
3U4M__MLI__laR__aaB__rs2205__m1__alt.	eligible_core	3U4M	0.36076545017254058
3U56__MLI__laD__aaB__rs2201__m1__alt.	eligible_core	3U56	1.4430618006901623
473D__NT__laE__aaB__rs21__m1__alt.	eligible_core	473D	1.4430618006901623
482D__DM9__laB__aaA__rs7__m1__alt.	eligible_diversity	482D	2.2796193663076476
4BZT__XR2__laC__aaA__rs13__m1__alt.	eligible_core	4BZT	1.4430618006901623
4BZU__XR2__laC__aaA__rs17__m1__alt.	eligible_core	4BZU	1.4430618006901623
4BZV__XR2__laC__aaA__rs17__m1__alt.	eligible_core	4BZV	1.4430618006901623
4KZD__1TU__laG__aaR__rs103__m1__alt.	eligible_core	4KZD	1.4430618006901623
4L5K__KPT__laB__aaA__rs101__m1__alt.	eligible_diversity	4L5K	2.2796193663076476
4L81__SAM__laB__aaA__rs101__m1__alt.	eligible_core	4L81	1.4430618006901623
4OCD__MWB__laD__aaA__rs101__m1__alt.	eligible_core	4OCD	0.48102060023005411
4OCD__MWB__laE__aaB__rs101__m1__alt.	eligible_core	4OCD	0.48102060023005411
4OCD__MWB__laF__aaC__rs101__m1__alt.	eligible_core	4OCD	0.48102060023005411
4OQU__SAM__laB__aaA__rs101__m1__alt.	eligible_core	4OQU	1.4430618006901623
4P1D__KPT__laE__aaA__rs103__m1__alt.	eligible_core	4P1D	1.4430618006901623
4Q9Q__2ZZ__laF__aaR__rs103__m1__alt.	eligible_core	4Q9Q	1.4430618006901623
4Q9R__2ZY__laE__aaR__rs102__m1__alt.	eligible_core	4Q9R	1.4430618006901623
4QK8__2BA__laB__aaA__rs201__m1__alt.	eligible_core	4QK8	0.72153090034508116
4QK8__2BA__laC__aaA__rs202__m1__alt.	eligible_core	4QK8	0.72153090034508116
4QKA__2BA__laB__aaA__rs201__m1__alt.	eligible_core	4QKA	0.72153090034508116
4QKA__2BA__laC__aaA__rs202__m1__alt.	eligible_core	4QKA	0.72153090034508116
4QLM__2BA__laD__aaA__rs203__m1__alt.	eligible_core	4QLM	0.72153090034508116
4QLM__2BA__laE__aaA__rs204__m1__alt.	eligible_core	4QLM	0.72153090034508116
4RPX__DCP__laT__aaD__rs101__m1__alt.	eligible_diversity	4RPX	2.2796193663076476
4RPY__DCP__laU__aaT__rs101__m1__alt.	eligible_diversity	4RPY	2.2796193663076476
4RPZ__DCP__laO__aaD__rs101__m1__alt.	eligible_diversity	4RPZ	2.2796193663076476
4TS0__38E__laR__aaY__rs206__m1__alt.	eligible_core	4TS0	1.4430618006901623
4TS2__38E__laH__aaY__rs204__m1__alt.	eligible_core	4TS2	1.4430618006901623
4W90__2BA__laC__aaC__rs201__m1__alt.	eligible_core	4W90	0.72153090034508116
4W90__2BA__laD__aaC__rs202__m1__alt.	eligible_core	4W90	0.72153090034508116
4W92__2BA__laJ__aaC__rs208__m1__alt.	eligible_core	4W92	0.72153090034508116
4W92__2BA__laK__aaC__rs209__m1__alt.	eligible_core	4W92	0.72153090034508116
4Y1I__GTP__laBA__aaA__rs226__m1__alt.	eligible_core	4Y1I	0.72153090034508116
4Y1I__GTP__laC__aaA__rs201__m1__alt.	eligible_core	4Y1I	0.72153090034508116
4YAZ__4BW__laH__aaR__rs106__m1__alt.	eligible_core	4YAZ	0.72153090034508116
4YAZ__4BW__laL__aaA__rs103__m1__alt.	eligible_core	4YAZ	0.72153090034508116
4ZM0__144__laK__aaG__rs102__m1__alt.	eligible_core	4ZM0	1.4430618006901623
5BTP__AMZ__laJ__aaB__rs108__m1__alt.	eligible_core	5BTP	0.72153090034508116
5BTP__AMZ__laQ__aaA__rs106__m1__alt.	eligible_core	5BTP	0.72153090034508116
5IHD__2OP__laG__aaA__rs103__m1__alt.	eligible_core	5IHD	0.48102060023005411
5IHD__2OP__laJ__aaB__rs103__m1__alt.	eligible_core	5IHD	0.48102060023005411
5IHD__SIN__laM__aaD__rs101__m1__alt.	eligible_core	5IHD	0.48102060023005411
5NDV__PAR__laTJA__aa3__rs201__m1__alt.	eligible_core	5NDV	1.4430618006901623
5NPM__MLI__laC__aaB__rs101__m1__alt.	eligible_core	5NPM	1.4430618006901623
5OBM__LLL__laCEA__aa4__rs224__m1__alt.	eligible_core	5OBM	0.36076545017254058
5OBM__LLL__laGTB__aa8__rs221__m1__alt.	eligible_core	5OBM	0.36076545017254058
5OBM__LLL__laJSB__aa7__rs231__m1__alt.	eligible_core	5OBM	0.36076545017254058
5OBM__LLL__laLSB__aa7__rs233__m1__alt.	eligible_core	5OBM	0.36076545017254058
5ODF__CWN__laC__aaA__rs101__m1__alt.	eligible_core	5ODF	1.4430618006901623
5TPY__HEZ__laC__aaA__rs102__m1__alt.	eligible_core	5TPY	1.4430618006901623
5W77__9WP__laD__aaA__rs103__m1__alt.	eligible_core	5W77	0.72153090034508116
5W77__9WP__laE__aaA__rs104__m1__alt.	eligible_core	5W77	0.72153090034508116
6AZ3__PAR__laAC__aa2__rs1703__m1__alt.	eligible_core	6AZ3	0.36076545017254058
6AZ3__PAR__laBB__aa1__rs1804__m1__alt.	eligible_core	6AZ3	0.36076545017254058
6AZ3__PAR__laCB__aa1__rs1805__m1__alt.	eligible_core	6AZ3	0.36076545017254058
6AZ3__PAR__laZB__aa2__rs1702__m1__alt.	eligible_core	6AZ3	0.36076545017254058
6AZ4__GP3__laC__aaA__rs101__m1__alt.	eligible_core	6AZ4	1.4430618006901623
6C65__EKJ__laD__aaA__rs101__m1__alt.	eligible_core	6C65	0.48102060023005411
6C65__EKJ__laH__aaB__rs101__m1__alt.	eligible_core	6C65	0.48102060023005411
6C65__EKJ__laL__aaC__rs101__m1__alt.	eligible_core	6C65	0.48102060023005411
6CB3__GTP__laAB__aaB__rs221__m1__alt.	eligible_core	6CB3	0.72153090034508116
6CB3__GTP__laU__aaA__rs219__m1__alt.	eligible_core	6CB3	0.72153090034508116
6CC3__GTP__laFA__aaB__rs211__m1__alt.	eligible_diversity	6CC3	2.2796193663076476
6CK5__PRP__laIA__aaB__rs216__m1__alt.	eligible_core	6CK5	1.4430618006901623
6DLQ__PRP__laB__aaA__rs201__m1__altA	eligible_core	6DLQ	1.4430618006901623
6DLR__PRP__laB__aaA__rs201__m1__altA	eligible_core	6DLR	1.4430618006901623
6DLS__PRP__laB__aaA__rs201__m1__altA	eligible_core	6DLS	1.4430618006901623
6DLT__PRP__laH__aaA__rs207__m1__altA	eligible_core	6DLT	1.4430618006901623
6E8S__EKJ__laC__aaA__rs101__m1__alt.	eligible_core	6E8S	0.72153090034508116
6E8S__EKJ__laG__aaB__rs101__m1__alt.	eligible_core	6E8S	0.72153090034508116
6E8T__HZG__laE__aaD__rs101__m1__alt.	eligible_core	6E8T	0.36076545017254058
6E8T__HZG__laG__aaC__rs101__m1__alt.	eligible_core	6E8T	0.36076545017254058
6E8T__HZG__laJ__aaB__rs101__m1__alt.	eligible_core	6E8T	0.36076545017254058
6E8T__HZG__laL__aaA__rs101__m1__alt.	eligible_core	6E8T	0.36076545017254058
6E8U__HZD__laG__aaB__rs106__m1__alt.	eligible_core	6E8U	1.4430618006901623
6FC9__D5B__laB__aaA__rs101__m1__alt.	eligible_core	6FC9	1.4430618006901623
6GZ7__FGW__laC__aaA__rs101__m1__alt.	eligible_core	6GZ7	1.4430618006901623
6IZP__B2R__laB__aaA__rs101__m1__alt.	eligible_core	6IZP	0.72153090034508116
6IZP__B2R__laC__aaA__rs102__m1__alt.	eligible_core	6IZP	0.72153090034508116
6JJ0__BO6__laB__aaA__rs101__m1__alt.	eligible_core	6JJ0	1.4430618006901623
6LAS__SAM__laF__aaA__rs101__m1__alt.	eligible_core	6LAS	0.72153090034508116
6LAS__SAM__laG__aaB__rs101__m1__alt.	eligible_core	6LAS	0.72153090034508116
6LAU__SAH__laF__aaA__rs101__m1__alt.	eligible_core	6LAU	0.72153090034508116
6LAU__SAH__laI__aaB__rs101__m1__alt.	eligible_core	6LAU	0.72153090034508116
6LAX__SAM__laF__aaA__rs101__m1__alt.	eligible_core	6LAX	0.72153090034508116
6LAX__SAM__laG__aaB__rs101__m1__alt.	eligible_core	6LAX	0.72153090034508116
6LAZ__E7X__laG__aaA__rs102__m1__alt.	eligible_core	6LAZ	0.72153090034508116
6LAZ__E7X__laH__aaB__rs101__m1__alt.	eligible_core	6LAZ	0.72153090034508116
6M5J__F1R__laG__aaA__rs103__m1__alt.	eligible_core	6M5J	0.36076545017254058
6M5J__F1R__laJ__aaB__rs103__m1__alt.	eligible_core	6M5J	0.36076545017254058
6M5J__F1R__laK__aaC__rs101__m1__alt.	eligible_core	6M5J	0.36076545017254058
6M5J__F1R__laL__aaD__rs101__m1__alt.	eligible_core	6M5J	0.36076545017254058
6N5Q__2BA__laB__aaA__rs201__m1__alt.	eligible_core	6N5Q	0.72153090034508116
6N5Q__2BA__laC__aaA__rs202__m1__alt.	eligible_core	6N5Q	0.72153090034508116
6N5T__2BA__laB__aaA__rs201__m1__alt.	eligible_core	6N5T	0.72153090034508116
6N5T__2BA__laC__aaA__rs202__m1__alt.	eligible_core	6N5T	0.72153090034508116
6O2L__BO6__laB__aaA__rs101__m1__alt.	eligible_core	6O2L	0.72153090034508116
6O2L__BO6__laC__aaA__rs102__m1__alt.	eligible_core	6O2L	0.72153090034508116
6OD9__AMZ__laD__aaA__rs102__m1__alt.	eligible_core	6OD9	0.72153090034508116
6OD9__AMZ__laI__aaB__rs102__m1__alt.	eligible_core	6OD9	0.72153090034508116
6QIR__J48__laE__aaA__rs101__m1__alt.	eligible_core	6QIR	0.36076545017254058
6QIR__J48__laF__aaA__rs102__m1__alt.	eligible_core	6QIR	0.36076545017254058
6QIR__J48__laG__aaC__rs101__m1__alt.	eligible_core	6QIR	0.36076545017254058
6QIR__J48__laH__aaD__rs101__m1__alt.	eligible_core	6QIR	0.36076545017254058
6QIT__J48__laE__aaA__rs101__m1__altA	eligible_core	6QIT	0.36076545017254058
6QIT__J48__laF__aaA__rs102__m1__altA	eligible_core	6QIT	0.36076545017254058
6QIT__J48__laG__aaC__rs101__m1__alt.	eligible_core	6QIT	0.36076545017254058
6QIT__J48__laH__aaD__rs101__m1__altA	eligible_core	6QIT	0.36076545017254058
6RIO__K4Z__laC__aaA__rs101__m1__alt.	eligible_core	6RIO	1.4430618006901623
6V9D__QW4__laC__aaB__rs101__m1__alt.	eligible_core	6V9D	0.48102060023005411
6V9D__QW4__laD__aaB__rs102__m1__alt.	eligible_core	6V9D	0.48102060023005411
6V9D__QW4__laH__aaE__rs101__m1__alt.	eligible_core	6V9D	0.48102060023005411
6VA2__QSV__laC__aaA__rs101__m1__alt.	eligible_core	6VA2	1.4430618006901623
6VA3__MQC__laC__aaA__rs101__m1__alt.	eligible_core	6VA3	1.4430618006901623
6VA4__QSY__laC__aaB__rs101__m1__alt.	eligible_core	6VA4	1.4430618006901623
6VGG__QWP__laF__aaB__rs101__m1__alt.	eligible_diversity	6VGG	2.2796193663076476
6WK7__AX2__laC__aaB__rs101__m1__alt.	eligible_core	6WK7	0.24051030011502705
6WK7__AX2__laD__aaB__rs102__m1__alt.	eligible_core	6WK7	0.24051030011502705
6WK7__AX2__laE__aaB__rs103__m1__alt.	eligible_core	6WK7	0.24051030011502705
6WK7__AX2__laF__aaC__rs101__m1__alt.	eligible_core	6WK7	0.24051030011502705
6WK7__AX2__laG__aaC__rs102__m1__alt.	eligible_core	6WK7	0.24051030011502705
6WK7__AX2__laH__aaC__rs103__m1__alt.	eligible_core	6WK7	0.24051030011502705
6WZR__UG1__laH__aaA__rs106__m1__alt.	eligible_core	6WZR	0.72153090034508116
6WZR__UG1__laK__aaB__rs103__m1__alt.	eligible_core	6WZR	0.72153090034508116
6WZS__UG4__laI__aaB__rs107__m1__alt.	eligible_core	6WZS	0.72153090034508116
6WZS__UG4__laP__aaA__rs107__m1__alt.	eligible_core	6WZS	0.72153090034508116
6YMI__AMP__laN__aaA__rs102__m1__alt.	eligible_core	6YMI	0.16034020007668473
6YMI__AMP__laO__aaA__rs103__m1__alt.	eligible_core	6YMI	0.16034020007668473
6YMI__AMP__laQ__aaC__rs102__m1__alt.	eligible_core	6YMI	0.16034020007668473
6YMI__AMP__laS__aaF__rs102__m1__alt.	eligible_core	6YMI	0.16034020007668473
6YMI__AMP__laT__aaG__rs101__m1__alt.	eligible_core	6YMI	0.16034020007668473
6YMI__AMP__laV__aaI__rs102__m1__alt.	eligible_core	6YMI	0.16034020007668473
6YMI__AMP__laX__aaM__rs102__m1__alt.	eligible_core	6YMI	0.16034020007668473
6YMI__AMP__laY__aaN__rs101__m1__alt.	eligible_core	6YMI	0.16034020007668473
6YMI__AMP__laZ__aaO__rs201__m1__alt.	eligible_core	6YMI	0.16034020007668473
6YMJ__ADN__laAA__aaO__rs102__m1__alt.	eligible_core	6YMJ	0.16034020007668473
6YMJ__ADN__laM__aaA__rs201__m1__alt.	eligible_core	6YMJ	0.16034020007668473
6YMJ__ADN__laN__aaA__rs202__m1__alt.	eligible_core	6YMJ	0.16034020007668473
6YMJ__ADN__laQ__aaC__rs102__m1__alt.	eligible_core	6YMJ	0.16034020007668473
6YMJ__ADN__laS__aaF__rs201__m1__alt.	eligible_core	6YMJ	0.16034020007668473
6YMJ__ADN__laT__aaF__rs202__m1__alt.	eligible_core	6YMJ	0.16034020007668473
6YMJ__ADN__laU__aaI__rs201__m1__alt.	eligible_core	6YMJ	0.16034020007668473
6YMJ__ADN__laV__aaM__rs201__m1__alt.	eligible_core	6YMJ	0.16034020007668473
6YMJ__ADN__laY__aaN__rs101__m1__alt.	eligible_core	6YMJ	0.16034020007668473
6YMK__MTA__laM__aaA__rs101__m1__alt.	eligible_core	6YMK	0.16034020007668473
6YMK__MTA__laN__aaB__rs101__m1__alt.	eligible_core	6YMK	0.16034020007668473
6YMK__MTA__laO__aaC__rs101__m1__alt.	eligible_core	6YMK	0.16034020007668473
6YMK__MTA__laR__aaF__rs101__m1__alt.	eligible_core	6YMK	0.16034020007668473
6YMK__MTA__laT__aaG__rs101__m1__alt.	eligible_core	6YMK	0.16034020007668473
6YMK__MTA__laU__aaI__rs101__m1__alt.	eligible_core	6YMK	0.16034020007668473
6YMK__MTA__laW__aaM__rs101__m1__alt.	eligible_core	6YMK	0.16034020007668473
6YMK__MTA__laX__aaM__rs102__m1__alt.	eligible_core	6YMK	0.16034020007668473
6YMK__MTA__laY__aaO__rs101__m1__alt.	eligible_core	6YMK	0.16034020007668473
7EOG__J8F__laC__aaA__rs102__m1__alt.	eligible_core	7EOG	1.4430618006901623
7EOH__J8F__laB__aaA__rs101__m1__alt.	eligible_core	7EOH	1.4430618006901623
7EOI__J8F__laB__aaA__rs101__m1__alt.	eligible_core	7EOI	1.4430618006901623
7EOJ__J8F__laB__aaA__rs101__m1__alt.	eligible_core	7EOJ	1.4430618006901623
7EOK__J8L__laC__aaA__rs102__m1__alt.	eligible_core	7EOK	1.4430618006901623
7EOL__J8O__laH__aaA__rs107__m1__alt.	eligible_core	7EOL	1.4430618006901623
7EOM__J8R__laC__aaA__rs102__m1__alt.	eligible_core	7EOM	1.4430618006901623
7EON__J8U__laC__aaA__rs102__m1__alt.	eligible_core	7EON	1.4430618006901623
7EOO__J8X__laC__aaA__rs102__m1__alt.	eligible_core	7EOO	1.4430618006901623
7EOP__J93__laH__aaA__rs107__m1__alt.	eligible_core	7EOP	1.4430618006901623
7FGT__5R3__laC__aaA__rs101__m1__alt.	eligible_core	7FGT	1.4430618006901623
7KBW__WAM__laB__aaA__rs101__m1__alt.	eligible_core	7KBW	0.72153090034508116
7KBW__WAM__laC__aaA__rs102__m1__alt.	eligible_core	7KBW	0.72153090034508116
7KBX__WAM__laB__aaA__rs101__m1__alt.	eligible_core	7KBX	0.72153090034508116
7KBX__WAM__laC__aaA__rs102__m1__alt.	eligible_core	7KBX	0.72153090034508116
7MKT__MMP__laB__aaA__rs101__m1__altA	eligible_core	7MKT	1.4430618006901623
7MSV__BER__laC__aaX__rs102__m1__alt.	eligible_core	7MSV	0.48102060023005411
7MSV__BER__laD__aaX__rs103__m1__alt.	eligible_core	7MSV	0.48102060023005411
7MSV__DGP__laB__aaX__rs101__m1__alt.	eligible_core	7MSV	0.48102060023005411
7N7D__BER__laB__aaA__rs101__m1__alt.	eligible_core	7N7D	0.72153090034508116
7N7D__BER__laC__aaA__rs102__m1__alt.	eligible_core	7N7D	0.72153090034508116
7N7E__BER__laB__aaA__rs101__m1__alt.	eligible_core	7N7E	0.72153090034508116
7N7E__BER__laC__aaA__rs102__m1__alt.	eligible_core	7N7E	0.72153090034508116
7OA3__V5Z__laC__aaA__rs101__m1__alt.	eligible_core	7OA3	1.4430618006901623
7OAV__GTP__laQ__aaC__rs102__m1__alt.	eligible_diversity	7OAV	2.2796193663076476
7OAV__V5Z__laE__aaA__rs101__m1__alt.	eligible_core	7OAV	0.36076545017254058
7OAV__V5Z__laK__aaB__rs101__m1__alt.	eligible_core	7OAV	0.36076545017254058
7OAV__V5Z__laP__aaC__rs101__m1__alt.	eligible_core	7OAV	0.36076545017254058
7OAV__V5Z__laT__aaD__rs101__m1__alt.	eligible_core	7OAV	0.36076545017254058
7OAW__GTP__laK__aaB__rs101__m1__alt.	eligible_core	7OAW	0.24051030011502705
7OAW__GTP__laQ__aaC__rs102__m1__alt.	eligible_core	7OAW	0.24051030011502705
7OAW__V6T__laH__aaA__rs104__m1__alt.	eligible_core	7OAW	0.24051030011502705
7OAW__V6T__laN__aaB__rs104__m1__alt.	eligible_core	7OAW	0.24051030011502705
7OAW__V6T__laT__aaC__rs105__m1__alt.	eligible_core	7OAW	0.24051030011502705
7OAW__V6T__laY__aaD__rs104__m1__alt.	eligible_core	7OAW	0.24051030011502705
7OAX__V5Z__laDA__aaD__rs103__m1__alt.	eligible_core	7OAX	0.36076545017254058
7OAX__V5Z__laF__aaA__rs102__m1__alt.	eligible_core	7OAX	0.36076545017254058
7OAX__V5Z__laO__aaB__rs103__m1__alt.	eligible_core	7OAX	0.36076545017254058
7OAX__V5Z__laW__aaC__rs103__m1__alt.	eligible_core	7OAX	0.36076545017254058
7PNG__7V5__laB__aaA__rs101__m1__alt.	eligible_core	7PNG	1.4430618006901623
7RBI__DCP__laM__aaD__rs101__m1__alt.	eligible_diversity	7RBI	2.2796193663076476
7REX__PRF__laD__aaA__rs101__m1__alt.	eligible_core	7REX	0.24051030011502705
7REX__PRF__laE__aaA__rs102__m1__alt.	eligible_core	7REX	0.24051030011502705
7REX__PRF__laI__aaB__rs101__m1__alt.	eligible_core	7REX	0.24051030011502705
7REX__PRF__laJ__aaB__rs102__m1__alt.	eligible_core	7REX	0.24051030011502705
7REX__PRF__laK__aaC__rs101__m1__alt.	eligible_core	7REX	0.24051030011502705
7REX__PRF__laL__aaC__rs102__m1__alt.	eligible_core	7REX	0.24051030011502705
7YCI__GTP__laC__aaN__rs501__m1__alt.	eligible_core	7YCI	1.4430618006901623
8ABD__PQ3__laB__aaA__rs101__m1__alt.	eligible_core	8ABD	1.4430618006901623
8ABN__LNF__laB__aaA__rs101__m1__alt.	eligible_core	8ABN	1.4430618006901623
8DWM__BLM__laE__aaG__rs101__m1__alt.	eligible_core	8DWM	1.4430618006901623
8EYU__X5R__laE__aaB__rs103__m1__alt.	eligible_core	8EYU	0.72153090034508116
8EYU__X5R__laI__aaA__rs104__m1__alt.	eligible_core	8EYU	0.72153090034508116
8EYV__747__laF__aaA__rs104__m1__alt.	eligible_core	8EYV	0.72153090034508116
8EYV__747__laI__aaB__rs103__m1__alt.	eligible_core	8EYV	0.72153090034508116
8EYW__TFX__laI__aaA__rs103__m1__alt.	eligible_core	8EYW	1.4430618006901623
8FB3__PRF__laD__aaA__rs101__m1__altA	eligible_core	8FB3	0.36076545017254058
8FB3__PRF__laE__aaA__rs102__m1__altA	eligible_core	8FB3	0.36076545017254058
8FB3__PRF__laJ__aaC__rs101__m1__altA	eligible_core	8FB3	0.36076545017254058
8FB3__PRF__laK__aaC__rs102__m1__altA	eligible_core	8FB3	0.36076545017254058
8FHV__2ZY__laH__aaA__rs107__m1__alt.	eligible_core	8FHV	1.4430618006901623
8FHX__2ZY__laH__aaA__rs107__m1__alt.	eligible_core	8FHX	1.4430618006901623
8FHZ__747__laH__aaA__rs107__m1__alt.	eligible_core	8FHZ	1.4430618006901623
8FI0__X5R__laH__aaA__rs107__m1__alt.	eligible_core	8FI0	1.4430618006901623
8FI1__747__laG__aaA__rs106__m1__alt.	eligible_core	8FI1	1.4430618006901623
8FI2__2ZY__laG__aaA__rs106__m1__alt.	eligible_core	8FI2	1.4430618006901623
8FI7__747__laG__aaA__rs106__m1__alt.	eligible_core	8FI7	1.4430618006901623
8FI8__X5R__laG__aaA__rs106__m1__alt.	eligible_core	8FI8	1.4430618006901623
8G4W__PRF__laI__aaR__rs101__m1__alt.	eligible_core	8G4W	1.4430618006901623
8G7E__PRF__laI__aaR__rs101__m1__alt.	eligible_core	8G7E	1.4430618006901623
8HZD__O2I__laF__aaA__rs104__m1__alt.	eligible_core	8HZD	0.72153090034508116
8HZD__O2I__laK__aaB__rs105__m1__alt.	eligible_core	8HZD	0.72153090034508116
8HZK__NI4__laBA__aaB__rs110__m1__alt.	eligible_core	8HZK	0.72153090034508116
8HZK__NI4__laR__aaA__rs116__m1__alt.	eligible_core	8HZK	0.72153090034508116
8HZL__NI4__laCA__aaB__rs114__m1__alt.	eligible_core	8HZL	0.24051030011502705
8HZL__NI4__laDA__aaB__rs115__m1__alt.	eligible_core	8HZL	0.24051030011502705
8HZL__NI4__laEA__aaB__rs116__m1__alt.	eligible_core	8HZL	0.24051030011502705
8HZL__NI4__laM__aaA__rs111__m1__alt.	eligible_core	8HZL	0.24051030011502705
8HZL__NI4__laN__aaA__rs112__m1__alt.	eligible_core	8HZL	0.24051030011502705
8HZL__NI4__laO__aaA__rs113__m1__alt.	eligible_core	8HZL	0.24051030011502705
8K0T__TEP__laB__aaA__rs101__m1__alt.	eligible_core	8K0T	1.4430618006901623
8K0U__HPA__laB__aaA__rs101__m1__alt.	eligible_core	8K0U	1.4430618006901623
8K0V__I7U__laB__aaA__rs101__m1__alt.	eligible_core	8K0V	1.4430618006901623
8K0W__TEP__laB__aaA__rs101__m1__alt.	eligible_core	8K0W	1.4430618006901623
8OLV__VTR__laRA__aaA__rs443__m1__alt.	eligible_core	8OLV	1.4430618006901623
8R6H__PQ3__laB__aaA__rs101__m1__alt.	eligible_core	8R6H	1.4430618006901623
8RUJ__VTR__laB__aaA__rs401__m1__alt.	eligible_diversity	8RUJ	2.2796193663076476
8T5O__TAC__laB__aaA__rs301__m1__alt.	eligible_core	8T5O	1.4430618006901623
8T7X__DAP__laE__aaA__rs101__m1__alt.	eligible_core	8T7X	0.72153090034508116
8T7X__DAP__laG__aaD__rs101__m1__alt.	eligible_core	8T7X	0.72153090034508116
8T80__HT1__laF__aaA__rs102__m1__alt.	eligible_core	8T80	0.72153090034508116
8T80__HT1__laG__aaD__rs101__m1__alt.	eligible_core	8T80	0.72153090034508116
8T8T__YSQ__laJ__aaB__rs104__m1__alt.	eligible_core	8T8T	1.4430618006901623
8TA9__DAP__laF__aaD__rs101__m1__alt.	eligible_core	8TA9	1.4430618006901623
8TAJ__NT__laF__aaD__rs101__m1__alt.	eligible_core	8TAJ	1.4430618006901623
8TAP__NT__laE__aaC__rs101__m1__alt.	eligible_core	8TAP	1.4430618006901623
8TAQ__HT1__laF__aaC__rs101__m1__alt.	eligible_core	8TAQ	1.4430618006901623
8TB8__HT1__laF__aaD__rs101__m1__alt.	eligible_core	8TB8	1.4430618006901623
8TBO__NT__laE__aaA__rs101__m1__alt.	eligible_core	8TBO	1.4430618006901623
8TDT__DAP__laJ__aaC__rs101__m1__alt.	eligible_core	8TDT	1.4430618006901623
8TOZ__PRF__laB__aaA__rs201__m1__alt.	eligible_core	8TOZ	1.4430618006901623
8VPV__PRF__laB__aaA__rs201__m1__alt.	eligible_core	8VPV	1.4430618006901623
8WQ7__XA5__laE__aaB__rs102__m1__alt.	eligible_core	8WQ7	1.4430618006901623
8XZE__THG__laB__aaA__rs101__m1__alt.	eligible_core	8XZE	1.4430618006901623
8XZL__DHF__laB__aaA__rs101__m1__alt.	eligible_core	8XZL	1.4430618006901623
8XZM__NPR__laG__aaA__rs106__m1__alt.	eligible_core	8XZM	1.4430618006901623
8XZN__H4B__laB__aaA__rs101__m1__alt.	eligible_core	8XZN	1.4430618006901623
8XZO__GUN__laC__aaA__rs202__m1__alt.	eligible_core	8XZO	1.4430618006901623
8XZP__A1LXN__laG__aaA__rs106__m1__alt.	eligible_core	8XZP	1.4430618006901623
8XZQ__AZG__laB__aaA__rs101__m1__alt.	eligible_core	8XZQ	1.4430618006901623
8XZR__ANG__laB__aaA__rs101__m1__alt.	eligible_core	8XZR	1.4430618006901623
8XZW__THG__laB__aaA__rs101__m1__alt.	eligible_core	8XZW	1.4430618006901623
9BZ1__5AC__laG__aaA__rs105__m1__alt.	eligible_core	9BZ1	0.72153090034508116
9BZ1__5AC__laM__aaB__rs103__m1__alt.	eligible_core	9BZ1	0.72153090034508116
9BZC__AMZ__laF__aaA__rs105__m1__alt.	eligible_core	9BZC	1.4430618006901623
9CJW__A1AAQ__laK__aaC__rs101__m1__alt.	eligible_core	9CJW	1.4430618006901623
9CKM__A1AY9__laM__aaC__rs101__m1__alt.	eligible_core	9CKM	0.72153090034508116
9CKM__A1AY9__laT__aaB__rs101__m1__alt.	eligible_core	9CKM	0.72153090034508116
9DID__TAM__laK__aaA__rs209__m1__alt.	eligible_core	9DID	1.4430618006901623
9DLL__A1AZM__laC__aaB__rs101__m1__alt.	eligible_core	9DLL	1.4430618006901623
9DLM__A1AZL__laC__aaA__rs101__m1__alt.	eligible_core	9DLM	1.4430618006901623
9DLN__MQC__laC__aaA__rs101__m1__alt.	eligible_core	9DLN	1.4430618006901623
9IF0__B2R__laC__aaAAA__rs101__m1__alt.	eligible_core	9IF0	0.72153090034508116
9IF0__B2R__laD__aaBBB__rs101__m1__alt.	eligible_core	9IF0	0.72153090034508116
9IO0__53D__laB__aaA__rs101__m1__alt.	eligible_core	9IO0	1.4430618006901623
9IO1__53D__laB__aaA__rs101__m1__alt.	eligible_core	9IO1	1.4430618006901623
9IOR__53D__laB__aaA__rs101__m1__alt.	eligible_core	9IOR	1.4430618006901623
9J9X__A1EA7__laIA__aaN__rs534__m1__alt.	eligible_core	9J9X	1.4430618006901623
9JX5__7V8__laB__aaA__rs101__m1__alt.	eligible_core	9JX5	1.4430618006901623
9K38__GTP__laEA__aaZ__rs101__m1__alt.	eligible_core	9K38	1.4430618006901623
9K9H__GMP__laE__aaA__rs404__m1__alt.	eligible_core	9K9H	1.4430618006901623
9KG8__BER__laB__aaX__rs101__m1__alt.	eligible_core	9KG8	0.72153090034508116
9KG8__BER__laC__aaX__rs102__m1__alt.	eligible_core	9KG8	0.72153090034508116
9KTJ__ATP__laB__aaA__rs101__m1__alt.	eligible_core	9KTJ	1.4430618006901623
9L4E__A1EIH__laB__aaA__rs101__m1__alt.	eligible_core	9L4E	0.72153090034508116
9L4E__A1EIH__laC__aaA__rs102__m1__alt.	eligible_core	9L4E	0.72153090034508116
9LXO__GTP__laDA__aaZ__rs101__m1__alt.	eligible_core	9LXO	1.4430618006901623
9MP1__A1BNK__laC__aaA__rs101__m1__alt.	eligible_core	9MP1	0.72153090034508116
9MP1__A1BNK__laK__aaB__rs101__m1__alt.	eligible_core	9MP1	0.72153090034508116
9NAP__EKJ__laB__aaA__rs201__m1__alt.	eligible_core	9NAP	1.4430618006901623
9NDV__QI9__laB__aaA__rs201__m1__alt.	eligible_core	9NDV	1.4430618006901623
9NDX__QI9__laC__aaA__rs201__m1__alt.	eligible_core	9NDX	0.72153090034508116
9NDX__QI9__laD__aaB__rs201__m1__alt.	eligible_core	9NDX	0.72153090034508116
9NX4__CPF__laL__aaC__rs101__m1__alt.	eligible_diversity	9NX4	2.2796193663076476
9VUO__A1ETT__laC__aaA__rs101__m1__alt.	eligible_core	9VUO	1.4430618006901623
