method_id,method,benchmark_set,run_id,denominator,valid_complexes,top1_count,top1_pct,top3_count,top3_pct,top5_count,top5_pct,top10_count,top10_pct,top40_count,top40_pct
autodock_gpu,AutoDock-GPU,Yan,rep1,72,71,12,16.66666667,20,27.77777778,26,36.11111111,31,43.05555556,36,50
autodock_gpu,AutoDock-GPU,Philips,rep1,39,34,4,10.25641026,5,12.82051282,7,17.94871795,8,20.51282051,11,28.20512821
autodock_gpu,AutoDock-GPU,Chen,rep1,52,51,11,21.15384615,13,25,16,30.76923077,20,38.46153846,22,42.30769231
autodock_gpu,AutoDock-GPU,Ruiz,rep1,52,51,4,7.692307692,6,11.53846154,9,17.30769231,11,21.15384615,13,25
autodock_gpu,AutoDock-GPU,All128,rep1,128,122,20,15.625,31,24.21875,41,32.03125,49,38.28125,57,44.53125
autodock_gpu,AutoDock-GPU,Yan,rep2,72,71,10,13.88888889,22,30.55555556,28,38.88888889,31,43.05555556,37,51.38888889
autodock_gpu,AutoDock-GPU,Philips,rep2,39,34,3,7.692307692,4,10.25641026,6,15.38461538,9,23.07692308,13,33.33333333
autodock_gpu,AutoDock-GPU,Chen,rep2,52,51,7,13.46153846,10,19.23076923,12,23.07692308,17,32.69230769,25,48.07692308
autodock_gpu,AutoDock-GPU,Ruiz,rep2,52,51,2,3.846153846,4,7.692307692,6,11.53846154,9,17.30769231,15,28.84615385
autodock_gpu,AutoDock-GPU,All128,rep2,128,122,13,10.15625,29,22.65625,37,28.90625,45,35.15625,59,46.09375
autodock_gpu,AutoDock-GPU,Yan,rep3,72,71,10,13.88888889,24,33.33333333,25,34.72222222,32,44.44444444,40,55.55555556
autodock_gpu,AutoDock-GPU,Philips,rep3,39,34,2,5.128205128,2,5.128205128,4,10.25641026,7,17.94871795,11,28.20512821
autodock_gpu,AutoDock-GPU,Chen,rep3,52,51,5,9.615384615,6,11.53846154,11,21.15384615,17,32.69230769,23,44.23076923
autodock_gpu,AutoDock-GPU,Ruiz,rep3,52,51,2,3.846153846,3,5.769230769,5,9.615384615,9,17.30769231,12,23.07692308
autodock_gpu,AutoDock-GPU,All128,rep3,128,122,11,8.59375,26,20.3125,32,25,43,33.59375,59,46.09375
ledock,LeDock,Yan,rep1,72,69,22,30.55555556,29,40.27777778,32,44.44444444,35,48.61111111,42,58.33333333
ledock,LeDock,Philips,rep1,39,39,6,15.38461538,11,28.20512821,12,30.76923077,14,35.8974359,20,51.28205128
ledock,LeDock,Chen,rep1,52,52,16,30.76923077,20,38.46153846,20,38.46153846,22,42.30769231,28,53.84615385
ledock,LeDock,Ruiz,rep1,52,52,7,13.46153846,12,23.07692308,12,23.07692308,16,30.76923077,22,42.30769231
ledock,LeDock,All128,rep1,128,125,37,28.90625,49,38.28125,53,41.40625,61,47.65625,73,57.03125
ledock,LeDock,Yan,rep2,72,69,25,34.72222222,28,38.88888889,30,41.66666667,36,50,46,63.88888889
ledock,LeDock,Philips,rep2,39,39,11,28.20512821,15,38.46153846,15,38.46153846,16,41.02564103,20,51.28205128
ledock,LeDock,Chen,rep2,52,52,18,34.61538462,22,42.30769231,23,44.23076923,24,46.15384615,29,55.76923077
ledock,LeDock,Ruiz,rep2,52,52,9,17.30769231,15,28.84615385,16,30.76923077,18,34.61538462,27,51.92307692
ledock,LeDock,All128,rep2,128,125,40,31.25,51,39.84375,55,42.96875,62,48.4375,79,61.71875
ledock,LeDock,Yan,rep3,72,69,23,31.94444444,32,44.44444444,35,48.61111111,38,52.77777778,44,61.11111111
ledock,LeDock,Philips,rep3,39,39,8,20.51282051,10,25.64102564,11,28.20512821,13,33.33333333,19,48.71794872
ledock,LeDock,Chen,rep3,52,52,11,21.15384615,16,30.76923077,18,34.61538462,19,36.53846154,27,51.92307692
ledock,LeDock,Ruiz,rep3,52,52,7,13.46153846,9,17.30769231,9,17.30769231,11,21.15384615,21,40.38461538
ledock,LeDock,All128,rep3,128,125,33,25.78125,47,36.71875,53,41.40625,57,44.53125,73,57.03125
rdock,rDock,Yan,rep1,72,71,23,31.94444444,28,38.88888889,30,41.66666667,31,43.05555556,37,51.38888889
rdock,rDock,Philips,rep1,39,39,5,12.82051282,6,15.38461538,8,20.51282051,10,25.64102564,13,33.33333333
rdock,rDock,Chen,rep1,52,52,16,30.76923077,17,32.69230769,20,38.46153846,21,40.38461538,24,46.15384615
rdock,rDock,Ruiz,rep1,52,52,8,15.38461538,9,17.30769231,12,23.07692308,14,26.92307692,15,28.84615385
rdock,rDock,All128,rep1,128,127,37,28.90625,43,33.59375,48,37.5,51,39.84375,60,46.875
rdock,rDock,Yan,rep2,72,71,27,37.5,32,44.44444444,32,44.44444444,34,47.22222222,38,52.77777778
rdock,rDock,Philips,rep2,39,39,6,15.38461538,6,15.38461538,8,20.51282051,9,23.07692308,10,25.64102564
rdock,rDock,Chen,rep2,52,52,14,26.92307692,15,28.84615385,17,32.69230769,19,36.53846154,22,42.30769231
rdock,rDock,Ruiz,rep2,52,52,10,19.23076923,11,21.15384615,12,23.07692308,13,25,15,28.84615385
rdock,rDock,All128,rep2,128,127,39,30.46875,45,35.15625,48,37.5,52,40.625,58,45.3125
rdock,rDock,Yan,rep3,72,71,26,36.11111111,28,38.88888889,29,40.27777778,31,43.05555556,38,52.77777778
rdock,rDock,Philips,rep3,39,39,6,15.38461538,8,20.51282051,8,20.51282051,10,25.64102564,11,28.20512821
rdock,rDock,Chen,rep3,52,52,14,26.92307692,15,28.84615385,15,28.84615385,16,30.76923077,19,36.53846154
rdock,rDock,Ruiz,rep3,52,52,6,11.53846154,7,13.46153846,7,13.46153846,9,17.30769231,10,19.23076923
rdock,rDock,All128,rep3,128,127,36,28.125,40,31.25,41,32.03125,46,35.9375,54,42.1875
vina,AutoDock Vina,Yan,rep1,72,63,21,29.16666667,24,33.33333333,26,36.11111111,31,43.05555556,34,47.22222222
vina,AutoDock Vina,Philips,rep1,39,29,4,10.25641026,5,12.82051282,5,12.82051282,6,15.38461538,9,23.07692308
vina,AutoDock Vina,Chen,rep1,52,43,10,19.23076923,13,25,16,30.76923077,18,34.61538462,20,38.46153846
vina,AutoDock Vina,Ruiz,rep1,52,36,6,11.53846154,8,15.38461538,8,15.38461538,8,15.38461538,9,17.30769231
vina,AutoDock Vina,All128,rep1,128,105,30,23.4375,36,28.125,39,30.46875,46,35.9375,52,40.625
vina,AutoDock Vina,Yan,rep2,72,62,20,27.77777778,23,31.94444444,27,37.5,30,41.66666667,38,52.77777778
vina,AutoDock Vina,Philips,rep2,39,29,7,17.94871795,7,17.94871795,9,23.07692308,9,23.07692308,12,30.76923077
vina,AutoDock Vina,Chen,rep2,52,43,10,19.23076923,13,25,18,34.61538462,18,34.61538462,22,42.30769231
vina,AutoDock Vina,Ruiz,rep2,52,37,6,11.53846154,6,11.53846154,8,15.38461538,9,17.30769231,12,23.07692308
vina,AutoDock Vina,All128,rep2,128,106,29,22.65625,35,27.34375,44,34.375,48,37.5,59,46.09375
vina,AutoDock Vina,Yan,rep3,72,63,22,30.55555556,25,34.72222222,28,38.88888889,31,43.05555556,38,52.77777778
vina,AutoDock Vina,Philips,rep3,39,30,6,15.38461538,7,17.94871795,8,20.51282051,11,28.20512821,13,33.33333333
vina,AutoDock Vina,Chen,rep3,52,44,8,15.38461538,12,23.07692308,15,28.84615385,20,38.46153846,23,44.23076923
vina,AutoDock Vina,Ruiz,rep3,52,38,5,9.615384615,7,13.46153846,8,15.38461538,10,19.23076923,11,21.15384615
vina,AutoDock Vina,All128,rep3,128,107,30,23.4375,38,29.6875,43,33.59375,50,39.0625,58,45.3125
plants,PLANTS,Yan,rep1,72,67,24,33.33333333,31,43.05555556,32,44.44444444,33,45.83333333,35,48.61111111
plants,PLANTS,Philips,rep1,39,33,6,15.38461538,8,20.51282051,9,23.07692308,9,23.07692308,10,25.64102564
plants,PLANTS,Chen,rep1,52,49,14,26.92307692,17,32.69230769,18,34.61538462,20,38.46153846,21,40.38461538
plants,PLANTS,Ruiz,rep1,52,50,6,11.53846154,9,17.30769231,10,19.23076923,10,19.23076923,12,23.07692308
plants,PLANTS,All128,rep1,128,115,34,26.5625,43,33.59375,45,35.15625,47,36.71875,51,39.84375
plants,PLANTS,Yan,rep2,72,67,25,34.72222222,31,43.05555556,33,45.83333333,34,47.22222222,37,51.38888889
plants,PLANTS,Philips,rep2,39,33,9,23.07692308,10,25.64102564,10,25.64102564,11,28.20512821,11,28.20512821
plants,PLANTS,Chen,rep2,52,49,18,34.61538462,19,36.53846154,21,40.38461538,22,42.30769231,22,42.30769231
plants,PLANTS,Ruiz,rep2,52,50,8,15.38461538,11,21.15384615,11,21.15384615,12,23.07692308,13,25
plants,PLANTS,All128,rep2,128,115,38,29.6875,47,36.71875,49,38.28125,51,39.84375,55,42.96875
plants,PLANTS,Yan,rep3,72,67,27,37.5,30,41.66666667,31,43.05555556,35,48.61111111,38,52.77777778
plants,PLANTS,Philips,rep3,39,33,8,20.51282051,9,23.07692308,10,25.64102564,10,25.64102564,11,28.20512821
plants,PLANTS,Chen,rep3,52,49,16,30.76923077,18,34.61538462,19,36.53846154,20,38.46153846,22,42.30769231
plants,PLANTS,Ruiz,rep3,52,50,7,13.46153846,10,19.23076923,11,21.15384615,11,21.15384615,12,23.07692308
plants,PLANTS,All128,rep3,128,115,38,29.6875,45,35.15625,47,36.71875,51,39.84375,55,42.96875
surfna,SurfNA,Yan,pool0,72,72,42,58.33333333,46,63.88888889,46,63.88888889,50,69.44444444,54,75
surfna,SurfNA,Philips,pool0,39,39,17,43.58974359,20,51.28205128,20,51.28205128,22,56.41025641,23,58.97435897
surfna,SurfNA,Chen,pool0,52,52,27,51.92307692,34,65.38461538,34,65.38461538,36,69.23076923,38,73.07692308
surfna,SurfNA,Ruiz,pool0,52,52,22,42.30769231,27,51.92307692,27,51.92307692,29,55.76923077,32,61.53846154
surfna,SurfNA,All128,pool0,128,128,67,52.34375,79,61.71875,79,61.71875,86,67.1875,92,71.875
surfna,SurfNA,Yan,pool1,72,72,39,54.16666667,43,59.72222222,46,63.88888889,49,68.05555556,52,72.22222222
surfna,SurfNA,Philips,pool1,39,39,18,46.15384615,21,53.84615385,25,64.1025641,28,71.79487179,29,74.35897436
surfna,SurfNA,Chen,pool1,52,52,25,48.07692308,34,65.38461538,37,71.15384615,38,73.07692308,40,76.92307692
surfna,SurfNA,Ruiz,pool1,52,52,22,42.30769231,26,50,30,57.69230769,34,65.38461538,35,67.30769231
surfna,SurfNA,All128,pool1,128,128,63,49.21875,76,59.375,84,65.625,89,69.53125,94,73.4375
surfna,SurfNA,Yan,pool2,72,72,35,48.61111111,43,59.72222222,46,63.88888889,47,65.27777778,51,70.83333333
surfna,SurfNA,Philips,pool2,39,39,18,46.15384615,21,53.84615385,23,58.97435897,24,61.53846154,28,71.79487179
surfna,SurfNA,Chen,pool2,52,52,26,50,33,63.46153846,35,67.30769231,38,73.07692308,41,78.84615385
surfna,SurfNA,Ruiz,pool2,52,52,24,46.15384615,31,59.61538462,33,63.46153846,33,63.46153846,36,69.23076923
surfna,SurfNA,All128,pool2,128,128,59,46.09375,78,60.9375,82,64.0625,86,67.1875,95,74.21875
