benchmark_set	population	method	n_complexes	poses_per_complex	n_pose_slots	top1_success_count	top1_success_pct	top1_ci95_low_pct	top1_ci95_high_pct	top3_success_count	top3_success_pct	top3_ci95_low_pct	top3_ci95_high_pct	top5_success_count	top5_success_pct	top5_ci95_low_pct	top5_ci95_high_pct	mrr	mrr_ci95_low	mrr_ci95_high	mrr_n_contributing	ndcg_at_10	ndcg_at_10_ci95_low	ndcg_at_10_ci95_high	ndcg_at_10_n_contributing	mean_regret_A_scored	mean_regret_A_scored_ci95_low	mean_regret_A_scored_ci95_high	mean_regret_A_scored_n_contributing	complex_failure_count	complex_failure_pct	complex_failure_ci95_low_pct	complex_failure_ci95_high_pct	pose_score_failure_count	pose_score_valid_count	pose_score_failure_pct	pose_score_failure_ci95_low_pct	pose_score_failure_ci95_high_pct	ci_method
All128	full	SurfNA-scorer0	128	40	5120	67	52.34375	43.75	60.9375	79	61.71875	53.125	70.3125	79	61.71875	53.125	70.3125	0.5759394938105875	0.4953607384369104	0.6560155733300265	128	0.7445321782418289	0.700683996891076	0.7848626732804957	128	1.1493592584037746	0.8498232327841272	1.4775867166889298	128	0	0.0	0.0	0.0	0	5120	0.0	0.0	0.0	accepted_shared_complex_bootstrap_percentile_10000
All128	full	AutoDock-Vina-1.2.7	128	40	5120	48	37.5	29.6875	46.09375	68	53.125	44.53125	61.71875	74	57.8125	49.21875	66.40625	0.470166817200365	0.3950777138506919	0.5467762374599462	128	0.643319031104685	0.5963903787831298	0.6895152900616799	128	2.0206665357290006	1.5806860192120897	2.52130322451469	126	2	1.5625	0.0	3.90625	115	5005	2.24609375	0.48828125000000017	4.687988281249994	accepted_shared_complex_bootstrap_percentile_10000
All128	full	rDock-26.05-alpha	128	40	5120	51	39.84375	32.03125	48.4375	68	53.125	44.53125	61.71875	74	57.8125	49.21875	66.40625	0.48648765795520715	0.4122812442447299	0.5644450611505805	128	0.6475183111914052	0.5950769849847779	0.699178970741464	128	1.9797638151103496	1.509992317354726	2.494098662299118	124	4	3.125	0.78125	6.25	160	4960	3.125	0.78125	6.25	accepted_shared_complex_bootstrap_percentile_10000
All128	full	PLANTS-CHEMPLP-1.2	128	40	5120	53	41.40625	32.8125	50.0	67	52.34375	43.75	60.9375	73	57.03125	48.4375	65.625	0.47914521778262587	0.4005764706724037	0.5586431879943484	128	0.6088665038542623	0.5534956860356326	0.6652715267043254	128	1.4566923232902218	1.072401622221354	1.872102184901389	115	13	10.15625	5.46875	15.625	520	4600	10.15625	5.46875	15.625	accepted_shared_complex_bootstrap_percentile_10000
All128	rankable_lt2	SurfNA-scorer0	92	40	3680	67	72.82608695652173	63.04347826086957	81.52173913043478	79	85.86956521739131	78.26086956521739	92.3913043478261	79	85.86956521739131	78.26086956521739	92.3913043478261	0.8013071218234261	0.729517878709455	0.8685317672715771	92	0.7906073608632901	0.7500117254451849	0.8297487035965049	92	0.6868532451016819	0.4560280247880096	0.9484219557975185	92	0	0.0	0.0	0.0	0	3680	0.0	0.0	0.0	accepted_shared_complex_bootstrap_percentile_10000
All128	rankable_lt2	AutoDock-Vina-1.2.7	92	40	3680	48	52.17391304347826	41.30434782608695	61.95652173913043	68	73.91304347826086	64.13043478260869	82.6086956521739	74	80.43478260869566	71.73913043478261	88.04347826086956	0.6541451369744209	0.5745713968558439	0.7304724510357505	92	0.6607654168091818	0.6107340804538978	0.7105150826940665	92	1.8600182054002816	1.3158356193529661	2.466369842978225	90	2	2.1739130434782608	0.0	5.434782608695652	96	3584	2.608695652173913	0.3260869565217391	5.951086956521738	accepted_shared_complex_bootstrap_percentile_10000
All128	rankable_lt2	rDock-26.05-alpha	92	40	3680	51	55.434782608695656	45.65217391304348	65.21739130434783	68	73.91304347826086	65.21739130434783	82.6086956521739	74	80.43478260869566	71.73913043478261	88.04347826086956	0.6768523936768099	0.5977376041035084	0.7531931631757425	92	0.6914985516554009	0.63753753394574	0.7428571332331897	92	1.9609156684462188	1.3816686171547399	2.6116292786625945	91	1	1.0869565217391304	0.0	3.260869565217391	40	3640	1.0869565217391304	0.0	3.260869565217391	accepted_shared_complex_bootstrap_percentile_10000
All128	rankable_lt2	PLANTS-CHEMPLP-1.2	92	40	3680	53	57.608695652173914	47.82608695652174	67.3913043478261	67	72.82608695652173	64.13043478260869	81.52173913043478	73	79.34782608695652	70.65217391304348	86.95652173913044	0.6666368247410447	0.5836686114663258	0.7484512479741061	92	0.649803668818782	0.5872248082545781	0.7108966654291504	92	1.2231749214607386	0.7933014483061424	1.688156221857828	84	8	8.695652173913043	3.260869565217391	15.217391304347828	320	3360	8.695652173913043	3.260869565217391	15.217391304347828	accepted_shared_complex_bootstrap_percentile_10000
Yan72	full	SurfNA-scorer0	72	40	2880	42	58.333333333333336	47.22222222222222	69.44444444444444	46	63.888888888888886	52.77777777777778	75.0	46	63.888888888888886	52.77777777777778	75.0	0.6185672031158141	0.5104333618092298	0.7227643435846561	72	0.7683992086529963	0.7119459466663789	0.8193750238642613	72	1.0795361031054438	0.6896091493752529	1.5266538653351454	72	0	0.0	0.0	0.0	0	2880	0.0	0.0	0.0	accepted_shared_complex_bootstrap_percentile_10000
Yan72	full	AutoDock-Vina-1.2.7	72	40	2880	29	40.27777777777778	29.166666666666668	51.388888888888886	41	56.94444444444444	45.83333333333333	68.05555555555556	45	62.5	51.388888888888886	73.61111111111111	0.499189360929557	0.3995972903050109	0.5979513888888888	72	0.6754306599924235	0.6118037527272108	0.7359901401827886	72	2.111291868286688	1.4470308243822887	2.871923386377989	71	1	1.3888888888888888	0.0	4.166666666666666	72	2808	2.5	0.625	5.729166666666666	accepted_shared_complex_bootstrap_percentile_10000
Yan72	full	rDock-26.05-alpha	72	40	2880	34	47.22222222222222	36.11111111111111	58.333333333333336	43	59.72222222222222	48.61111111111111	70.83333333333334	45	62.5	51.388888888888886	73.61111111111111	0.5529632878639309	0.44975516446124447	0.6551624169132011	72	0.7051535262545454	0.6390038145288853	0.7689813830455603	72	2.0123737706411053	1.3175686664268815	2.781340375063056	72	0	0.0	0.0	0.0	0	2880	0.0	0.0	0.0	accepted_shared_complex_bootstrap_percentile_10000
Yan72	full	PLANTS-CHEMPLP-1.2	72	40	2880	34	47.22222222222222	36.11111111111111	58.333333333333336	39	54.166666666666664	43.05555555555556	65.27777777777779	43	59.72222222222222	48.61111111111111	70.83333333333334	0.5206519039239628	0.4130680455052391	0.6280533509700177	72	0.6685096999769127	0.5939027020485462	0.7395371711209752	72	1.37237272487105	0.861668780092371	1.9478129400607695	67	5	6.944444444444445	1.3888888888888888	13.88888888888889	200	2680	6.944444444444445	1.3888888888888888	13.88888888888889	accepted_shared_complex_bootstrap_percentile_10000
Yan72	rankable_lt2	SurfNA-scorer0	54	40	2160	42	77.77777777777779	66.66666666666666	88.88888888888889	46	85.18518518518519	75.92592592592592	94.44444444444444	46	85.18518518518519	75.92592592592592	94.44444444444444	0.8247562708210856	0.7297410530570253	0.9113162294238683	54	0.8164018471036941	0.7641678065867046	0.865182084072647	54	0.6033951404429133	0.3254485691264663	0.9350989536241613	54	0	0.0	0.0	0.0	0	2160	0.0	0.0	0.0	accepted_shared_complex_bootstrap_percentile_10000
Yan72	rankable_lt2	AutoDock-Vina-1.2.7	54	40	2160	29	53.70370370370371	40.74074074074074	66.66666666666666	41	75.92592592592592	64.81481481481481	87.03703703703704	45	83.33333333333334	72.22222222222221	92.5925925925926	0.6655858145727427	0.5639482873396271	0.7651239711934156	54	0.6948485198516631	0.6257949349325276	0.7605647931832182	54	1.9564903041541386	1.1590891723358134	2.8708527450710943	53	1	1.8518518518518516	0.0	5.555555555555555	53	2107	2.4537037037037037	0.32407407407407407	6.342592592592593	accepted_shared_complex_bootstrap_percentile_10000
Yan72	rankable_lt2	rDock-26.05-alpha	54	40	2160	34	62.96296296296296	50.0	75.92592592592592	43	79.62962962962963	68.51851851851852	90.74074074074075	45	83.33333333333334	72.22222222222221	92.5925925925926	0.7372843838185745	0.63875602265996	0.8325138110799875	54	0.7394910963267074	0.6699869036221071	0.8055830562109398	54	1.9702769226031949	1.1214958792162864	2.926318025074031	54	0	0.0	0.0	0.0	0	2160	0.0	0.0	0.0	accepted_shared_complex_bootstrap_percentile_10000
Yan72	rankable_lt2	PLANTS-CHEMPLP-1.2	54	40	2160	34	62.96296296296296	50.0	75.92592592592592	39	72.22222222222221	59.25925925925925	83.33333333333334	43	79.62962962962963	68.51851851851852	88.88888888888889	0.6942025385652836	0.5841192738966431	0.8003692680776016	54	0.6923616369527207	0.6063944199677613	0.7725502514828446	54	1.2738025420977637	0.6605664382267236	1.9693979120836018	50	4	7.4074074074074066	1.8518518518518516	14.814814814814813	160	2000	7.4074074074074066	1.8518518518518516	14.814814814814813	accepted_shared_complex_bootstrap_percentile_10000
Ruiz52	full	SurfNA-scorer0	52	40	2080	22	42.30769230769231	28.846153846153843	55.769230769230774	27	51.92307692307693	38.46153846153847	65.38461538461539	27	51.92307692307693	38.46153846153847	65.38461538461539	0.4745691630307015	0.34831090739744586	0.607065688940689	52	0.6919770656612271	0.6230624603135168	0.7550801825373032	52	1.3693470555555598	0.8631483358317092	1.955877922916741	52	0	0.0	0.0	0.0	0	2080	0.0	0.0	0.0	accepted_shared_complex_bootstrap_percentile_10000
Ruiz52	full	AutoDock-Vina-1.2.7	52	40	2080	14	26.923076923076923	15.384615384615385	40.38461538461539	21	40.38461538461539	26.923076923076923	53.84615384615385	24	46.15384615384615	32.69230769230769	59.61538461538461	0.35528762903762906	0.2473564352314352	0.47192683358308357	52	0.561401304020518	0.48163290164780614	0.6409071306456983	52	2.1489027128113887	1.5255867170461777	2.8007335443659045	51	1	1.9230769230769231	0.0	5.769230769230769	44	2036	2.1153846153846154	0.0	6.105769230769232	accepted_shared_complex_bootstrap_percentile_10000
Ruiz52	full	rDock-26.05-alpha	52	40	2080	12	23.076923076923077	11.538461538461538	34.61538461538461	18	34.61538461538461	21.153846153846153	48.07692307692308	23	44.230769230769226	30.76923076923077	57.692307692307686	0.3255275742775743	0.22085533679283678	0.43791573819698826	52	0.557089711659202	0.4754278899615945	0.6382269556259553	52	2.5530188070158037	1.8359869100631345	3.2988032134330285	52	0	0.0	0.0	0.0	0	2080	0.0	0.0	0.0	accepted_shared_complex_bootstrap_percentile_10000
Ruiz52	full	PLANTS-CHEMPLP-1.2	52	40	2080	17	32.69230769230769	21.153846153846153	46.15384615384615	25	48.07692307692308	34.61538461538461	61.53846153846154	27	51.92307692307693	38.46153846153847	65.38461538461539	0.41374389499389497	0.2988782051282052	0.5352571733821735	52	0.5808749548619572	0.5033520799513637	0.6533225378542732	52	1.9605219125074889	1.3329303871929015	2.6606989542580504	50	2	3.8461538461538463	0.0	9.615384615384617	80	2000	3.8461538461538463	0.0	9.615384615384617	accepted_shared_complex_bootstrap_percentile_10000
Ruiz52	rankable_lt2	SurfNA-scorer0	32	40	1280	22	68.75	53.125	84.375	27	84.375	71.875	96.875	27	84.375	71.875	96.875	0.7711748899248899	0.6423268745143744	0.8902296401515151	32	0.7690327160830858	0.705252702269534	0.8282424023051516	32	0.7243411604070722	0.3130177469678236	1.261719708371232	32	0	0.0	0.0	0.0	0	1280	0.0	0.0	0.0	accepted_shared_complex_bootstrap_percentile_10000
Ruiz52	rankable_lt2	AutoDock-Vina-1.2.7	32	40	1280	14	43.75	28.125	59.45312499999886	21	65.625	50.0	81.25	24	75.0	59.375	87.5	0.5773423971861472	0.44093504802489186	0.712451552353896	32	0.6045859402513073	0.51173771496534	0.6927070338480369	32	1.8263700331090553	1.103251855027705	2.656183579655988	31	1	3.125	0.0	9.375	41	1239	3.2031249999999996	0.0	9.53125	accepted_shared_complex_bootstrap_percentile_10000
Ruiz52	rankable_lt2	rDock-26.05-alpha	32	40	1280	12	37.5	21.875	53.125	18	56.25	40.625	71.875	23	71.875	56.25	87.5	0.5289823082010582	0.3971084242724867	0.663034164186508	32	0.6080929583840838	0.5156824710017134	0.6956037988049564	32	2.5336591816300733	1.6309333065672926	3.505135052433632	32	0	0.0	0.0	0.0	0	1280	0.0	0.0	0.0	accepted_shared_complex_bootstrap_percentile_10000
Ruiz52	rankable_lt2	PLANTS-CHEMPLP-1.2	32	40	1280	17	53.125	34.375	68.75	25	78.125	62.5	90.625	27	84.375	71.875	96.875	0.6723338293650793	0.5412465897817461	0.8003720238095238	32	0.6369618621569137	0.5489982357768621	0.7216412071226981	32	1.6816895717561986	0.941226179620279	2.531586567981562	31	1	3.125	0.0	9.375	40	1240	3.125	0.0	9.375	accepted_shared_complex_bootstrap_percentile_10000
Chen52	full	SurfNA-scorer0	52	40	2080	27	51.92307692307693	38.46153846153847	65.38461538461539	34	65.38461538461539	51.92307692307693	78.84615384615384	34	65.38461538461539	51.92307692307693	78.84615384615384	0.5842428227043611	0.45982864891518743	0.7055404887135656	52	0.7111714294283321	0.6398252555242767	0.7798304715173889	52	1.1183759666767499	0.6556909970344116	1.6379920719596843	52	0	0.0	0.0	0.0	0	2080	0.0	0.0	0.0	accepted_shared_complex_bootstrap_percentile_10000
Chen52	full	AutoDock-Vina-1.2.7	52	40	2080	19	36.53846153846153	23.076923076923077	50.0	26	50.0	36.53846153846153	63.46153846153846	28	53.84615384615385	40.38461538461539	67.3076923076923	0.4534172771672772	0.33526079822954813	0.5725671169108668	52	0.6054185527943299	0.5287067096506125	0.680167638163524	52	1.78966200859767	1.2285791943880464	2.4017215445816924	51	1	1.9230769230769231	0.0	5.769230769230769	49	2031	2.3557692307692313	0.14423076923076927	6.346153846153848	accepted_shared_complex_bootstrap_percentile_10000
Chen52	full	rDock-26.05-alpha	52	40	2080	16	30.76923076923077	19.230769230769234	44.230769230769226	23	44.230769230769226	30.76923076923077	57.692307692307686	27	51.92307692307693	38.46153846153847	65.38461538461539	0.411365755703991	0.2975172847985348	0.5266851507697095	52	0.6208211110598802	0.5386903244313974	0.7008168276266827	52	2.080415523097614	1.4409509673255556	2.750323898358775	52	0	0.0	0.0	0.0	0	2080	0.0	0.0	0.0	accepted_shared_complex_bootstrap_percentile_10000
Chen52	full	PLANTS-CHEMPLP-1.2	52	40	2080	18	34.61538461538461	21.153846153846153	48.07692307692308	25	48.07692307692308	34.61538461538461	61.53846153846154	29	55.769230769230774	42.30769230769231	69.23076923076923	0.4331425518925519	0.31628930097680097	0.5541678113553113	52	0.5959254113040399	0.5124095853387769	0.6741606480557946	52	1.7943398315406036	1.170336314468589	2.4719552139688115	49	3	5.769230769230769	0.0	13.461538461538462	120	1960	5.769230769230769	0.0	13.461538461538462	accepted_shared_complex_bootstrap_percentile_10000
Chen52	rankable_lt2	SurfNA-scorer0	38	40	1520	27	71.05263157894737	55.26315789473685	84.21052631578947	34	89.47368421052632	78.94736842105263	97.36842105263158	34	89.47368421052632	78.94736842105263	97.36842105263158	0.7994901784375469	0.6924707602339181	0.896761133603239	38	0.7658734595216711	0.7045015645689581	0.8217041641970578	38	0.7378265877849832	0.3355254358794587	1.2330580363122838	38	0	0.0	0.0	0.0	0	1520	0.0	0.0	0.0	accepted_shared_complex_bootstrap_percentile_10000
Chen52	rankable_lt2	AutoDock-Vina-1.2.7	38	40	1520	19	50.0	34.21052631578947	65.78947368421053	26	68.42105263157895	52.63157894736842	81.57894736842105	28	73.68421052631578	57.89473684210527	86.8421052631579	0.6204657477025899	0.4934261695906432	0.7472022765246449	38	0.6024821815926894	0.5191836485318461	0.6823505043677911	38	1.735089235451041	1.082239598270293	2.428229452534281	37	1	2.631578947368421	0.0	7.894736842105263	46	1474	3.026315789473684	0.13157894736842105	8.486842105263156	accepted_shared_complex_bootstrap_percentile_10000
Chen52	rankable_lt2	rDock-26.05-alpha	38	40	1520	16	42.10526315789473	26.31578947368421	57.89473684210527	23	60.526315789473685	44.73684210526316	76.31578947368422	27	71.05263157894737	55.26315789473685	84.21052631578947	0.5629215604370403	0.43917138229560826	0.6873189448293937	38	0.62515365785785	0.5366706145921104	0.7102852847244628	38	2.25131053092162	1.4844547285232699	3.0596505128646796	38	0	0.0	0.0	0.0	0	1520	0.0	0.0	0.0	accepted_shared_complex_bootstrap_percentile_10000
Chen52	rankable_lt2	PLANTS-CHEMPLP-1.2	38	40	1520	18	47.368421052631575	31.57894736842105	63.1578947368421	25	65.78947368421053	50.0	81.57894736842105	29	76.31578947368422	63.1578947368421	89.47368421052632	0.5927213868003341	0.4621305868838764	0.7197746971595654	38	0.5983091538350216	0.5060087798080815	0.687173600936738	38	1.5346683454031782	0.9090469371812726	2.256301984808124	35	3	7.894736842105263	0.0	15.789473684210526	120	1400	7.894736842105263	0.0	15.789473684210526	accepted_shared_complex_bootstrap_percentile_10000
Philips39	full	SurfNA-scorer0	39	40	1560	17	43.58974358974359	28.205128205128204	58.97435897435898	20	51.28205128205128	35.8974358974359	66.66666666666666	20	51.28205128205128	35.8974358974359	66.66666666666666	0.4825584671738518	0.33383136094674554	0.6338405184559031	39	0.6932714402167203	0.606093832144931	0.7741623249516554	39	1.218085447707154	0.7131095866896745	1.784341601838824	39	0	0.0	0.0	0.0	0	1560	0.0	0.0	0.0	accepted_shared_complex_bootstrap_percentile_10000
Philips39	full	AutoDock-Vina-1.2.7	39	40	1560	12	30.76923076923077	17.94871794871795	46.15384615384615	18	46.15384615384615	30.76923076923077	61.53846153846154	19	48.717948717948715	33.33333333333333	64.1025641025641	0.3880647130647131	0.2553365384615385	0.5264957264957264	39	0.5980933982248031	0.5028156963735881	0.6877612533804363	39	2.306506001313445	1.55442857454133	3.107414807367751	38	1	2.564102564102564	0.0	7.6923076923076925	40	1520	2.564102564102564	0.0	7.6923076923076925	accepted_shared_complex_bootstrap_percentile_10000
Philips39	full	rDock-26.05-alpha	39	40	1560	9	23.076923076923077	10.256410256410255	35.8974358974359	15	38.46153846153847	23.076923076923077	53.84615384615385	17	43.58974358974359	28.205128205128204	58.97435897435898	0.33015669515669516	0.20627777777777773	0.4593180199430199	39	0.5435362903711394	0.4348663552063899	0.6485329530208568	39	1.8844452985163578	1.2638129613494322	2.5812445283008523	35	4	10.256410256410255	2.564102564102564	20.51282051282051	160	1400	10.256410256410255	2.564102564102564	20.51282051282051	accepted_shared_complex_bootstrap_percentile_10000
Philips39	full	PLANTS-CHEMPLP-1.2	39	40	1560	12	30.76923076923077	15.384615384615385	46.15384615384615	20	51.28205128205128	35.8974358974359	66.66666666666666	21	53.84615384615385	38.46153846153847	69.23076923076923	0.4081196581196581	0.27350427350427353	0.5448717948717948	39	0.5331741686179555	0.4263321604631831	0.6360258896502131	39	2.22427988984255	1.3864822145811004	3.1433857554282527	33	6	15.384615384615385	5.128205128205128	28.205128205128204	240	1320	15.384615384615385	5.128205128205128	28.205128205128204	accepted_shared_complex_bootstrap_percentile_10000
Philips39	rankable_lt2	SurfNA-scorer0	23	40	920	17	73.91304347826086	56.52173913043478	91.30434782608695	20	86.95652173913044	73.91304347826086	100.0	20	86.95652173913044	73.91304347826086	100.0	0.8182513139034878	0.6781175346392737	0.9391304347826087	23	0.7915374897409336	0.7160821781453276	0.8592744897694596	23	0.6099725725101838	0.24511976208304082	1.1052363471198468	23	0	0.0	0.0	0.0	0	920	0.0	0.0	0.0	accepted_shared_complex_bootstrap_percentile_10000
Philips39	rankable_lt2	AutoDock-Vina-1.2.7	23	40	920	12	52.17391304347826	30.434782608695656	73.91304347826086	18	78.26086956521739	60.86956521739131	91.30434782608695	19	82.6086956521739	65.21739130434783	95.65217391304348	0.6580227743271222	0.5018633540372671	0.8072463768115942	23	0.6267087101498531	0.5121013654056781	0.731365479029894	23	1.8319070533813155	0.9744793084482062	2.809938193310944	22	1	4.3478260869565215	0.0	13.043478260869565	40	880	4.3478260869565215	0.0	13.043478260869565	accepted_shared_complex_bootstrap_percentile_10000
Philips39	rankable_lt2	rDock-26.05-alpha	23	40	920	9	39.130434782608695	21.73913043478261	60.86956521739131	15	65.21739130434783	43.47826086956522	82.6086956521739	17	73.91304347826086	56.52173913043478	91.30434782608695	0.5598309178743961	0.4064728260869564	0.7149788647342994	23	0.6289914704358048	0.5067022910210104	0.7400465428144541	23	1.4630962937041638	0.878389437274229	2.1147640647689716	22	1	4.3478260869565215	0.0	13.043478260869565	40	880	4.3478260869565215	0.0	13.043478260869565	accepted_shared_complex_bootstrap_percentile_10000
Philips39	rankable_lt2	PLANTS-CHEMPLP-1.2	23	40	920	12	52.17391304347826	30.434782608695656	73.91304347826086	20	86.95652173913044	73.91304347826086	100.0	21	91.30434782608695	78.26086956521739	100.0	0.6920289855072463	0.5471014492753623	0.8260869565217391	23	0.6729804560917859	0.5645368523227269	0.7725447416988966	23	1.8364413102134682	0.9208339410304407	2.893778188080493	22	1	4.3478260869565215	0.0	13.043478260869565	40	880	4.3478260869565215	0.0	13.043478260869565	accepted_shared_complex_bootstrap_percentile_10000
