benchmark_set	population	method	top_n	n_complexes	success_count	success_rate	success_pct	complex_failure_count	invalid_pose_count	ranking_policy
All128	full	SurfNA-scorer0	1	128	67	0.5234375	52.34375	0	0	valid_score_ascending_then_invalid_then_pose_ordinal_ascending;whole_failure_zero
All128	full	SurfNA-scorer0	2	128	76	0.59375	59.375	0	0	valid_score_ascending_then_invalid_then_pose_ordinal_ascending;whole_failure_zero
All128	full	SurfNA-scorer0	3	128	79	0.6171875	61.71875	0	0	valid_score_ascending_then_invalid_then_pose_ordinal_ascending;whole_failure_zero
All128	full	SurfNA-scorer0	4	128	79	0.6171875	61.71875	0	0	valid_score_ascending_then_invalid_then_pose_ordinal_ascending;whole_failure_zero
All128	full	SurfNA-scorer0	5	128	79	0.6171875	61.71875	0	0	valid_score_ascending_then_invalid_then_pose_ordinal_ascending;whole_failure_zero
All128	full	SurfNA-scorer0	6	128	80	0.625	62.5	0	0	valid_score_ascending_then_invalid_then_pose_ordinal_ascending;whole_failure_zero
All128	full	SurfNA-scorer0	7	128	82	0.640625	64.0625	0	0	valid_score_ascending_then_invalid_then_pose_ordinal_ascending;whole_failure_zero
All128	full	SurfNA-scorer0	8	128	82	0.640625	64.0625	0	0	valid_score_ascending_then_invalid_then_pose_ordinal_ascending;whole_failure_zero
All128	full	SurfNA-scorer0	9	128	83	0.6484375	64.84375	0	0	valid_score_ascending_then_invalid_then_pose_ordinal_ascending;whole_failure_zero
All128	full	SurfNA-scorer0	10	128	86	0.671875	67.1875	0	0	valid_score_ascending_then_invalid_then_pose_ordinal_ascending;whole_failure_zero
All128	full	AutoDock-Vina-1.2.7	1	128	48	0.375	37.5	2	115	valid_score_ascending_then_invalid_then_pose_ordinal_ascending;whole_failure_zero
All128	full	AutoDock-Vina-1.2.7	2	128	63	0.4921875	49.21875	2	115	valid_score_ascending_then_invalid_then_pose_ordinal_ascending;whole_failure_zero
All128	full	AutoDock-Vina-1.2.7	3	128	68	0.53125	53.125	2	115	valid_score_ascending_then_invalid_then_pose_ordinal_ascending;whole_failure_zero
All128	full	AutoDock-Vina-1.2.7	4	128	70	0.546875	54.6875	2	115	valid_score_ascending_then_invalid_then_pose_ordinal_ascending;whole_failure_zero
All128	full	AutoDock-Vina-1.2.7	5	128	74	0.578125	57.8125	2	115	valid_score_ascending_then_invalid_then_pose_ordinal_ascending;whole_failure_zero
All128	full	AutoDock-Vina-1.2.7	6	128	78	0.609375	60.9375	2	115	valid_score_ascending_then_invalid_then_pose_ordinal_ascending;whole_failure_zero
All128	full	AutoDock-Vina-1.2.7	7	128	80	0.625	62.5	2	115	valid_score_ascending_then_invalid_then_pose_ordinal_ascending;whole_failure_zero
All128	full	AutoDock-Vina-1.2.7	8	128	81	0.6328125	63.28125	2	115	valid_score_ascending_then_invalid_then_pose_ordinal_ascending;whole_failure_zero
All128	full	AutoDock-Vina-1.2.7	9	128	82	0.640625	64.0625	2	115	valid_score_ascending_then_invalid_then_pose_ordinal_ascending;whole_failure_zero
All128	full	AutoDock-Vina-1.2.7	10	128	83	0.6484375	64.84375	2	115	valid_score_ascending_then_invalid_then_pose_ordinal_ascending;whole_failure_zero
All128	full	rDock-26.05-alpha	1	128	51	0.3984375	39.84375	4	160	valid_score_ascending_then_invalid_then_pose_ordinal_ascending;whole_failure_zero
All128	full	rDock-26.05-alpha	2	128	66	0.515625	51.5625	4	160	valid_score_ascending_then_invalid_then_pose_ordinal_ascending;whole_failure_zero
All128	full	rDock-26.05-alpha	3	128	68	0.53125	53.125	4	160	valid_score_ascending_then_invalid_then_pose_ordinal_ascending;whole_failure_zero
All128	full	rDock-26.05-alpha	4	128	72	0.5625	56.25	4	160	valid_score_ascending_then_invalid_then_pose_ordinal_ascending;whole_failure_zero
All128	full	rDock-26.05-alpha	5	128	74	0.578125	57.8125	4	160	valid_score_ascending_then_invalid_then_pose_ordinal_ascending;whole_failure_zero
All128	full	rDock-26.05-alpha	6	128	76	0.59375	59.375	4	160	valid_score_ascending_then_invalid_then_pose_ordinal_ascending;whole_failure_zero
All128	full	rDock-26.05-alpha	7	128	80	0.625	62.5	4	160	valid_score_ascending_then_invalid_then_pose_ordinal_ascending;whole_failure_zero
All128	full	rDock-26.05-alpha	8	128	81	0.6328125	63.28125	4	160	valid_score_ascending_then_invalid_then_pose_ordinal_ascending;whole_failure_zero
All128	full	rDock-26.05-alpha	9	128	82	0.640625	64.0625	4	160	valid_score_ascending_then_invalid_then_pose_ordinal_ascending;whole_failure_zero
All128	full	rDock-26.05-alpha	10	128	84	0.65625	65.625	4	160	valid_score_ascending_then_invalid_then_pose_ordinal_ascending;whole_failure_zero
All128	full	PLANTS-CHEMPLP-1.2	1	128	53	0.4140625	41.40625	13	520	valid_score_ascending_then_invalid_then_pose_ordinal_ascending;whole_failure_zero
All128	full	PLANTS-CHEMPLP-1.2	2	128	60	0.46875	46.875	13	520	valid_score_ascending_then_invalid_then_pose_ordinal_ascending;whole_failure_zero
All128	full	PLANTS-CHEMPLP-1.2	3	128	67	0.5234375	52.34375	13	520	valid_score_ascending_then_invalid_then_pose_ordinal_ascending;whole_failure_zero
All128	full	PLANTS-CHEMPLP-1.2	4	128	72	0.5625	56.25	13	520	valid_score_ascending_then_invalid_then_pose_ordinal_ascending;whole_failure_zero
All128	full	PLANTS-CHEMPLP-1.2	5	128	73	0.5703125	57.03125	13	520	valid_score_ascending_then_invalid_then_pose_ordinal_ascending;whole_failure_zero
All128	full	PLANTS-CHEMPLP-1.2	6	128	75	0.5859375	58.59375	13	520	valid_score_ascending_then_invalid_then_pose_ordinal_ascending;whole_failure_zero
All128	full	PLANTS-CHEMPLP-1.2	7	128	77	0.6015625	60.15625	13	520	valid_score_ascending_then_invalid_then_pose_ordinal_ascending;whole_failure_zero
All128	full	PLANTS-CHEMPLP-1.2	8	128	77	0.6015625	60.15625	13	520	valid_score_ascending_then_invalid_then_pose_ordinal_ascending;whole_failure_zero
All128	full	PLANTS-CHEMPLP-1.2	9	128	78	0.609375	60.9375	13	520	valid_score_ascending_then_invalid_then_pose_ordinal_ascending;whole_failure_zero
All128	full	PLANTS-CHEMPLP-1.2	10	128	78	0.609375	60.9375	13	520	valid_score_ascending_then_invalid_then_pose_ordinal_ascending;whole_failure_zero
All128	rankable_lt2	SurfNA-scorer0	1	92	67	0.7282608695652174	72.82608695652173	0	0	valid_score_ascending_then_invalid_then_pose_ordinal_ascending;whole_failure_zero
All128	rankable_lt2	SurfNA-scorer0	2	92	76	0.8260869565217391	82.6086956521739	0	0	valid_score_ascending_then_invalid_then_pose_ordinal_ascending;whole_failure_zero
All128	rankable_lt2	SurfNA-scorer0	3	92	79	0.8586956521739131	85.8695652173913	0	0	valid_score_ascending_then_invalid_then_pose_ordinal_ascending;whole_failure_zero
All128	rankable_lt2	SurfNA-scorer0	4	92	79	0.8586956521739131	85.8695652173913	0	0	valid_score_ascending_then_invalid_then_pose_ordinal_ascending;whole_failure_zero
All128	rankable_lt2	SurfNA-scorer0	5	92	79	0.8586956521739131	85.8695652173913	0	0	valid_score_ascending_then_invalid_then_pose_ordinal_ascending;whole_failure_zero
All128	rankable_lt2	SurfNA-scorer0	6	92	80	0.8695652173913043	86.95652173913044	0	0	valid_score_ascending_then_invalid_then_pose_ordinal_ascending;whole_failure_zero
All128	rankable_lt2	SurfNA-scorer0	7	92	82	0.8913043478260869	89.1304347826087	0	0	valid_score_ascending_then_invalid_then_pose_ordinal_ascending;whole_failure_zero
All128	rankable_lt2	SurfNA-scorer0	8	92	82	0.8913043478260869	89.1304347826087	0	0	valid_score_ascending_then_invalid_then_pose_ordinal_ascending;whole_failure_zero
All128	rankable_lt2	SurfNA-scorer0	9	92	83	0.9021739130434783	90.21739130434783	0	0	valid_score_ascending_then_invalid_then_pose_ordinal_ascending;whole_failure_zero
All128	rankable_lt2	SurfNA-scorer0	10	92	86	0.9347826086956522	93.47826086956522	0	0	valid_score_ascending_then_invalid_then_pose_ordinal_ascending;whole_failure_zero
All128	rankable_lt2	AutoDock-Vina-1.2.7	1	92	48	0.5217391304347826	52.17391304347826	2	96	valid_score_ascending_then_invalid_then_pose_ordinal_ascending;whole_failure_zero
All128	rankable_lt2	AutoDock-Vina-1.2.7	2	92	63	0.6847826086956522	68.47826086956522	2	96	valid_score_ascending_then_invalid_then_pose_ordinal_ascending;whole_failure_zero
All128	rankable_lt2	AutoDock-Vina-1.2.7	3	92	68	0.7391304347826086	73.91304347826087	2	96	valid_score_ascending_then_invalid_then_pose_ordinal_ascending;whole_failure_zero
All128	rankable_lt2	AutoDock-Vina-1.2.7	4	92	70	0.7608695652173914	76.08695652173913	2	96	valid_score_ascending_then_invalid_then_pose_ordinal_ascending;whole_failure_zero
All128	rankable_lt2	AutoDock-Vina-1.2.7	5	92	74	0.8043478260869565	80.43478260869566	2	96	valid_score_ascending_then_invalid_then_pose_ordinal_ascending;whole_failure_zero
All128	rankable_lt2	AutoDock-Vina-1.2.7	6	92	78	0.8478260869565217	84.78260869565217	2	96	valid_score_ascending_then_invalid_then_pose_ordinal_ascending;whole_failure_zero
All128	rankable_lt2	AutoDock-Vina-1.2.7	7	92	80	0.8695652173913043	86.95652173913044	2	96	valid_score_ascending_then_invalid_then_pose_ordinal_ascending;whole_failure_zero
All128	rankable_lt2	AutoDock-Vina-1.2.7	8	92	81	0.8804347826086957	88.04347826086956	2	96	valid_score_ascending_then_invalid_then_pose_ordinal_ascending;whole_failure_zero
All128	rankable_lt2	AutoDock-Vina-1.2.7	9	92	82	0.8913043478260869	89.1304347826087	2	96	valid_score_ascending_then_invalid_then_pose_ordinal_ascending;whole_failure_zero
All128	rankable_lt2	AutoDock-Vina-1.2.7	10	92	83	0.9021739130434783	90.21739130434783	2	96	valid_score_ascending_then_invalid_then_pose_ordinal_ascending;whole_failure_zero
All128	rankable_lt2	rDock-26.05-alpha	1	92	51	0.5543478260869565	55.43478260869565	1	40	valid_score_ascending_then_invalid_then_pose_ordinal_ascending;whole_failure_zero
All128	rankable_lt2	rDock-26.05-alpha	2	92	66	0.717391304347826	71.73913043478261	1	40	valid_score_ascending_then_invalid_then_pose_ordinal_ascending;whole_failure_zero
All128	rankable_lt2	rDock-26.05-alpha	3	92	68	0.7391304347826086	73.91304347826087	1	40	valid_score_ascending_then_invalid_then_pose_ordinal_ascending;whole_failure_zero
All128	rankable_lt2	rDock-26.05-alpha	4	92	72	0.782608695652174	78.26086956521739	1	40	valid_score_ascending_then_invalid_then_pose_ordinal_ascending;whole_failure_zero
All128	rankable_lt2	rDock-26.05-alpha	5	92	74	0.8043478260869565	80.43478260869566	1	40	valid_score_ascending_then_invalid_then_pose_ordinal_ascending;whole_failure_zero
All128	rankable_lt2	rDock-26.05-alpha	6	92	76	0.8260869565217391	82.6086956521739	1	40	valid_score_ascending_then_invalid_then_pose_ordinal_ascending;whole_failure_zero
All128	rankable_lt2	rDock-26.05-alpha	7	92	80	0.8695652173913043	86.95652173913044	1	40	valid_score_ascending_then_invalid_then_pose_ordinal_ascending;whole_failure_zero
All128	rankable_lt2	rDock-26.05-alpha	8	92	81	0.8804347826086957	88.04347826086956	1	40	valid_score_ascending_then_invalid_then_pose_ordinal_ascending;whole_failure_zero
All128	rankable_lt2	rDock-26.05-alpha	9	92	82	0.8913043478260869	89.1304347826087	1	40	valid_score_ascending_then_invalid_then_pose_ordinal_ascending;whole_failure_zero
All128	rankable_lt2	rDock-26.05-alpha	10	92	84	0.9130434782608695	91.30434782608695	1	40	valid_score_ascending_then_invalid_then_pose_ordinal_ascending;whole_failure_zero
All128	rankable_lt2	PLANTS-CHEMPLP-1.2	1	92	53	0.5760869565217391	57.608695652173914	8	320	valid_score_ascending_then_invalid_then_pose_ordinal_ascending;whole_failure_zero
All128	rankable_lt2	PLANTS-CHEMPLP-1.2	2	92	60	0.6521739130434783	65.21739130434783	8	320	valid_score_ascending_then_invalid_then_pose_ordinal_ascending;whole_failure_zero
All128	rankable_lt2	PLANTS-CHEMPLP-1.2	3	92	67	0.7282608695652174	72.82608695652173	8	320	valid_score_ascending_then_invalid_then_pose_ordinal_ascending;whole_failure_zero
All128	rankable_lt2	PLANTS-CHEMPLP-1.2	4	92	72	0.782608695652174	78.26086956521739	8	320	valid_score_ascending_then_invalid_then_pose_ordinal_ascending;whole_failure_zero
All128	rankable_lt2	PLANTS-CHEMPLP-1.2	5	92	73	0.7934782608695652	79.34782608695652	8	320	valid_score_ascending_then_invalid_then_pose_ordinal_ascending;whole_failure_zero
All128	rankable_lt2	PLANTS-CHEMPLP-1.2	6	92	75	0.8152173913043478	81.52173913043478	8	320	valid_score_ascending_then_invalid_then_pose_ordinal_ascending;whole_failure_zero
All128	rankable_lt2	PLANTS-CHEMPLP-1.2	7	92	77	0.8369565217391305	83.69565217391305	8	320	valid_score_ascending_then_invalid_then_pose_ordinal_ascending;whole_failure_zero
All128	rankable_lt2	PLANTS-CHEMPLP-1.2	8	92	77	0.8369565217391305	83.69565217391305	8	320	valid_score_ascending_then_invalid_then_pose_ordinal_ascending;whole_failure_zero
All128	rankable_lt2	PLANTS-CHEMPLP-1.2	9	92	78	0.8478260869565217	84.78260869565217	8	320	valid_score_ascending_then_invalid_then_pose_ordinal_ascending;whole_failure_zero
All128	rankable_lt2	PLANTS-CHEMPLP-1.2	10	92	78	0.8478260869565217	84.78260869565217	8	320	valid_score_ascending_then_invalid_then_pose_ordinal_ascending;whole_failure_zero
Yan72	full	SurfNA-scorer0	1	72	42	0.5833333333333334	58.333333333333336	0	0	valid_score_ascending_then_invalid_then_pose_ordinal_ascending;whole_failure_zero
Yan72	full	SurfNA-scorer0	2	72	45	0.625	62.5	0	0	valid_score_ascending_then_invalid_then_pose_ordinal_ascending;whole_failure_zero
Yan72	full	SurfNA-scorer0	3	72	46	0.6388888888888888	63.888888888888886	0	0	valid_score_ascending_then_invalid_then_pose_ordinal_ascending;whole_failure_zero
Yan72	full	SurfNA-scorer0	4	72	46	0.6388888888888888	63.888888888888886	0	0	valid_score_ascending_then_invalid_then_pose_ordinal_ascending;whole_failure_zero
Yan72	full	SurfNA-scorer0	5	72	46	0.6388888888888888	63.888888888888886	0	0	valid_score_ascending_then_invalid_then_pose_ordinal_ascending;whole_failure_zero
Yan72	full	SurfNA-scorer0	6	72	46	0.6388888888888888	63.888888888888886	0	0	valid_score_ascending_then_invalid_then_pose_ordinal_ascending;whole_failure_zero
Yan72	full	SurfNA-scorer0	7	72	47	0.6527777777777778	65.27777777777777	0	0	valid_score_ascending_then_invalid_then_pose_ordinal_ascending;whole_failure_zero
Yan72	full	SurfNA-scorer0	8	72	47	0.6527777777777778	65.27777777777777	0	0	valid_score_ascending_then_invalid_then_pose_ordinal_ascending;whole_failure_zero
Yan72	full	SurfNA-scorer0	9	72	48	0.6666666666666666	66.66666666666667	0	0	valid_score_ascending_then_invalid_then_pose_ordinal_ascending;whole_failure_zero
Yan72	full	SurfNA-scorer0	10	72	50	0.6944444444444444	69.44444444444444	0	0	valid_score_ascending_then_invalid_then_pose_ordinal_ascending;whole_failure_zero
Yan72	full	AutoDock-Vina-1.2.7	1	72	29	0.4027777777777778	40.27777777777778	1	72	valid_score_ascending_then_invalid_then_pose_ordinal_ascending;whole_failure_zero
Yan72	full	AutoDock-Vina-1.2.7	2	72	37	0.5138888888888888	51.388888888888886	1	72	valid_score_ascending_then_invalid_then_pose_ordinal_ascending;whole_failure_zero
Yan72	full	AutoDock-Vina-1.2.7	3	72	41	0.5694444444444444	56.94444444444444	1	72	valid_score_ascending_then_invalid_then_pose_ordinal_ascending;whole_failure_zero
Yan72	full	AutoDock-Vina-1.2.7	4	72	43	0.5972222222222222	59.72222222222222	1	72	valid_score_ascending_then_invalid_then_pose_ordinal_ascending;whole_failure_zero
Yan72	full	AutoDock-Vina-1.2.7	5	72	45	0.625	62.5	1	72	valid_score_ascending_then_invalid_then_pose_ordinal_ascending;whole_failure_zero
Yan72	full	AutoDock-Vina-1.2.7	6	72	47	0.6527777777777778	65.27777777777777	1	72	valid_score_ascending_then_invalid_then_pose_ordinal_ascending;whole_failure_zero
Yan72	full	AutoDock-Vina-1.2.7	7	72	47	0.6527777777777778	65.27777777777777	1	72	valid_score_ascending_then_invalid_then_pose_ordinal_ascending;whole_failure_zero
Yan72	full	AutoDock-Vina-1.2.7	8	72	47	0.6527777777777778	65.27777777777777	1	72	valid_score_ascending_then_invalid_then_pose_ordinal_ascending;whole_failure_zero
Yan72	full	AutoDock-Vina-1.2.7	9	72	48	0.6666666666666666	66.66666666666667	1	72	valid_score_ascending_then_invalid_then_pose_ordinal_ascending;whole_failure_zero
Yan72	full	AutoDock-Vina-1.2.7	10	72	48	0.6666666666666666	66.66666666666667	1	72	valid_score_ascending_then_invalid_then_pose_ordinal_ascending;whole_failure_zero
Yan72	full	rDock-26.05-alpha	1	72	34	0.4722222222222222	47.22222222222222	0	0	valid_score_ascending_then_invalid_then_pose_ordinal_ascending;whole_failure_zero
Yan72	full	rDock-26.05-alpha	2	72	43	0.5972222222222222	59.72222222222222	0	0	valid_score_ascending_then_invalid_then_pose_ordinal_ascending;whole_failure_zero
Yan72	full	rDock-26.05-alpha	3	72	43	0.5972222222222222	59.72222222222222	0	0	valid_score_ascending_then_invalid_then_pose_ordinal_ascending;whole_failure_zero
Yan72	full	rDock-26.05-alpha	4	72	44	0.6111111111111112	61.111111111111114	0	0	valid_score_ascending_then_invalid_then_pose_ordinal_ascending;whole_failure_zero
Yan72	full	rDock-26.05-alpha	5	72	45	0.625	62.5	0	0	valid_score_ascending_then_invalid_then_pose_ordinal_ascending;whole_failure_zero
Yan72	full	rDock-26.05-alpha	6	72	46	0.6388888888888888	63.888888888888886	0	0	valid_score_ascending_then_invalid_then_pose_ordinal_ascending;whole_failure_zero
Yan72	full	rDock-26.05-alpha	7	72	49	0.6805555555555556	68.05555555555556	0	0	valid_score_ascending_then_invalid_then_pose_ordinal_ascending;whole_failure_zero
Yan72	full	rDock-26.05-alpha	8	72	49	0.6805555555555556	68.05555555555556	0	0	valid_score_ascending_then_invalid_then_pose_ordinal_ascending;whole_failure_zero
Yan72	full	rDock-26.05-alpha	9	72	49	0.6805555555555556	68.05555555555556	0	0	valid_score_ascending_then_invalid_then_pose_ordinal_ascending;whole_failure_zero
Yan72	full	rDock-26.05-alpha	10	72	50	0.6944444444444444	69.44444444444444	0	0	valid_score_ascending_then_invalid_then_pose_ordinal_ascending;whole_failure_zero
Yan72	full	PLANTS-CHEMPLP-1.2	1	72	34	0.4722222222222222	47.22222222222222	5	200	valid_score_ascending_then_invalid_then_pose_ordinal_ascending;whole_failure_zero
Yan72	full	PLANTS-CHEMPLP-1.2	2	72	35	0.4861111111111111	48.611111111111114	5	200	valid_score_ascending_then_invalid_then_pose_ordinal_ascending;whole_failure_zero
Yan72	full	PLANTS-CHEMPLP-1.2	3	72	39	0.5416666666666666	54.166666666666664	5	200	valid_score_ascending_then_invalid_then_pose_ordinal_ascending;whole_failure_zero
Yan72	full	PLANTS-CHEMPLP-1.2	4	72	43	0.5972222222222222	59.72222222222222	5	200	valid_score_ascending_then_invalid_then_pose_ordinal_ascending;whole_failure_zero
Yan72	full	PLANTS-CHEMPLP-1.2	5	72	43	0.5972222222222222	59.72222222222222	5	200	valid_score_ascending_then_invalid_then_pose_ordinal_ascending;whole_failure_zero
Yan72	full	PLANTS-CHEMPLP-1.2	6	72	44	0.6111111111111112	61.111111111111114	5	200	valid_score_ascending_then_invalid_then_pose_ordinal_ascending;whole_failure_zero
Yan72	full	PLANTS-CHEMPLP-1.2	7	72	45	0.625	62.5	5	200	valid_score_ascending_then_invalid_then_pose_ordinal_ascending;whole_failure_zero
Yan72	full	PLANTS-CHEMPLP-1.2	8	72	45	0.625	62.5	5	200	valid_score_ascending_then_invalid_then_pose_ordinal_ascending;whole_failure_zero
Yan72	full	PLANTS-CHEMPLP-1.2	9	72	46	0.6388888888888888	63.888888888888886	5	200	valid_score_ascending_then_invalid_then_pose_ordinal_ascending;whole_failure_zero
Yan72	full	PLANTS-CHEMPLP-1.2	10	72	46	0.6388888888888888	63.888888888888886	5	200	valid_score_ascending_then_invalid_then_pose_ordinal_ascending;whole_failure_zero
Yan72	rankable_lt2	SurfNA-scorer0	1	54	42	0.7777777777777778	77.77777777777777	0	0	valid_score_ascending_then_invalid_then_pose_ordinal_ascending;whole_failure_zero
Yan72	rankable_lt2	SurfNA-scorer0	2	54	45	0.8333333333333334	83.33333333333333	0	0	valid_score_ascending_then_invalid_then_pose_ordinal_ascending;whole_failure_zero
Yan72	rankable_lt2	SurfNA-scorer0	3	54	46	0.8518518518518519	85.18518518518519	0	0	valid_score_ascending_then_invalid_then_pose_ordinal_ascending;whole_failure_zero
Yan72	rankable_lt2	SurfNA-scorer0	4	54	46	0.8518518518518519	85.18518518518519	0	0	valid_score_ascending_then_invalid_then_pose_ordinal_ascending;whole_failure_zero
Yan72	rankable_lt2	SurfNA-scorer0	5	54	46	0.8518518518518519	85.18518518518519	0	0	valid_score_ascending_then_invalid_then_pose_ordinal_ascending;whole_failure_zero
Yan72	rankable_lt2	SurfNA-scorer0	6	54	46	0.8518518518518519	85.18518518518519	0	0	valid_score_ascending_then_invalid_then_pose_ordinal_ascending;whole_failure_zero
Yan72	rankable_lt2	SurfNA-scorer0	7	54	47	0.8703703703703703	87.03703703703704	0	0	valid_score_ascending_then_invalid_then_pose_ordinal_ascending;whole_failure_zero
Yan72	rankable_lt2	SurfNA-scorer0	8	54	47	0.8703703703703703	87.03703703703704	0	0	valid_score_ascending_then_invalid_then_pose_ordinal_ascending;whole_failure_zero
Yan72	rankable_lt2	SurfNA-scorer0	9	54	48	0.8888888888888888	88.88888888888889	0	0	valid_score_ascending_then_invalid_then_pose_ordinal_ascending;whole_failure_zero
Yan72	rankable_lt2	SurfNA-scorer0	10	54	50	0.9259259259259259	92.5925925925926	0	0	valid_score_ascending_then_invalid_then_pose_ordinal_ascending;whole_failure_zero
Yan72	rankable_lt2	AutoDock-Vina-1.2.7	1	54	29	0.5370370370370371	53.7037037037037	1	53	valid_score_ascending_then_invalid_then_pose_ordinal_ascending;whole_failure_zero
Yan72	rankable_lt2	AutoDock-Vina-1.2.7	2	54	37	0.6851851851851852	68.51851851851852	1	53	valid_score_ascending_then_invalid_then_pose_ordinal_ascending;whole_failure_zero
Yan72	rankable_lt2	AutoDock-Vina-1.2.7	3	54	41	0.7592592592592593	75.92592592592592	1	53	valid_score_ascending_then_invalid_then_pose_ordinal_ascending;whole_failure_zero
Yan72	rankable_lt2	AutoDock-Vina-1.2.7	4	54	43	0.7962962962962963	79.62962962962963	1	53	valid_score_ascending_then_invalid_then_pose_ordinal_ascending;whole_failure_zero
Yan72	rankable_lt2	AutoDock-Vina-1.2.7	5	54	45	0.8333333333333334	83.33333333333333	1	53	valid_score_ascending_then_invalid_then_pose_ordinal_ascending;whole_failure_zero
Yan72	rankable_lt2	AutoDock-Vina-1.2.7	6	54	47	0.8703703703703703	87.03703703703704	1	53	valid_score_ascending_then_invalid_then_pose_ordinal_ascending;whole_failure_zero
Yan72	rankable_lt2	AutoDock-Vina-1.2.7	7	54	47	0.8703703703703703	87.03703703703704	1	53	valid_score_ascending_then_invalid_then_pose_ordinal_ascending;whole_failure_zero
Yan72	rankable_lt2	AutoDock-Vina-1.2.7	8	54	47	0.8703703703703703	87.03703703703704	1	53	valid_score_ascending_then_invalid_then_pose_ordinal_ascending;whole_failure_zero
Yan72	rankable_lt2	AutoDock-Vina-1.2.7	9	54	48	0.8888888888888888	88.88888888888889	1	53	valid_score_ascending_then_invalid_then_pose_ordinal_ascending;whole_failure_zero
Yan72	rankable_lt2	AutoDock-Vina-1.2.7	10	54	48	0.8888888888888888	88.88888888888889	1	53	valid_score_ascending_then_invalid_then_pose_ordinal_ascending;whole_failure_zero
Yan72	rankable_lt2	rDock-26.05-alpha	1	54	34	0.6296296296296297	62.96296296296296	0	0	valid_score_ascending_then_invalid_then_pose_ordinal_ascending;whole_failure_zero
Yan72	rankable_lt2	rDock-26.05-alpha	2	54	43	0.7962962962962963	79.62962962962963	0	0	valid_score_ascending_then_invalid_then_pose_ordinal_ascending;whole_failure_zero
Yan72	rankable_lt2	rDock-26.05-alpha	3	54	43	0.7962962962962963	79.62962962962963	0	0	valid_score_ascending_then_invalid_then_pose_ordinal_ascending;whole_failure_zero
Yan72	rankable_lt2	rDock-26.05-alpha	4	54	44	0.8148148148148148	81.48148148148148	0	0	valid_score_ascending_then_invalid_then_pose_ordinal_ascending;whole_failure_zero
Yan72	rankable_lt2	rDock-26.05-alpha	5	54	45	0.8333333333333334	83.33333333333333	0	0	valid_score_ascending_then_invalid_then_pose_ordinal_ascending;whole_failure_zero
Yan72	rankable_lt2	rDock-26.05-alpha	6	54	46	0.8518518518518519	85.18518518518519	0	0	valid_score_ascending_then_invalid_then_pose_ordinal_ascending;whole_failure_zero
Yan72	rankable_lt2	rDock-26.05-alpha	7	54	49	0.9074074074074074	90.74074074074075	0	0	valid_score_ascending_then_invalid_then_pose_ordinal_ascending;whole_failure_zero
Yan72	rankable_lt2	rDock-26.05-alpha	8	54	49	0.9074074074074074	90.74074074074075	0	0	valid_score_ascending_then_invalid_then_pose_ordinal_ascending;whole_failure_zero
Yan72	rankable_lt2	rDock-26.05-alpha	9	54	49	0.9074074074074074	90.74074074074075	0	0	valid_score_ascending_then_invalid_then_pose_ordinal_ascending;whole_failure_zero
Yan72	rankable_lt2	rDock-26.05-alpha	10	54	50	0.9259259259259259	92.5925925925926	0	0	valid_score_ascending_then_invalid_then_pose_ordinal_ascending;whole_failure_zero
Yan72	rankable_lt2	PLANTS-CHEMPLP-1.2	1	54	34	0.6296296296296297	62.96296296296296	4	160	valid_score_ascending_then_invalid_then_pose_ordinal_ascending;whole_failure_zero
Yan72	rankable_lt2	PLANTS-CHEMPLP-1.2	2	54	35	0.6481481481481481	64.81481481481481	4	160	valid_score_ascending_then_invalid_then_pose_ordinal_ascending;whole_failure_zero
Yan72	rankable_lt2	PLANTS-CHEMPLP-1.2	3	54	39	0.7222222222222222	72.22222222222223	4	160	valid_score_ascending_then_invalid_then_pose_ordinal_ascending;whole_failure_zero
Yan72	rankable_lt2	PLANTS-CHEMPLP-1.2	4	54	43	0.7962962962962963	79.62962962962963	4	160	valid_score_ascending_then_invalid_then_pose_ordinal_ascending;whole_failure_zero
Yan72	rankable_lt2	PLANTS-CHEMPLP-1.2	5	54	43	0.7962962962962963	79.62962962962963	4	160	valid_score_ascending_then_invalid_then_pose_ordinal_ascending;whole_failure_zero
Yan72	rankable_lt2	PLANTS-CHEMPLP-1.2	6	54	44	0.8148148148148148	81.48148148148148	4	160	valid_score_ascending_then_invalid_then_pose_ordinal_ascending;whole_failure_zero
Yan72	rankable_lt2	PLANTS-CHEMPLP-1.2	7	54	45	0.8333333333333334	83.33333333333333	4	160	valid_score_ascending_then_invalid_then_pose_ordinal_ascending;whole_failure_zero
Yan72	rankable_lt2	PLANTS-CHEMPLP-1.2	8	54	45	0.8333333333333334	83.33333333333333	4	160	valid_score_ascending_then_invalid_then_pose_ordinal_ascending;whole_failure_zero
Yan72	rankable_lt2	PLANTS-CHEMPLP-1.2	9	54	46	0.8518518518518519	85.18518518518519	4	160	valid_score_ascending_then_invalid_then_pose_ordinal_ascending;whole_failure_zero
Yan72	rankable_lt2	PLANTS-CHEMPLP-1.2	10	54	46	0.8518518518518519	85.18518518518519	4	160	valid_score_ascending_then_invalid_then_pose_ordinal_ascending;whole_failure_zero
Ruiz52	full	SurfNA-scorer0	1	52	22	0.4230769230769231	42.30769230769231	0	0	valid_score_ascending_then_invalid_then_pose_ordinal_ascending;whole_failure_zero
Ruiz52	full	SurfNA-scorer0	2	52	26	0.5	50.0	0	0	valid_score_ascending_then_invalid_then_pose_ordinal_ascending;whole_failure_zero
Ruiz52	full	SurfNA-scorer0	3	52	27	0.5192307692307693	51.92307692307692	0	0	valid_score_ascending_then_invalid_then_pose_ordinal_ascending;whole_failure_zero
Ruiz52	full	SurfNA-scorer0	4	52	27	0.5192307692307693	51.92307692307692	0	0	valid_score_ascending_then_invalid_then_pose_ordinal_ascending;whole_failure_zero
Ruiz52	full	SurfNA-scorer0	5	52	27	0.5192307692307693	51.92307692307692	0	0	valid_score_ascending_then_invalid_then_pose_ordinal_ascending;whole_failure_zero
Ruiz52	full	SurfNA-scorer0	6	52	27	0.5192307692307693	51.92307692307692	0	0	valid_score_ascending_then_invalid_then_pose_ordinal_ascending;whole_failure_zero
Ruiz52	full	SurfNA-scorer0	7	52	27	0.5192307692307693	51.92307692307692	0	0	valid_score_ascending_then_invalid_then_pose_ordinal_ascending;whole_failure_zero
Ruiz52	full	SurfNA-scorer0	8	52	27	0.5192307692307693	51.92307692307692	0	0	valid_score_ascending_then_invalid_then_pose_ordinal_ascending;whole_failure_zero
Ruiz52	full	SurfNA-scorer0	9	52	27	0.5192307692307693	51.92307692307692	0	0	valid_score_ascending_then_invalid_then_pose_ordinal_ascending;whole_failure_zero
Ruiz52	full	SurfNA-scorer0	10	52	29	0.5576923076923077	55.76923076923077	0	0	valid_score_ascending_then_invalid_then_pose_ordinal_ascending;whole_failure_zero
Ruiz52	full	AutoDock-Vina-1.2.7	1	52	14	0.2692307692307692	26.923076923076923	1	44	valid_score_ascending_then_invalid_then_pose_ordinal_ascending;whole_failure_zero
Ruiz52	full	AutoDock-Vina-1.2.7	2	52	18	0.34615384615384615	34.61538461538461	1	44	valid_score_ascending_then_invalid_then_pose_ordinal_ascending;whole_failure_zero
Ruiz52	full	AutoDock-Vina-1.2.7	3	52	21	0.40384615384615385	40.38461538461539	1	44	valid_score_ascending_then_invalid_then_pose_ordinal_ascending;whole_failure_zero
Ruiz52	full	AutoDock-Vina-1.2.7	4	52	21	0.40384615384615385	40.38461538461539	1	44	valid_score_ascending_then_invalid_then_pose_ordinal_ascending;whole_failure_zero
Ruiz52	full	AutoDock-Vina-1.2.7	5	52	24	0.46153846153846156	46.15384615384615	1	44	valid_score_ascending_then_invalid_then_pose_ordinal_ascending;whole_failure_zero
Ruiz52	full	AutoDock-Vina-1.2.7	6	52	26	0.5	50.0	1	44	valid_score_ascending_then_invalid_then_pose_ordinal_ascending;whole_failure_zero
Ruiz52	full	AutoDock-Vina-1.2.7	7	52	28	0.5384615384615384	53.84615384615385	1	44	valid_score_ascending_then_invalid_then_pose_ordinal_ascending;whole_failure_zero
Ruiz52	full	AutoDock-Vina-1.2.7	8	52	29	0.5576923076923077	55.76923076923077	1	44	valid_score_ascending_then_invalid_then_pose_ordinal_ascending;whole_failure_zero
Ruiz52	full	AutoDock-Vina-1.2.7	9	52	29	0.5576923076923077	55.76923076923077	1	44	valid_score_ascending_then_invalid_then_pose_ordinal_ascending;whole_failure_zero
Ruiz52	full	AutoDock-Vina-1.2.7	10	52	29	0.5576923076923077	55.76923076923077	1	44	valid_score_ascending_then_invalid_then_pose_ordinal_ascending;whole_failure_zero
Ruiz52	full	rDock-26.05-alpha	1	52	12	0.23076923076923078	23.076923076923077	0	0	valid_score_ascending_then_invalid_then_pose_ordinal_ascending;whole_failure_zero
Ruiz52	full	rDock-26.05-alpha	2	52	17	0.3269230769230769	32.69230769230769	0	0	valid_score_ascending_then_invalid_then_pose_ordinal_ascending;whole_failure_zero
Ruiz52	full	rDock-26.05-alpha	3	52	18	0.34615384615384615	34.61538461538461	0	0	valid_score_ascending_then_invalid_then_pose_ordinal_ascending;whole_failure_zero
Ruiz52	full	rDock-26.05-alpha	4	52	22	0.4230769230769231	42.30769230769231	0	0	valid_score_ascending_then_invalid_then_pose_ordinal_ascending;whole_failure_zero
Ruiz52	full	rDock-26.05-alpha	5	52	23	0.4423076923076923	44.23076923076923	0	0	valid_score_ascending_then_invalid_then_pose_ordinal_ascending;whole_failure_zero
Ruiz52	full	rDock-26.05-alpha	6	52	24	0.46153846153846156	46.15384615384615	0	0	valid_score_ascending_then_invalid_then_pose_ordinal_ascending;whole_failure_zero
Ruiz52	full	rDock-26.05-alpha	7	52	25	0.4807692307692308	48.07692307692308	0	0	valid_score_ascending_then_invalid_then_pose_ordinal_ascending;whole_failure_zero
Ruiz52	full	rDock-26.05-alpha	8	52	26	0.5	50.0	0	0	valid_score_ascending_then_invalid_then_pose_ordinal_ascending;whole_failure_zero
Ruiz52	full	rDock-26.05-alpha	9	52	27	0.5192307692307693	51.92307692307692	0	0	valid_score_ascending_then_invalid_then_pose_ordinal_ascending;whole_failure_zero
Ruiz52	full	rDock-26.05-alpha	10	52	29	0.5576923076923077	55.76923076923077	0	0	valid_score_ascending_then_invalid_then_pose_ordinal_ascending;whole_failure_zero
Ruiz52	full	PLANTS-CHEMPLP-1.2	1	52	17	0.3269230769230769	32.69230769230769	2	80	valid_score_ascending_then_invalid_then_pose_ordinal_ascending;whole_failure_zero
Ruiz52	full	PLANTS-CHEMPLP-1.2	2	52	23	0.4423076923076923	44.23076923076923	2	80	valid_score_ascending_then_invalid_then_pose_ordinal_ascending;whole_failure_zero
Ruiz52	full	PLANTS-CHEMPLP-1.2	3	52	25	0.4807692307692308	48.07692307692308	2	80	valid_score_ascending_then_invalid_then_pose_ordinal_ascending;whole_failure_zero
Ruiz52	full	PLANTS-CHEMPLP-1.2	4	52	27	0.5192307692307693	51.92307692307692	2	80	valid_score_ascending_then_invalid_then_pose_ordinal_ascending;whole_failure_zero
Ruiz52	full	PLANTS-CHEMPLP-1.2	5	52	27	0.5192307692307693	51.92307692307692	2	80	valid_score_ascending_then_invalid_then_pose_ordinal_ascending;whole_failure_zero
Ruiz52	full	PLANTS-CHEMPLP-1.2	6	52	28	0.5384615384615384	53.84615384615385	2	80	valid_score_ascending_then_invalid_then_pose_ordinal_ascending;whole_failure_zero
Ruiz52	full	PLANTS-CHEMPLP-1.2	7	52	28	0.5384615384615384	53.84615384615385	2	80	valid_score_ascending_then_invalid_then_pose_ordinal_ascending;whole_failure_zero
Ruiz52	full	PLANTS-CHEMPLP-1.2	8	52	28	0.5384615384615384	53.84615384615385	2	80	valid_score_ascending_then_invalid_then_pose_ordinal_ascending;whole_failure_zero
Ruiz52	full	PLANTS-CHEMPLP-1.2	9	52	29	0.5576923076923077	55.76923076923077	2	80	valid_score_ascending_then_invalid_then_pose_ordinal_ascending;whole_failure_zero
Ruiz52	full	PLANTS-CHEMPLP-1.2	10	52	29	0.5576923076923077	55.76923076923077	2	80	valid_score_ascending_then_invalid_then_pose_ordinal_ascending;whole_failure_zero
Ruiz52	rankable_lt2	SurfNA-scorer0	1	32	22	0.6875	68.75	0	0	valid_score_ascending_then_invalid_then_pose_ordinal_ascending;whole_failure_zero
Ruiz52	rankable_lt2	SurfNA-scorer0	2	32	26	0.8125	81.25	0	0	valid_score_ascending_then_invalid_then_pose_ordinal_ascending;whole_failure_zero
Ruiz52	rankable_lt2	SurfNA-scorer0	3	32	27	0.84375	84.375	0	0	valid_score_ascending_then_invalid_then_pose_ordinal_ascending;whole_failure_zero
Ruiz52	rankable_lt2	SurfNA-scorer0	4	32	27	0.84375	84.375	0	0	valid_score_ascending_then_invalid_then_pose_ordinal_ascending;whole_failure_zero
Ruiz52	rankable_lt2	SurfNA-scorer0	5	32	27	0.84375	84.375	0	0	valid_score_ascending_then_invalid_then_pose_ordinal_ascending;whole_failure_zero
Ruiz52	rankable_lt2	SurfNA-scorer0	6	32	27	0.84375	84.375	0	0	valid_score_ascending_then_invalid_then_pose_ordinal_ascending;whole_failure_zero
Ruiz52	rankable_lt2	SurfNA-scorer0	7	32	27	0.84375	84.375	0	0	valid_score_ascending_then_invalid_then_pose_ordinal_ascending;whole_failure_zero
Ruiz52	rankable_lt2	SurfNA-scorer0	8	32	27	0.84375	84.375	0	0	valid_score_ascending_then_invalid_then_pose_ordinal_ascending;whole_failure_zero
Ruiz52	rankable_lt2	SurfNA-scorer0	9	32	27	0.84375	84.375	0	0	valid_score_ascending_then_invalid_then_pose_ordinal_ascending;whole_failure_zero
Ruiz52	rankable_lt2	SurfNA-scorer0	10	32	29	0.90625	90.625	0	0	valid_score_ascending_then_invalid_then_pose_ordinal_ascending;whole_failure_zero
Ruiz52	rankable_lt2	AutoDock-Vina-1.2.7	1	32	14	0.4375	43.75	1	41	valid_score_ascending_then_invalid_then_pose_ordinal_ascending;whole_failure_zero
Ruiz52	rankable_lt2	AutoDock-Vina-1.2.7	2	32	18	0.5625	56.25	1	41	valid_score_ascending_then_invalid_then_pose_ordinal_ascending;whole_failure_zero
Ruiz52	rankable_lt2	AutoDock-Vina-1.2.7	3	32	21	0.65625	65.625	1	41	valid_score_ascending_then_invalid_then_pose_ordinal_ascending;whole_failure_zero
Ruiz52	rankable_lt2	AutoDock-Vina-1.2.7	4	32	21	0.65625	65.625	1	41	valid_score_ascending_then_invalid_then_pose_ordinal_ascending;whole_failure_zero
Ruiz52	rankable_lt2	AutoDock-Vina-1.2.7	5	32	24	0.75	75.0	1	41	valid_score_ascending_then_invalid_then_pose_ordinal_ascending;whole_failure_zero
Ruiz52	rankable_lt2	AutoDock-Vina-1.2.7	6	32	26	0.8125	81.25	1	41	valid_score_ascending_then_invalid_then_pose_ordinal_ascending;whole_failure_zero
Ruiz52	rankable_lt2	AutoDock-Vina-1.2.7	7	32	28	0.875	87.5	1	41	valid_score_ascending_then_invalid_then_pose_ordinal_ascending;whole_failure_zero
Ruiz52	rankable_lt2	AutoDock-Vina-1.2.7	8	32	29	0.90625	90.625	1	41	valid_score_ascending_then_invalid_then_pose_ordinal_ascending;whole_failure_zero
Ruiz52	rankable_lt2	AutoDock-Vina-1.2.7	9	32	29	0.90625	90.625	1	41	valid_score_ascending_then_invalid_then_pose_ordinal_ascending;whole_failure_zero
Ruiz52	rankable_lt2	AutoDock-Vina-1.2.7	10	32	29	0.90625	90.625	1	41	valid_score_ascending_then_invalid_then_pose_ordinal_ascending;whole_failure_zero
Ruiz52	rankable_lt2	rDock-26.05-alpha	1	32	12	0.375	37.5	0	0	valid_score_ascending_then_invalid_then_pose_ordinal_ascending;whole_failure_zero
Ruiz52	rankable_lt2	rDock-26.05-alpha	2	32	17	0.53125	53.125	0	0	valid_score_ascending_then_invalid_then_pose_ordinal_ascending;whole_failure_zero
Ruiz52	rankable_lt2	rDock-26.05-alpha	3	32	18	0.5625	56.25	0	0	valid_score_ascending_then_invalid_then_pose_ordinal_ascending;whole_failure_zero
Ruiz52	rankable_lt2	rDock-26.05-alpha	4	32	22	0.6875	68.75	0	0	valid_score_ascending_then_invalid_then_pose_ordinal_ascending;whole_failure_zero
Ruiz52	rankable_lt2	rDock-26.05-alpha	5	32	23	0.71875	71.875	0	0	valid_score_ascending_then_invalid_then_pose_ordinal_ascending;whole_failure_zero
Ruiz52	rankable_lt2	rDock-26.05-alpha	6	32	24	0.75	75.0	0	0	valid_score_ascending_then_invalid_then_pose_ordinal_ascending;whole_failure_zero
Ruiz52	rankable_lt2	rDock-26.05-alpha	7	32	25	0.78125	78.125	0	0	valid_score_ascending_then_invalid_then_pose_ordinal_ascending;whole_failure_zero
Ruiz52	rankable_lt2	rDock-26.05-alpha	8	32	26	0.8125	81.25	0	0	valid_score_ascending_then_invalid_then_pose_ordinal_ascending;whole_failure_zero
Ruiz52	rankable_lt2	rDock-26.05-alpha	9	32	27	0.84375	84.375	0	0	valid_score_ascending_then_invalid_then_pose_ordinal_ascending;whole_failure_zero
Ruiz52	rankable_lt2	rDock-26.05-alpha	10	32	29	0.90625	90.625	0	0	valid_score_ascending_then_invalid_then_pose_ordinal_ascending;whole_failure_zero
Ruiz52	rankable_lt2	PLANTS-CHEMPLP-1.2	1	32	17	0.53125	53.125	1	40	valid_score_ascending_then_invalid_then_pose_ordinal_ascending;whole_failure_zero
Ruiz52	rankable_lt2	PLANTS-CHEMPLP-1.2	2	32	23	0.71875	71.875	1	40	valid_score_ascending_then_invalid_then_pose_ordinal_ascending;whole_failure_zero
Ruiz52	rankable_lt2	PLANTS-CHEMPLP-1.2	3	32	25	0.78125	78.125	1	40	valid_score_ascending_then_invalid_then_pose_ordinal_ascending;whole_failure_zero
Ruiz52	rankable_lt2	PLANTS-CHEMPLP-1.2	4	32	27	0.84375	84.375	1	40	valid_score_ascending_then_invalid_then_pose_ordinal_ascending;whole_failure_zero
Ruiz52	rankable_lt2	PLANTS-CHEMPLP-1.2	5	32	27	0.84375	84.375	1	40	valid_score_ascending_then_invalid_then_pose_ordinal_ascending;whole_failure_zero
Ruiz52	rankable_lt2	PLANTS-CHEMPLP-1.2	6	32	28	0.875	87.5	1	40	valid_score_ascending_then_invalid_then_pose_ordinal_ascending;whole_failure_zero
Ruiz52	rankable_lt2	PLANTS-CHEMPLP-1.2	7	32	28	0.875	87.5	1	40	valid_score_ascending_then_invalid_then_pose_ordinal_ascending;whole_failure_zero
Ruiz52	rankable_lt2	PLANTS-CHEMPLP-1.2	8	32	28	0.875	87.5	1	40	valid_score_ascending_then_invalid_then_pose_ordinal_ascending;whole_failure_zero
Ruiz52	rankable_lt2	PLANTS-CHEMPLP-1.2	9	32	29	0.90625	90.625	1	40	valid_score_ascending_then_invalid_then_pose_ordinal_ascending;whole_failure_zero
Ruiz52	rankable_lt2	PLANTS-CHEMPLP-1.2	10	32	29	0.90625	90.625	1	40	valid_score_ascending_then_invalid_then_pose_ordinal_ascending;whole_failure_zero
Chen52	full	SurfNA-scorer0	1	52	27	0.5192307692307693	51.92307692307692	0	0	valid_score_ascending_then_invalid_then_pose_ordinal_ascending;whole_failure_zero
Chen52	full	SurfNA-scorer0	2	52	31	0.5961538461538461	59.61538461538461	0	0	valid_score_ascending_then_invalid_then_pose_ordinal_ascending;whole_failure_zero
Chen52	full	SurfNA-scorer0	3	52	34	0.6538461538461539	65.38461538461539	0	0	valid_score_ascending_then_invalid_then_pose_ordinal_ascending;whole_failure_zero
Chen52	full	SurfNA-scorer0	4	52	34	0.6538461538461539	65.38461538461539	0	0	valid_score_ascending_then_invalid_then_pose_ordinal_ascending;whole_failure_zero
Chen52	full	SurfNA-scorer0	5	52	34	0.6538461538461539	65.38461538461539	0	0	valid_score_ascending_then_invalid_then_pose_ordinal_ascending;whole_failure_zero
Chen52	full	SurfNA-scorer0	6	52	35	0.6730769230769231	67.3076923076923	0	0	valid_score_ascending_then_invalid_then_pose_ordinal_ascending;whole_failure_zero
Chen52	full	SurfNA-scorer0	7	52	35	0.6730769230769231	67.3076923076923	0	0	valid_score_ascending_then_invalid_then_pose_ordinal_ascending;whole_failure_zero
Chen52	full	SurfNA-scorer0	8	52	35	0.6730769230769231	67.3076923076923	0	0	valid_score_ascending_then_invalid_then_pose_ordinal_ascending;whole_failure_zero
Chen52	full	SurfNA-scorer0	9	52	35	0.6730769230769231	67.3076923076923	0	0	valid_score_ascending_then_invalid_then_pose_ordinal_ascending;whole_failure_zero
Chen52	full	SurfNA-scorer0	10	52	36	0.6923076923076923	69.23076923076923	0	0	valid_score_ascending_then_invalid_then_pose_ordinal_ascending;whole_failure_zero
Chen52	full	AutoDock-Vina-1.2.7	1	52	19	0.36538461538461536	36.53846153846154	1	49	valid_score_ascending_then_invalid_then_pose_ordinal_ascending;whole_failure_zero
Chen52	full	AutoDock-Vina-1.2.7	2	52	24	0.46153846153846156	46.15384615384615	1	49	valid_score_ascending_then_invalid_then_pose_ordinal_ascending;whole_failure_zero
Chen52	full	AutoDock-Vina-1.2.7	3	52	26	0.5	50.0	1	49	valid_score_ascending_then_invalid_then_pose_ordinal_ascending;whole_failure_zero
Chen52	full	AutoDock-Vina-1.2.7	4	52	26	0.5	50.0	1	49	valid_score_ascending_then_invalid_then_pose_ordinal_ascending;whole_failure_zero
Chen52	full	AutoDock-Vina-1.2.7	5	52	28	0.5384615384615384	53.84615384615385	1	49	valid_score_ascending_then_invalid_then_pose_ordinal_ascending;whole_failure_zero
Chen52	full	AutoDock-Vina-1.2.7	6	52	30	0.5769230769230769	57.69230769230769	1	49	valid_score_ascending_then_invalid_then_pose_ordinal_ascending;whole_failure_zero
Chen52	full	AutoDock-Vina-1.2.7	7	52	32	0.6153846153846154	61.53846153846154	1	49	valid_score_ascending_then_invalid_then_pose_ordinal_ascending;whole_failure_zero
Chen52	full	AutoDock-Vina-1.2.7	8	52	33	0.6346153846153846	63.46153846153846	1	49	valid_score_ascending_then_invalid_then_pose_ordinal_ascending;whole_failure_zero
Chen52	full	AutoDock-Vina-1.2.7	9	52	33	0.6346153846153846	63.46153846153846	1	49	valid_score_ascending_then_invalid_then_pose_ordinal_ascending;whole_failure_zero
Chen52	full	AutoDock-Vina-1.2.7	10	52	34	0.6538461538461539	65.38461538461539	1	49	valid_score_ascending_then_invalid_then_pose_ordinal_ascending;whole_failure_zero
Chen52	full	rDock-26.05-alpha	1	52	16	0.3076923076923077	30.76923076923077	0	0	valid_score_ascending_then_invalid_then_pose_ordinal_ascending;whole_failure_zero
Chen52	full	rDock-26.05-alpha	2	52	22	0.4230769230769231	42.30769230769231	0	0	valid_score_ascending_then_invalid_then_pose_ordinal_ascending;whole_failure_zero
Chen52	full	rDock-26.05-alpha	3	52	23	0.4423076923076923	44.23076923076923	0	0	valid_score_ascending_then_invalid_then_pose_ordinal_ascending;whole_failure_zero
Chen52	full	rDock-26.05-alpha	4	52	26	0.5	50.0	0	0	valid_score_ascending_then_invalid_then_pose_ordinal_ascending;whole_failure_zero
Chen52	full	rDock-26.05-alpha	5	52	27	0.5192307692307693	51.92307692307692	0	0	valid_score_ascending_then_invalid_then_pose_ordinal_ascending;whole_failure_zero
Chen52	full	rDock-26.05-alpha	6	52	28	0.5384615384615384	53.84615384615385	0	0	valid_score_ascending_then_invalid_then_pose_ordinal_ascending;whole_failure_zero
Chen52	full	rDock-26.05-alpha	7	52	30	0.5769230769230769	57.69230769230769	0	0	valid_score_ascending_then_invalid_then_pose_ordinal_ascending;whole_failure_zero
Chen52	full	rDock-26.05-alpha	8	52	31	0.5961538461538461	59.61538461538461	0	0	valid_score_ascending_then_invalid_then_pose_ordinal_ascending;whole_failure_zero
Chen52	full	rDock-26.05-alpha	9	52	32	0.6153846153846154	61.53846153846154	0	0	valid_score_ascending_then_invalid_then_pose_ordinal_ascending;whole_failure_zero
Chen52	full	rDock-26.05-alpha	10	52	34	0.6538461538461539	65.38461538461539	0	0	valid_score_ascending_then_invalid_then_pose_ordinal_ascending;whole_failure_zero
Chen52	full	PLANTS-CHEMPLP-1.2	1	52	18	0.34615384615384615	34.61538461538461	3	120	valid_score_ascending_then_invalid_then_pose_ordinal_ascending;whole_failure_zero
Chen52	full	PLANTS-CHEMPLP-1.2	2	52	22	0.4230769230769231	42.30769230769231	3	120	valid_score_ascending_then_invalid_then_pose_ordinal_ascending;whole_failure_zero
Chen52	full	PLANTS-CHEMPLP-1.2	3	52	25	0.4807692307692308	48.07692307692308	3	120	valid_score_ascending_then_invalid_then_pose_ordinal_ascending;whole_failure_zero
Chen52	full	PLANTS-CHEMPLP-1.2	4	52	28	0.5384615384615384	53.84615384615385	3	120	valid_score_ascending_then_invalid_then_pose_ordinal_ascending;whole_failure_zero
Chen52	full	PLANTS-CHEMPLP-1.2	5	52	29	0.5576923076923077	55.76923076923077	3	120	valid_score_ascending_then_invalid_then_pose_ordinal_ascending;whole_failure_zero
Chen52	full	PLANTS-CHEMPLP-1.2	6	52	30	0.5769230769230769	57.69230769230769	3	120	valid_score_ascending_then_invalid_then_pose_ordinal_ascending;whole_failure_zero
Chen52	full	PLANTS-CHEMPLP-1.2	7	52	31	0.5961538461538461	59.61538461538461	3	120	valid_score_ascending_then_invalid_then_pose_ordinal_ascending;whole_failure_zero
Chen52	full	PLANTS-CHEMPLP-1.2	8	52	31	0.5961538461538461	59.61538461538461	3	120	valid_score_ascending_then_invalid_then_pose_ordinal_ascending;whole_failure_zero
Chen52	full	PLANTS-CHEMPLP-1.2	9	52	32	0.6153846153846154	61.53846153846154	3	120	valid_score_ascending_then_invalid_then_pose_ordinal_ascending;whole_failure_zero
Chen52	full	PLANTS-CHEMPLP-1.2	10	52	32	0.6153846153846154	61.53846153846154	3	120	valid_score_ascending_then_invalid_then_pose_ordinal_ascending;whole_failure_zero
Chen52	rankable_lt2	SurfNA-scorer0	1	38	27	0.7105263157894737	71.05263157894737	0	0	valid_score_ascending_then_invalid_then_pose_ordinal_ascending;whole_failure_zero
Chen52	rankable_lt2	SurfNA-scorer0	2	38	31	0.8157894736842105	81.57894736842105	0	0	valid_score_ascending_then_invalid_then_pose_ordinal_ascending;whole_failure_zero
Chen52	rankable_lt2	SurfNA-scorer0	3	38	34	0.8947368421052632	89.47368421052632	0	0	valid_score_ascending_then_invalid_then_pose_ordinal_ascending;whole_failure_zero
Chen52	rankable_lt2	SurfNA-scorer0	4	38	34	0.8947368421052632	89.47368421052632	0	0	valid_score_ascending_then_invalid_then_pose_ordinal_ascending;whole_failure_zero
Chen52	rankable_lt2	SurfNA-scorer0	5	38	34	0.8947368421052632	89.47368421052632	0	0	valid_score_ascending_then_invalid_then_pose_ordinal_ascending;whole_failure_zero
Chen52	rankable_lt2	SurfNA-scorer0	6	38	35	0.9210526315789473	92.10526315789474	0	0	valid_score_ascending_then_invalid_then_pose_ordinal_ascending;whole_failure_zero
Chen52	rankable_lt2	SurfNA-scorer0	7	38	35	0.9210526315789473	92.10526315789474	0	0	valid_score_ascending_then_invalid_then_pose_ordinal_ascending;whole_failure_zero
Chen52	rankable_lt2	SurfNA-scorer0	8	38	35	0.9210526315789473	92.10526315789474	0	0	valid_score_ascending_then_invalid_then_pose_ordinal_ascending;whole_failure_zero
Chen52	rankable_lt2	SurfNA-scorer0	9	38	35	0.9210526315789473	92.10526315789474	0	0	valid_score_ascending_then_invalid_then_pose_ordinal_ascending;whole_failure_zero
Chen52	rankable_lt2	SurfNA-scorer0	10	38	36	0.9473684210526315	94.73684210526316	0	0	valid_score_ascending_then_invalid_then_pose_ordinal_ascending;whole_failure_zero
Chen52	rankable_lt2	AutoDock-Vina-1.2.7	1	38	19	0.5	50.0	1	46	valid_score_ascending_then_invalid_then_pose_ordinal_ascending;whole_failure_zero
Chen52	rankable_lt2	AutoDock-Vina-1.2.7	2	38	24	0.631578947368421	63.1578947368421	1	46	valid_score_ascending_then_invalid_then_pose_ordinal_ascending;whole_failure_zero
Chen52	rankable_lt2	AutoDock-Vina-1.2.7	3	38	26	0.6842105263157895	68.42105263157895	1	46	valid_score_ascending_then_invalid_then_pose_ordinal_ascending;whole_failure_zero
Chen52	rankable_lt2	AutoDock-Vina-1.2.7	4	38	26	0.6842105263157895	68.42105263157895	1	46	valid_score_ascending_then_invalid_then_pose_ordinal_ascending;whole_failure_zero
Chen52	rankable_lt2	AutoDock-Vina-1.2.7	5	38	28	0.7368421052631579	73.6842105263158	1	46	valid_score_ascending_then_invalid_then_pose_ordinal_ascending;whole_failure_zero
Chen52	rankable_lt2	AutoDock-Vina-1.2.7	6	38	30	0.7894736842105263	78.94736842105263	1	46	valid_score_ascending_then_invalid_then_pose_ordinal_ascending;whole_failure_zero
Chen52	rankable_lt2	AutoDock-Vina-1.2.7	7	38	32	0.8421052631578947	84.21052631578948	1	46	valid_score_ascending_then_invalid_then_pose_ordinal_ascending;whole_failure_zero
Chen52	rankable_lt2	AutoDock-Vina-1.2.7	8	38	33	0.868421052631579	86.84210526315789	1	46	valid_score_ascending_then_invalid_then_pose_ordinal_ascending;whole_failure_zero
Chen52	rankable_lt2	AutoDock-Vina-1.2.7	9	38	33	0.868421052631579	86.84210526315789	1	46	valid_score_ascending_then_invalid_then_pose_ordinal_ascending;whole_failure_zero
Chen52	rankable_lt2	AutoDock-Vina-1.2.7	10	38	34	0.8947368421052632	89.47368421052632	1	46	valid_score_ascending_then_invalid_then_pose_ordinal_ascending;whole_failure_zero
Chen52	rankable_lt2	rDock-26.05-alpha	1	38	16	0.42105263157894735	42.10526315789474	0	0	valid_score_ascending_then_invalid_then_pose_ordinal_ascending;whole_failure_zero
Chen52	rankable_lt2	rDock-26.05-alpha	2	38	22	0.5789473684210527	57.89473684210526	0	0	valid_score_ascending_then_invalid_then_pose_ordinal_ascending;whole_failure_zero
Chen52	rankable_lt2	rDock-26.05-alpha	3	38	23	0.6052631578947368	60.526315789473685	0	0	valid_score_ascending_then_invalid_then_pose_ordinal_ascending;whole_failure_zero
Chen52	rankable_lt2	rDock-26.05-alpha	4	38	26	0.6842105263157895	68.42105263157895	0	0	valid_score_ascending_then_invalid_then_pose_ordinal_ascending;whole_failure_zero
Chen52	rankable_lt2	rDock-26.05-alpha	5	38	27	0.7105263157894737	71.05263157894737	0	0	valid_score_ascending_then_invalid_then_pose_ordinal_ascending;whole_failure_zero
Chen52	rankable_lt2	rDock-26.05-alpha	6	38	28	0.7368421052631579	73.6842105263158	0	0	valid_score_ascending_then_invalid_then_pose_ordinal_ascending;whole_failure_zero
Chen52	rankable_lt2	rDock-26.05-alpha	7	38	30	0.7894736842105263	78.94736842105263	0	0	valid_score_ascending_then_invalid_then_pose_ordinal_ascending;whole_failure_zero
Chen52	rankable_lt2	rDock-26.05-alpha	8	38	31	0.8157894736842105	81.57894736842105	0	0	valid_score_ascending_then_invalid_then_pose_ordinal_ascending;whole_failure_zero
Chen52	rankable_lt2	rDock-26.05-alpha	9	38	32	0.8421052631578947	84.21052631578948	0	0	valid_score_ascending_then_invalid_then_pose_ordinal_ascending;whole_failure_zero
Chen52	rankable_lt2	rDock-26.05-alpha	10	38	34	0.8947368421052632	89.47368421052632	0	0	valid_score_ascending_then_invalid_then_pose_ordinal_ascending;whole_failure_zero
Chen52	rankable_lt2	PLANTS-CHEMPLP-1.2	1	38	18	0.47368421052631576	47.36842105263158	3	120	valid_score_ascending_then_invalid_then_pose_ordinal_ascending;whole_failure_zero
Chen52	rankable_lt2	PLANTS-CHEMPLP-1.2	2	38	22	0.5789473684210527	57.89473684210526	3	120	valid_score_ascending_then_invalid_then_pose_ordinal_ascending;whole_failure_zero
Chen52	rankable_lt2	PLANTS-CHEMPLP-1.2	3	38	25	0.6578947368421053	65.78947368421052	3	120	valid_score_ascending_then_invalid_then_pose_ordinal_ascending;whole_failure_zero
Chen52	rankable_lt2	PLANTS-CHEMPLP-1.2	4	38	28	0.7368421052631579	73.6842105263158	3	120	valid_score_ascending_then_invalid_then_pose_ordinal_ascending;whole_failure_zero
Chen52	rankable_lt2	PLANTS-CHEMPLP-1.2	5	38	29	0.7631578947368421	76.3157894736842	3	120	valid_score_ascending_then_invalid_then_pose_ordinal_ascending;whole_failure_zero
Chen52	rankable_lt2	PLANTS-CHEMPLP-1.2	6	38	30	0.7894736842105263	78.94736842105263	3	120	valid_score_ascending_then_invalid_then_pose_ordinal_ascending;whole_failure_zero
Chen52	rankable_lt2	PLANTS-CHEMPLP-1.2	7	38	31	0.8157894736842105	81.57894736842105	3	120	valid_score_ascending_then_invalid_then_pose_ordinal_ascending;whole_failure_zero
Chen52	rankable_lt2	PLANTS-CHEMPLP-1.2	8	38	31	0.8157894736842105	81.57894736842105	3	120	valid_score_ascending_then_invalid_then_pose_ordinal_ascending;whole_failure_zero
Chen52	rankable_lt2	PLANTS-CHEMPLP-1.2	9	38	32	0.8421052631578947	84.21052631578948	3	120	valid_score_ascending_then_invalid_then_pose_ordinal_ascending;whole_failure_zero
Chen52	rankable_lt2	PLANTS-CHEMPLP-1.2	10	38	32	0.8421052631578947	84.21052631578948	3	120	valid_score_ascending_then_invalid_then_pose_ordinal_ascending;whole_failure_zero
Philips39	full	SurfNA-scorer0	1	39	17	0.4358974358974359	43.58974358974359	0	0	valid_score_ascending_then_invalid_then_pose_ordinal_ascending;whole_failure_zero
Philips39	full	SurfNA-scorer0	2	39	20	0.5128205128205128	51.282051282051285	0	0	valid_score_ascending_then_invalid_then_pose_ordinal_ascending;whole_failure_zero
Philips39	full	SurfNA-scorer0	3	39	20	0.5128205128205128	51.282051282051285	0	0	valid_score_ascending_then_invalid_then_pose_ordinal_ascending;whole_failure_zero
Philips39	full	SurfNA-scorer0	4	39	20	0.5128205128205128	51.282051282051285	0	0	valid_score_ascending_then_invalid_then_pose_ordinal_ascending;whole_failure_zero
Philips39	full	SurfNA-scorer0	5	39	20	0.5128205128205128	51.282051282051285	0	0	valid_score_ascending_then_invalid_then_pose_ordinal_ascending;whole_failure_zero
Philips39	full	SurfNA-scorer0	6	39	20	0.5128205128205128	51.282051282051285	0	0	valid_score_ascending_then_invalid_then_pose_ordinal_ascending;whole_failure_zero
Philips39	full	SurfNA-scorer0	7	39	21	0.5384615384615384	53.84615384615385	0	0	valid_score_ascending_then_invalid_then_pose_ordinal_ascending;whole_failure_zero
Philips39	full	SurfNA-scorer0	8	39	21	0.5384615384615384	53.84615384615385	0	0	valid_score_ascending_then_invalid_then_pose_ordinal_ascending;whole_failure_zero
Philips39	full	SurfNA-scorer0	9	39	21	0.5384615384615384	53.84615384615385	0	0	valid_score_ascending_then_invalid_then_pose_ordinal_ascending;whole_failure_zero
Philips39	full	SurfNA-scorer0	10	39	22	0.5641025641025641	56.41025641025641	0	0	valid_score_ascending_then_invalid_then_pose_ordinal_ascending;whole_failure_zero
Philips39	full	AutoDock-Vina-1.2.7	1	39	12	0.3076923076923077	30.76923076923077	1	40	valid_score_ascending_then_invalid_then_pose_ordinal_ascending;whole_failure_zero
Philips39	full	AutoDock-Vina-1.2.7	2	39	15	0.38461538461538464	38.46153846153846	1	40	valid_score_ascending_then_invalid_then_pose_ordinal_ascending;whole_failure_zero
Philips39	full	AutoDock-Vina-1.2.7	3	39	18	0.46153846153846156	46.15384615384615	1	40	valid_score_ascending_then_invalid_then_pose_ordinal_ascending;whole_failure_zero
Philips39	full	AutoDock-Vina-1.2.7	4	39	18	0.46153846153846156	46.15384615384615	1	40	valid_score_ascending_then_invalid_then_pose_ordinal_ascending;whole_failure_zero
Philips39	full	AutoDock-Vina-1.2.7	5	39	19	0.48717948717948717	48.717948717948715	1	40	valid_score_ascending_then_invalid_then_pose_ordinal_ascending;whole_failure_zero
Philips39	full	AutoDock-Vina-1.2.7	6	39	20	0.5128205128205128	51.282051282051285	1	40	valid_score_ascending_then_invalid_then_pose_ordinal_ascending;whole_failure_zero
Philips39	full	AutoDock-Vina-1.2.7	7	39	21	0.5384615384615384	53.84615384615385	1	40	valid_score_ascending_then_invalid_then_pose_ordinal_ascending;whole_failure_zero
Philips39	full	AutoDock-Vina-1.2.7	8	39	22	0.5641025641025641	56.41025641025641	1	40	valid_score_ascending_then_invalid_then_pose_ordinal_ascending;whole_failure_zero
Philips39	full	AutoDock-Vina-1.2.7	9	39	22	0.5641025641025641	56.41025641025641	1	40	valid_score_ascending_then_invalid_then_pose_ordinal_ascending;whole_failure_zero
Philips39	full	AutoDock-Vina-1.2.7	10	39	22	0.5641025641025641	56.41025641025641	1	40	valid_score_ascending_then_invalid_then_pose_ordinal_ascending;whole_failure_zero
Philips39	full	rDock-26.05-alpha	1	39	9	0.23076923076923078	23.076923076923077	4	160	valid_score_ascending_then_invalid_then_pose_ordinal_ascending;whole_failure_zero
Philips39	full	rDock-26.05-alpha	2	39	14	0.358974358974359	35.8974358974359	4	160	valid_score_ascending_then_invalid_then_pose_ordinal_ascending;whole_failure_zero
Philips39	full	rDock-26.05-alpha	3	39	15	0.38461538461538464	38.46153846153846	4	160	valid_score_ascending_then_invalid_then_pose_ordinal_ascending;whole_failure_zero
Philips39	full	rDock-26.05-alpha	4	39	17	0.4358974358974359	43.58974358974359	4	160	valid_score_ascending_then_invalid_then_pose_ordinal_ascending;whole_failure_zero
Philips39	full	rDock-26.05-alpha	5	39	17	0.4358974358974359	43.58974358974359	4	160	valid_score_ascending_then_invalid_then_pose_ordinal_ascending;whole_failure_zero
Philips39	full	rDock-26.05-alpha	6	39	18	0.46153846153846156	46.15384615384615	4	160	valid_score_ascending_then_invalid_then_pose_ordinal_ascending;whole_failure_zero
Philips39	full	rDock-26.05-alpha	7	39	18	0.46153846153846156	46.15384615384615	4	160	valid_score_ascending_then_invalid_then_pose_ordinal_ascending;whole_failure_zero
Philips39	full	rDock-26.05-alpha	8	39	19	0.48717948717948717	48.717948717948715	4	160	valid_score_ascending_then_invalid_then_pose_ordinal_ascending;whole_failure_zero
Philips39	full	rDock-26.05-alpha	9	39	20	0.5128205128205128	51.282051282051285	4	160	valid_score_ascending_then_invalid_then_pose_ordinal_ascending;whole_failure_zero
Philips39	full	rDock-26.05-alpha	10	39	21	0.5384615384615384	53.84615384615385	4	160	valid_score_ascending_then_invalid_then_pose_ordinal_ascending;whole_failure_zero
Philips39	full	PLANTS-CHEMPLP-1.2	1	39	12	0.3076923076923077	30.76923076923077	6	240	valid_score_ascending_then_invalid_then_pose_ordinal_ascending;whole_failure_zero
Philips39	full	PLANTS-CHEMPLP-1.2	2	39	17	0.4358974358974359	43.58974358974359	6	240	valid_score_ascending_then_invalid_then_pose_ordinal_ascending;whole_failure_zero
Philips39	full	PLANTS-CHEMPLP-1.2	3	39	20	0.5128205128205128	51.282051282051285	6	240	valid_score_ascending_then_invalid_then_pose_ordinal_ascending;whole_failure_zero
Philips39	full	PLANTS-CHEMPLP-1.2	4	39	21	0.5384615384615384	53.84615384615385	6	240	valid_score_ascending_then_invalid_then_pose_ordinal_ascending;whole_failure_zero
Philips39	full	PLANTS-CHEMPLP-1.2	5	39	21	0.5384615384615384	53.84615384615385	6	240	valid_score_ascending_then_invalid_then_pose_ordinal_ascending;whole_failure_zero
Philips39	full	PLANTS-CHEMPLP-1.2	6	39	22	0.5641025641025641	56.41025641025641	6	240	valid_score_ascending_then_invalid_then_pose_ordinal_ascending;whole_failure_zero
Philips39	full	PLANTS-CHEMPLP-1.2	7	39	22	0.5641025641025641	56.41025641025641	6	240	valid_score_ascending_then_invalid_then_pose_ordinal_ascending;whole_failure_zero
Philips39	full	PLANTS-CHEMPLP-1.2	8	39	22	0.5641025641025641	56.41025641025641	6	240	valid_score_ascending_then_invalid_then_pose_ordinal_ascending;whole_failure_zero
Philips39	full	PLANTS-CHEMPLP-1.2	9	39	22	0.5641025641025641	56.41025641025641	6	240	valid_score_ascending_then_invalid_then_pose_ordinal_ascending;whole_failure_zero
Philips39	full	PLANTS-CHEMPLP-1.2	10	39	22	0.5641025641025641	56.41025641025641	6	240	valid_score_ascending_then_invalid_then_pose_ordinal_ascending;whole_failure_zero
Philips39	rankable_lt2	SurfNA-scorer0	1	23	17	0.7391304347826086	73.91304347826087	0	0	valid_score_ascending_then_invalid_then_pose_ordinal_ascending;whole_failure_zero
Philips39	rankable_lt2	SurfNA-scorer0	2	23	20	0.8695652173913043	86.95652173913044	0	0	valid_score_ascending_then_invalid_then_pose_ordinal_ascending;whole_failure_zero
Philips39	rankable_lt2	SurfNA-scorer0	3	23	20	0.8695652173913043	86.95652173913044	0	0	valid_score_ascending_then_invalid_then_pose_ordinal_ascending;whole_failure_zero
Philips39	rankable_lt2	SurfNA-scorer0	4	23	20	0.8695652173913043	86.95652173913044	0	0	valid_score_ascending_then_invalid_then_pose_ordinal_ascending;whole_failure_zero
Philips39	rankable_lt2	SurfNA-scorer0	5	23	20	0.8695652173913043	86.95652173913044	0	0	valid_score_ascending_then_invalid_then_pose_ordinal_ascending;whole_failure_zero
Philips39	rankable_lt2	SurfNA-scorer0	6	23	20	0.8695652173913043	86.95652173913044	0	0	valid_score_ascending_then_invalid_then_pose_ordinal_ascending;whole_failure_zero
Philips39	rankable_lt2	SurfNA-scorer0	7	23	21	0.9130434782608695	91.30434782608695	0	0	valid_score_ascending_then_invalid_then_pose_ordinal_ascending;whole_failure_zero
Philips39	rankable_lt2	SurfNA-scorer0	8	23	21	0.9130434782608695	91.30434782608695	0	0	valid_score_ascending_then_invalid_then_pose_ordinal_ascending;whole_failure_zero
Philips39	rankable_lt2	SurfNA-scorer0	9	23	21	0.9130434782608695	91.30434782608695	0	0	valid_score_ascending_then_invalid_then_pose_ordinal_ascending;whole_failure_zero
Philips39	rankable_lt2	SurfNA-scorer0	10	23	22	0.9565217391304348	95.65217391304348	0	0	valid_score_ascending_then_invalid_then_pose_ordinal_ascending;whole_failure_zero
Philips39	rankable_lt2	AutoDock-Vina-1.2.7	1	23	12	0.5217391304347826	52.17391304347826	1	40	valid_score_ascending_then_invalid_then_pose_ordinal_ascending;whole_failure_zero
Philips39	rankable_lt2	AutoDock-Vina-1.2.7	2	23	15	0.6521739130434783	65.21739130434783	1	40	valid_score_ascending_then_invalid_then_pose_ordinal_ascending;whole_failure_zero
Philips39	rankable_lt2	AutoDock-Vina-1.2.7	3	23	18	0.782608695652174	78.26086956521739	1	40	valid_score_ascending_then_invalid_then_pose_ordinal_ascending;whole_failure_zero
Philips39	rankable_lt2	AutoDock-Vina-1.2.7	4	23	18	0.782608695652174	78.26086956521739	1	40	valid_score_ascending_then_invalid_then_pose_ordinal_ascending;whole_failure_zero
Philips39	rankable_lt2	AutoDock-Vina-1.2.7	5	23	19	0.8260869565217391	82.6086956521739	1	40	valid_score_ascending_then_invalid_then_pose_ordinal_ascending;whole_failure_zero
Philips39	rankable_lt2	AutoDock-Vina-1.2.7	6	23	20	0.8695652173913043	86.95652173913044	1	40	valid_score_ascending_then_invalid_then_pose_ordinal_ascending;whole_failure_zero
Philips39	rankable_lt2	AutoDock-Vina-1.2.7	7	23	21	0.9130434782608695	91.30434782608695	1	40	valid_score_ascending_then_invalid_then_pose_ordinal_ascending;whole_failure_zero
Philips39	rankable_lt2	AutoDock-Vina-1.2.7	8	23	22	0.9565217391304348	95.65217391304348	1	40	valid_score_ascending_then_invalid_then_pose_ordinal_ascending;whole_failure_zero
Philips39	rankable_lt2	AutoDock-Vina-1.2.7	9	23	22	0.9565217391304348	95.65217391304348	1	40	valid_score_ascending_then_invalid_then_pose_ordinal_ascending;whole_failure_zero
Philips39	rankable_lt2	AutoDock-Vina-1.2.7	10	23	22	0.9565217391304348	95.65217391304348	1	40	valid_score_ascending_then_invalid_then_pose_ordinal_ascending;whole_failure_zero
Philips39	rankable_lt2	rDock-26.05-alpha	1	23	9	0.391304347826087	39.130434782608695	1	40	valid_score_ascending_then_invalid_then_pose_ordinal_ascending;whole_failure_zero
Philips39	rankable_lt2	rDock-26.05-alpha	2	23	14	0.6086956521739131	60.869565217391305	1	40	valid_score_ascending_then_invalid_then_pose_ordinal_ascending;whole_failure_zero
Philips39	rankable_lt2	rDock-26.05-alpha	3	23	15	0.6521739130434783	65.21739130434783	1	40	valid_score_ascending_then_invalid_then_pose_ordinal_ascending;whole_failure_zero
Philips39	rankable_lt2	rDock-26.05-alpha	4	23	17	0.7391304347826086	73.91304347826087	1	40	valid_score_ascending_then_invalid_then_pose_ordinal_ascending;whole_failure_zero
Philips39	rankable_lt2	rDock-26.05-alpha	5	23	17	0.7391304347826086	73.91304347826087	1	40	valid_score_ascending_then_invalid_then_pose_ordinal_ascending;whole_failure_zero
Philips39	rankable_lt2	rDock-26.05-alpha	6	23	18	0.782608695652174	78.26086956521739	1	40	valid_score_ascending_then_invalid_then_pose_ordinal_ascending;whole_failure_zero
Philips39	rankable_lt2	rDock-26.05-alpha	7	23	18	0.782608695652174	78.26086956521739	1	40	valid_score_ascending_then_invalid_then_pose_ordinal_ascending;whole_failure_zero
Philips39	rankable_lt2	rDock-26.05-alpha	8	23	19	0.8260869565217391	82.6086956521739	1	40	valid_score_ascending_then_invalid_then_pose_ordinal_ascending;whole_failure_zero
Philips39	rankable_lt2	rDock-26.05-alpha	9	23	20	0.8695652173913043	86.95652173913044	1	40	valid_score_ascending_then_invalid_then_pose_ordinal_ascending;whole_failure_zero
Philips39	rankable_lt2	rDock-26.05-alpha	10	23	21	0.9130434782608695	91.30434782608695	1	40	valid_score_ascending_then_invalid_then_pose_ordinal_ascending;whole_failure_zero
Philips39	rankable_lt2	PLANTS-CHEMPLP-1.2	1	23	12	0.5217391304347826	52.17391304347826	1	40	valid_score_ascending_then_invalid_then_pose_ordinal_ascending;whole_failure_zero
Philips39	rankable_lt2	PLANTS-CHEMPLP-1.2	2	23	17	0.7391304347826086	73.91304347826087	1	40	valid_score_ascending_then_invalid_then_pose_ordinal_ascending;whole_failure_zero
Philips39	rankable_lt2	PLANTS-CHEMPLP-1.2	3	23	20	0.8695652173913043	86.95652173913044	1	40	valid_score_ascending_then_invalid_then_pose_ordinal_ascending;whole_failure_zero
Philips39	rankable_lt2	PLANTS-CHEMPLP-1.2	4	23	21	0.9130434782608695	91.30434782608695	1	40	valid_score_ascending_then_invalid_then_pose_ordinal_ascending;whole_failure_zero
Philips39	rankable_lt2	PLANTS-CHEMPLP-1.2	5	23	21	0.9130434782608695	91.30434782608695	1	40	valid_score_ascending_then_invalid_then_pose_ordinal_ascending;whole_failure_zero
Philips39	rankable_lt2	PLANTS-CHEMPLP-1.2	6	23	22	0.9565217391304348	95.65217391304348	1	40	valid_score_ascending_then_invalid_then_pose_ordinal_ascending;whole_failure_zero
Philips39	rankable_lt2	PLANTS-CHEMPLP-1.2	7	23	22	0.9565217391304348	95.65217391304348	1	40	valid_score_ascending_then_invalid_then_pose_ordinal_ascending;whole_failure_zero
Philips39	rankable_lt2	PLANTS-CHEMPLP-1.2	8	23	22	0.9565217391304348	95.65217391304348	1	40	valid_score_ascending_then_invalid_then_pose_ordinal_ascending;whole_failure_zero
Philips39	rankable_lt2	PLANTS-CHEMPLP-1.2	9	23	22	0.9565217391304348	95.65217391304348	1	40	valid_score_ascending_then_invalid_then_pose_ordinal_ascending;whole_failure_zero
Philips39	rankable_lt2	PLANTS-CHEMPLP-1.2	10	23	22	0.9565217391304348	95.65217391304348	1	40	valid_score_ascending_then_invalid_then_pose_ordinal_ascending;whole_failure_zero
