benchmark_set	population	metric	top_n	n_complexes	total_pose_slots	near_native_pose_count	mean_near_native_poses_per_complex	rankable_complex_count	permutations	permutation_seed	estimate	estimate_pct	mean_success_count	randomization_p025	randomization_p975	analytic_expectation	mc_minus_analytic
All128	full	topn_success_rate	1	128	5120	969	7.5703125	92	10000	20260906	0.18905625	18.905625	24.1992	0.1328125	0.25	0.1892578125	-0.0002015625000000021
All128	full	topn_success_rate	2	128	5120	969	7.5703125	92	10000	20260906	0.30270859375	30.270859374999997	38.7467	0.2421875	0.3671875	0.30261418269230766	9.441105769231184e-05
All128	full	topn_success_rate	3	128	5120	969	7.5703125	92	10000	20260906	0.37866875	37.866875	48.4696	0.3203125	0.4375	0.3786350265688259	3.372343117408194e-05
All128	full	topn_success_rate	4	128	5120	969	7.5703125	92	10000	20260906	0.433771875	43.3771875	55.5228	0.375	0.4921875	0.43365606877120033	0.00011580622879964197
All128	full	topn_success_rate	5	128	5120	969	7.5703125	92	10000	20260906	0.4756859375	47.56859375	60.8878	0.421875	0.53125	0.47550356293160567	0.00018237456839431676
All128	full	topn_success_rate	6	128	5120	969	7.5703125	92	10000	20260906	0.5086484375	50.86484375	65.107	0.453125	0.5625	0.5084227366916512	0.00022570080834882766
All128	full	topn_success_rate	7	128	5120	969	7.5703125	92	10000	20260906	0.53499140625	53.499140624999995	68.4789	0.484375	0.5859375	0.534963695238463	2.7711011536979413e-05
All128	full	topn_success_rate	8	128	5120	969	7.5703125	92	10000	20260906	0.556953125	55.69531250000001	71.29	0.5078125	0.6015625	0.5567765355013807	0.00017658949861931728
All128	full	topn_success_rate	9	128	5120	969	7.5703125	92	10000	20260906	0.57499921875	57.499921875000005	73.5999	0.5234375	0.625	0.5749867817809962	1.2436969003881693e-05
All128	full	topn_success_rate	10	128	5120	969	7.5703125	92	10000	20260906	0.59028671875	59.02867187500001	75.5567	0.546875	0.6328125	0.5903924386041189	-0.00010571985411889084
All128	full	mrr_first_lt2		128	5120	969	7.5703125	92	10000	20260906	0.3163625127688327			0.27363226607224667	0.3598931524971806	0.3164260355385749	-6.352276974219695e-05
All128	full	ndcg_at_10		128	5120	969	7.5703125	92	10000	20260906	0.4939713987438873			0.47347465196234023	0.5147641894792785	0.49411150227083833	-0.0001401035269510409
All128	rankable_lt2	topn_success_rate	1	92	3680	969	10.532608695652174	92	10000	20260906	0.26303478260869567	26.303478260869568	24.1992	0.18478260869565216	0.34782608695652173	0.26331521739130437	-0.00028043478260869614
All128	rankable_lt2	topn_success_rate	2	92	3680	969	10.532608695652174	92	10000	20260906	0.4211597826086957	42.11597826086957	38.746700000000004	0.33695652173913043	0.5108695652173914	0.42102842809364543	0.00013135451505025264
All128	rankable_lt2	topn_success_rate	3	92	3680	969	10.532608695652174	92	10000	20260906	0.5268434782608696	52.68434782608696	48.46960000000001	0.44565217391304346	0.6086956521739131	0.5267965587044534	4.691955641622503e-05
All128	rankable_lt2	topn_success_rate	4	92	3680	969	10.532608695652174	92	10000	20260906	0.6035086956521739	60.350869565217394	55.5228	0.5217391304347826	0.6847826086956522	0.6033475739425396	0.00016112170963433758
All128	rankable_lt2	topn_success_rate	5	92	3680	969	10.532608695652174	92	10000	20260906	0.6618239130434783	66.18239130434783	60.887800000000006	0.5869565217391305	0.7391304347826086	0.6615701745135383	0.00025373852994003965
All128	rankable_lt2	topn_success_rate	6	92	3680	969	10.532608695652174	92	10000	20260906	0.7076847826086956	70.76847826086956	65.107	0.6304347826086957	0.782608695652174	0.707370764092732	0.00031401851596357666
All128	rankable_lt2	topn_success_rate	7	92	3680	969	10.532608695652174	92	10000	20260906	0.7443358695652174	74.43358695652174	68.4789	0.6739130434782609	0.8152173913043478	0.7442973151143832	3.855445083411624e-05
All128	rankable_lt2	topn_success_rate	8	92	3680	969	10.532608695652174	92	10000	20260906	0.774891304347826	77.48913043478261	71.28999999999999	0.7065217391304348	0.8369565217391305	0.7746456146106167	0.000245689737209398
All128	rankable_lt2	topn_success_rate	9	92	3680	969	10.532608695652174	92	10000	20260906	0.7999989130434783	79.99989130434783	73.5999	0.7282608695652174	0.8695652173913043	0.7999816094344294	1.7303609048835433e-05
All128	rankable_lt2	topn_success_rate	10	92	3680	969	10.532608695652174	92	10000	20260906	0.8212684782608696	82.12684782608696	75.5567	0.7608695652173914	0.8804347826086957	0.8214155667535568	-0.00014708849268718627
All128	rankable_lt2	mrr_first_lt2		92	3680	969	10.532608695652174	92	10000	20260906	0.44015653950446293			0.38070576149182145	0.5007209078221643	0.4402449190101912	-8.837950572826436e-05
All128	rankable_lt2	ndcg_at_10		92	3680	969	10.532608695652174	92	10000	20260906	0.49438212519788904			0.4710779364388728	0.5176576222735471	0.4944759102610793	-9.378506319024371e-05
Yan72	full	topn_success_rate	1	72	2880	586	8.13888888888889	54	10000	20260906	0.20369305555555556	20.369305555555556	14.6659	0.125	0.2777777777777778	0.20347222222222222	0.00022083333333333677
Yan72	full	topn_success_rate	2	72	2880	586	8.13888888888889	54	10000	20260906	0.3244388888888889	32.443888888888885	23.3596	0.2361111111111111	0.4027777777777778	0.324002849002849	0.0004360398860399073
Yan72	full	topn_success_rate	3	72	2880	586	8.13888888888889	54	10000	20260906	0.40316805555555557	40.316805555555554	29.028100000000002	0.3194444444444444	0.4861111111111111	0.40318544759334235	-1.739203778677867e-05
Yan72	full	topn_success_rate	4	72	2880	586	8.13888888888889	54	10000	20260906	0.4592333333333333	45.92333333333333	33.0648	0.375	0.5416666666666666	0.45925368688526585	-2.035355193252819e-05
Yan72	full	topn_success_rate	5	72	2880	586	8.13888888888889	54	10000	20260906	0.5012486111111112	50.124861111111116	36.08990000000001	0.4305555555555556	0.5694444444444444	0.5011034778030392	0.00014513330807197633
Yan72	full	topn_success_rate	6	72	2880	586	8.13888888888889	54	10000	20260906	0.5335833333333333	53.35833333333333	38.418	0.4583333333333333	0.5972222222222222	0.5335573680968417	2.5965236491565236e-05
Yan72	full	topn_success_rate	7	72	2880	586	8.13888888888889	54	10000	20260906	0.5594652777777778	55.946527777777774	40.2815	0.4861111111111111	0.625	0.5594712642506761	-5.986472898289463e-06
Yan72	full	topn_success_rate	8	72	2880	586	8.13888888888889	54	10000	20260906	0.5808569444444445	58.08569444444445	41.8217	0.5138888888888888	0.6388888888888888	0.5806544302932332	0.00020251415121130822
Yan72	full	topn_success_rate	9	72	2880	586	8.13888888888889	54	10000	20260906	0.5983430555555556	59.83430555555556	43.0807	0.5277777777777778	0.6527777777777778	0.5983119472622181	3.110829333741183e-05
Yan72	full	topn_success_rate	10	72	2880	586	8.13888888888889	54	10000	20260906	0.6130166666666667	61.30166666666666	44.1372	0.5555555555555556	0.6666666666666666	0.6132775488901587	-0.000260882223492076
Yan72	full	mrr_first_lt2		72	2880	586	8.13888888888889	54	10000	20260906	0.335675961677848			0.2780842454380009	0.3957256763566188	0.33548783527915343	0.00018812639869458803
Yan72	full	ndcg_at_10		72	2880	586	8.13888888888889	54	10000	20260906	0.5146885948798153			0.48871356383039305	0.5416371254208635	0.5148180360715506	-0.00012944119173530222
Yan72	rankable_lt2	topn_success_rate	1	54	2160	586	10.851851851851851	54	10000	20260906	0.27159074074074074	27.159074074074073	14.6659	0.16666666666666666	0.37037037037037035	0.2712962962962963	0.0002944444444444305
Yan72	rankable_lt2	topn_success_rate	2	54	2160	586	10.851851851851851	54	10000	20260906	0.43258518518518524	43.25851851851852	23.359600000000004	0.3148148148148148	0.5370370370370371	0.4320037986704653	0.0005813865147199504
Yan72	rankable_lt2	topn_success_rate	3	54	2160	586	10.851851851851851	54	10000	20260906	0.5375574074074074	53.75574074074074	29.028100000000002	0.42592592592592593	0.6481481481481481	0.5375805967911231	-2.3189383715704892e-05
Yan72	rankable_lt2	topn_success_rate	4	54	2160	586	10.851851851851851	54	10000	20260906	0.6123111111111111	61.23111111111111	33.0648	0.5	0.7222222222222222	0.6123382491803545	-2.713806924337092e-05
Yan72	rankable_lt2	topn_success_rate	5	54	2160	586	10.851851851851851	54	10000	20260906	0.6683314814814815	66.83314814814814	36.0899	0.5740740740740741	0.7592592592592593	0.6681379704040523	0.00019351107742915374
Yan72	rankable_lt2	topn_success_rate	6	54	2160	586	10.851851851851851	54	10000	20260906	0.7114444444444444	71.14444444444445	38.418	0.6111111111111112	0.7962962962962963	0.7114098241291223	3.462031532208698e-05
Yan72	rankable_lt2	topn_success_rate	7	54	2160	586	10.851851851851851	54	10000	20260906	0.7459537037037037	74.59537037037038	40.2815	0.6481481481481481	0.8333333333333334	0.745961685667568	-7.981963864311936e-06
Yan72	rankable_lt2	topn_success_rate	8	54	2160	586	10.851851851851851	54	10000	20260906	0.774475925925926	77.4475925925926	41.8217	0.6851851851851852	0.8518518518518519	0.7742059070576442	0.0002700188682817073
Yan72	rankable_lt2	topn_success_rate	9	54	2160	586	10.851851851851851	54	10000	20260906	0.7977907407407407	79.77907407407407	43.0807	0.7037037037037037	0.8703703703703703	0.7977492630162908	4.1477724449956455e-05
Yan72	rankable_lt2	topn_success_rate	10	54	2160	586	10.851851851851851	54	10000	20260906	0.8173555555555556	81.73555555555556	44.1372	0.7407407407407407	0.8888888888888888	0.8177033985202117	-0.00034784296465606435
Yan72	rankable_lt2	mrr_first_lt2		54	2160	586	10.851851851851851	54	10000	20260906	0.4475679489037973			0.37077899391733454	0.5276342351421585	0.4473171137055379	0.0002508351982594137
Yan72	rankable_lt2	ndcg_at_10		54	2160	586	10.851851851851851	54	10000	20260906	0.5150878504155632			0.48563192838668723	0.545318323414749	0.5152104693666405	-0.00012261895107734677
Ruiz52	full	topn_success_rate	1	52	2080	298	5.730769230769231	32	10000	20260906	0.14213653846153845	14.213653846153845	7.3911	0.07692307692307693	0.23076923076923078	0.14326923076923076	-0.0011326923076923068
Ruiz52	full	topn_success_rate	2	52	2080	298	5.730769230769231	32	10000	20260906	0.2263769230769231	22.63769230769231	11.771600000000001	0.15384615384615385	0.3076923076923077	0.2272682445759369	-0.000891321499013803
Ruiz52	full	topn_success_rate	3	52	2080	298	5.730769230769231	32	10000	20260906	0.2846403846153846	28.46403846153846	14.8013	0.19230769230769232	0.36538461538461536	0.28496963562753036	-0.00032925101214575925
Ruiz52	full	topn_success_rate	4	52	2080	298	5.730769230769231	32	10000	20260906	0.3285	32.85	17.082	0.25	0.4230769230769231	0.328716321428872	-0.00021632142887201278
Ruiz52	full	topn_success_rate	5	52	2080	298	5.730769230769231	32	10000	20260906	0.36381153846153846	36.38115384615384	18.9182	0.28846153846153844	0.4423076923076923	0.3637561865041622	5.535195737627063e-05
Ruiz52	full	topn_success_rate	6	52	2080	298	5.730769230769231	32	10000	20260906	0.393125	39.3125	20.4425	0.3076923076923077	0.4807692307692308	0.39271203456426124	0.00041296543573876576
Ruiz52	full	topn_success_rate	7	52	2080	298	5.730769230769231	32	10000	20260906	0.4170326923076923	41.70326923076923	21.6857	0.3269230769230769	0.5	0.417111740956704	-7.904864901170372e-05
Ruiz52	full	topn_success_rate	8	52	2080	298	5.730769230769231	32	10000	20260906	0.4380211538461538	43.802115384615384	22.777099999999997	0.36538461538461536	0.5192307692307693	0.4379545369900216	6.661685613218449e-05
Ruiz52	full	topn_success_rate	9	52	2080	298	5.730769230769231	32	10000	20260906	0.4559423076923077	45.59423076923077	23.709	0.38461538461538464	0.5384615384615384	0.45594639854322216	-4.090850914462152e-06
Ruiz52	full	topn_success_rate	10	52	2080	298	5.730769230769231	32	10000	20260906	0.47156538461538466	47.15653846153847	24.521400000000003	0.40384615384615385	0.5384615384615384	0.47161173103757836	-4.634642219369933e-05
Ruiz52	full	mrr_first_lt2		52	2080	298	5.730769230769231	32	10000	20260906	0.24444078449705534			0.18707679570585078	0.30819108279965335	0.2451796457289187	-0.0007388612318633692
Ruiz52	full	ndcg_at_10		52	2080	298	5.730769230769231	32	10000	20260906	0.4334900612686054			0.4004955530415584	0.4685194069648367	0.43374727531171586	-0.00025721404311046525
Ruiz52	rankable_lt2	topn_success_rate	1	32	1280	298	9.3125	32	10000	20260906	0.230971875	23.0971875	7.3911	0.125	0.375	0.2328125	-0.0018406250000000124
Ruiz52	rankable_lt2	topn_success_rate	2	32	1280	298	9.3125	32	10000	20260906	0.3678625	36.786249999999995	11.7716	0.25	0.5	0.36931089743589746	-0.001448397435897475
Ruiz52	rankable_lt2	topn_success_rate	3	32	1280	298	9.3125	32	10000	20260906	0.462540625	46.254062499999996	14.8013	0.3125	0.59375	0.46307565789473687	-0.0005350328947368865
Ruiz52	rankable_lt2	topn_success_rate	4	32	1280	298	9.3125	32	10000	20260906	0.5338125	53.38125	17.082	0.40625	0.6875	0.5341640223219171	-0.0003515223219170416
Ruiz52	rankable_lt2	topn_success_rate	5	32	1280	298	9.3125	32	10000	20260906	0.59119375	59.119375	18.9182	0.46875	0.71875	0.5911038030692636	8.994693073638427e-05
Ruiz52	rankable_lt2	topn_success_rate	6	32	1280	298	9.3125	32	10000	20260906	0.638828125	63.8828125	20.4425	0.5	0.78125	0.6381570561669245	0.0006710688330754389
Ruiz52	rankable_lt2	topn_success_rate	7	32	1280	298	9.3125	32	10000	20260906	0.677678125	67.7678125	21.6857	0.53125	0.8125	0.677806579054644	-0.0001284540546440116
Ruiz52	rankable_lt2	topn_success_rate	8	32	1280	298	9.3125	32	10000	20260906	0.711784375	71.1784375	22.7771	0.59375	0.84375	0.7116761226087851	0.00010825239121492469
Ruiz52	rankable_lt2	topn_success_rate	9	32	1280	298	9.3125	32	10000	20260906	0.74090625	74.090625	23.709	0.625	0.875	0.740912897632736	-6.647632736056508e-06
Ruiz52	rankable_lt2	topn_success_rate	10	32	1280	298	9.3125	32	10000	20260906	0.76629375	76.629375	24.5214	0.65625	0.875	0.7663690629360649	-7.531293606488632e-05
Ruiz52	rankable_lt2	mrr_first_lt2		32	1280	298	9.3125	32	10000	20260906	0.3972162748077149			0.30399979302200747	0.5008105095494366	0.3984169243094929	-0.0012006495017780061
Ruiz52	rankable_lt2	ndcg_at_10		32	1280	298	9.3125	32	10000	20260906	0.45145124088042676			0.4112592833854747	0.4931300720157629	0.45170430032996706	-0.0002530594495402938
Chen52	full	topn_success_rate	1	52	2080	390	7.5	38	10000	20260906	0.1867403846153846	18.674038461538462	9.7105	0.09615384615384616	0.28846153846153844	0.1875	-0.0007596153846153864
Chen52	full	topn_success_rate	2	52	2080	390	7.5	38	10000	20260906	0.30460384615384617	30.460384615384616	15.839400000000001	0.21153846153846154	0.40384615384615385	0.3049063116370809	-0.000302465483234704
Chen52	full	topn_success_rate	3	52	2080	390	7.5	38	10000	20260906	0.38535384615384616	38.535384615384615	20.0384	0.28846153846153844	0.4807692307692308	0.38493265337900967	0.0004211927748364874
Chen52	full	topn_success_rate	4	52	2080	390	7.5	38	10000	20260906	0.44308846153846154	44.308846153846154	23.0406	0.34615384615384615	0.5384615384615384	0.4427742052235979	0.0003142563148636479
Chen52	full	topn_success_rate	5	52	2080	390	7.5	38	10000	20260906	0.486526923076923	48.652692307692305	25.2994	0.40384615384615385	0.5769230769230769	0.4863735290101687	0.00015339406675429768
Chen52	full	topn_success_rate	6	52	2080	390	7.5	38	10000	20260906	0.5207711538461538	52.07711538461538	27.080099999999998	0.4423076923076923	0.5961538461538461	0.520305676834017	0.000465477012136839
Chen52	full	topn_success_rate	7	52	2080	390	7.5	38	10000	20260906	0.5476653846153846	54.76653846153846	28.4786	0.46153846153846156	0.6346153846153846	0.5473977330922437	0.00026765152314089935
Chen52	full	topn_success_rate	8	52	2080	390	7.5	38	10000	20260906	0.5697807692307693	56.97807692307693	29.628600000000002	0.5	0.6538461538461539	0.5694860807744828	0.00029468845628644047
Chen52	full	topn_success_rate	9	52	2080	390	7.5	38	10000	20260906	0.5878403846153846	58.78403846153846	30.5677	0.5192307692307693	0.6538461538461539	0.5878098891085615	3.0495506823102758e-05
Chen52	full	topn_success_rate	10	52	2080	390	7.5	38	10000	20260906	0.6033153846153846	60.33153846153846	31.3724	0.5384615384615384	0.6730769230769231	0.6032325820186938	8.280259669080081e-05
Chen52	full	mrr_first_lt2		52	2080	390	7.5	38	10000	20260906	0.3189416758676369			0.25247322726834703	0.3903608159073119	0.3192939904804868	-0.0003523146128499022
Chen52	full	ndcg_at_10		52	2080	390	7.5	38	10000	20260906	0.46303492769292653			0.42991346958517224	0.49721681257256395	0.46334751081955994	-0.0003125831266334034
Chen52	rankable_lt2	topn_success_rate	1	38	1520	390	10.263157894736842	38	10000	20260906	0.2555394736842105	25.55394736842105	9.710499999999998	0.13157894736842105	0.39473684210526316	0.2565789473684211	-0.00103947368421059
Chen52	rankable_lt2	topn_success_rate	2	38	1520	390	10.263157894736842	38	10000	20260906	0.41682631578947366	41.682631578947365	15.8394	0.2894736842105263	0.5526315789473685	0.41724021592442645	-0.00041390013495279376
Chen52	rankable_lt2	topn_success_rate	3	38	1520	390	10.263157894736842	38	10000	20260906	0.5273263157894736	52.73263157894736	20.0384	0.39473684210526316	0.6578947368421053	0.5267499467291712	0.0005763690603024507
Chen52	rankable_lt2	topn_success_rate	4	38	1520	390	10.263157894736842	38	10000	20260906	0.6063315789473684	60.63315789473685	23.0406	0.47368421052631576	0.7368421052631579	0.6059015439901866	0.00043003495718185736
Chen52	rankable_lt2	topn_success_rate	5	38	1520	390	10.263157894736842	38	10000	20260906	0.6657736842105263	66.57736842105263	25.2994	0.5526315789473685	0.7894736842105263	0.6655637765402309	0.00020990767029538393
Chen52	rankable_lt2	topn_success_rate	6	38	1520	390	10.263157894736842	38	10000	20260906	0.7126342105263157	71.26342105263157	27.080099999999998	0.6052631578947368	0.8157894736842105	0.7119972419833915	0.0006369685429241656
Chen52	rankable_lt2	topn_success_rate	7	38	1520	390	10.263157894736842	38	10000	20260906	0.7494368421052632	74.94368421052631	28.4786	0.631578947368421	0.868421052631579	0.7490705821262281	0.00036625997903505514
Chen52	rankable_lt2	topn_success_rate	8	38	1520	390	10.263157894736842	38	10000	20260906	0.7797	77.97	29.6286	0.6842105263157895	0.8947368421052632	0.7792967421124501	0.00040325788754980163
Chen52	rankable_lt2	topn_success_rate	9	38	1520	390	10.263157894736842	38	10000	20260906	0.8044131578947369	80.44131578947369	30.567700000000002	0.7105263157894737	0.8947368421052632	0.8043714272011894	4.17306935475148e-05
Chen52	rankable_lt2	topn_success_rate	10	38	1520	390	10.263157894736842	38	10000	20260906	0.8255894736842105	82.55894736842106	31.3724	0.7368421052631579	0.9210526315789473	0.8254761648676862	0.0001133088165243823
Chen52	rankable_lt2	mrr_first_lt2		38	1520	390	10.263157894736842	38	10000	20260906	0.43644650381887157			0.34548967941984327	0.5341779586100058	0.43692861855224513	-0.00048211473337356203
Chen52	rankable_lt2	ndcg_at_10		38	1520	390	10.263157894736842	38	10000	20260906	0.46374669135141494			0.4265796657783038	0.5016477411903546	0.46406296226496285	-0.00031627091354791137
Philips39	full	topn_success_rate	1	39	1560	263	6.743589743589744	23	10000	20260906	0.16731538461538462	16.731538461538463	6.5253	0.07692307692307693	0.2564102564102564	0.1685897435897436	-0.0012743589743589856
Philips39	full	topn_success_rate	2	39	1560	263	6.743589743589744	23	10000	20260906	0.2574358974358974	25.74358974358974	10.04	0.1794871794871795	0.358974358974359	0.25775805391190004	-0.0003221564760026441
Philips39	full	topn_success_rate	3	39	1560	263	6.743589743589744	23	10000	20260906	0.3150948717948718	31.509487179487177	12.288699999999999	0.23076923076923078	0.41025641025641024	0.31502647150420426	6.840029066751407e-05
Philips39	full	topn_success_rate	4	39	1560	263	6.743589743589744	23	10000	20260906	0.3573025641025641	35.73025641025641	13.934800000000001	0.2564102564102564	0.46153846153846156	0.3570892287491478	0.00021333535341633292
Philips39	full	topn_success_rate	5	39	1560	263	6.743589743589744	23	10000	20260906	0.3905	39.050000000000004	15.2295	0.3076923076923077	0.48717948717948717	0.39034662971909934	0.0001533702809006776
Philips39	full	topn_success_rate	6	39	1560	263	6.743589743589744	23	10000	20260906	0.41806923076923075	41.80692307692308	16.3047	0.3333333333333333	0.5128205128205128	0.4176454048923684	0.0004238258768623493
Philips39	full	topn_success_rate	7	39	1560	263	6.743589743589744	23	10000	20260906	0.4409282051282052	44.092820512820516	17.1962	0.358974358974359	0.5128205128205128	0.4405049387783372	0.00042326634986800116
Philips39	full	topn_success_rate	8	39	1560	263	6.743589743589744	23	10000	20260906	0.46032307692307695	46.0323076923077	17.9526	0.38461538461538464	0.5384615384615384	0.4598785426601573	0.00044453426291962694
Philips39	full	topn_success_rate	9	39	1560	263	6.743589743589744	23	10000	20260906	0.47667692307692305	47.667692307692306	18.5904	0.38461538461538464	0.5641025641025641	0.4764342321052252	0.00024269097169787868
Philips39	full	topn_success_rate	10	39	1560	263	6.743589743589744	23	10000	20260906	0.4907846153846153	49.07846153846153	19.1406	0.41025641025641024	0.5641025641025641	0.4906717467177331	0.00011286866688220432
Philips39	full	mrr_first_lt2		39	1560	263	6.743589743589744	23	10000	20260906	0.2685323012031367			0.2025599546774296	0.3393918768197614	0.2691675706459526	-0.0006352694428158889
Philips39	full	ndcg_at_10		39	1560	263	6.743589743589744	23	10000	20260906	0.44750122678353155			0.40790790812079225	0.4882948189372023	0.4480136998068504	-0.0005124730233188601
Philips39	rankable_lt2	topn_success_rate	1	23	920	263	11.434782608695652	23	10000	20260906	0.2837086956521739	28.370869565217387	6.5253	0.13043478260869565	0.43478260869565216	0.2858695652173913	-0.002160869565217438
Philips39	rankable_lt2	topn_success_rate	2	23	920	263	11.434782608695652	23	10000	20260906	0.4365217391304348	43.65217391304348	10.040000000000001	0.30434782608695654	0.6086956521739131	0.43706800445930877	-0.0005462653288739738
Philips39	rankable_lt2	topn_success_rate	3	23	920	263	11.434782608695652	23	10000	20260906	0.5342913043478261	53.429130434782614	12.2887	0.391304347826087	0.6956521739130435	0.5341753212462594	0.00011598310156668568
Philips39	rankable_lt2	topn_success_rate	4	23	920	263	11.434782608695652	23	10000	20260906	0.6058608695652175	60.58608695652175	13.934800000000001	0.43478260869565216	0.782608695652174	0.6054991270094245	0.0003617425557929099
Philips39	rankable_lt2	topn_success_rate	5	23	920	263	11.434782608695652	23	10000	20260906	0.6621521739130435	66.21521739130435	15.2295	0.5217391304347826	0.8260869565217391	0.6618921112628207	0.0002600626502228254
Philips39	rankable_lt2	topn_success_rate	6	23	920	263	11.434782608695652	23	10000	20260906	0.7089	70.89	16.3047	0.5652173913043478	0.8695652173913043	0.7081813387305378	0.0007186612694621841
Philips39	rankable_lt2	topn_success_rate	7	23	920	263	11.434782608695652	23	10000	20260906	0.7476608695652174	74.76608695652173	17.1962	0.6086956521739131	0.8695652173913043	0.7469431570589196	0.0007177125062978185
Philips39	rankable_lt2	topn_success_rate	8	23	920	263	11.434782608695652	23	10000	20260906	0.7805478260869565	78.05478260869565	17.9526	0.6521739130434783	0.9130434782608695	0.779794050597658	0.0007537754892984472
Philips39	rankable_lt2	topn_success_rate	9	23	920	263	11.434782608695652	23	10000	20260906	0.8082782608695652	80.82782608695652	18.5904	0.6521739130434783	0.9565217391304348	0.8078667413958166	0.00041151947374862274
Philips39	rankable_lt2	topn_success_rate	10	23	920	263	11.434782608695652	23	10000	20260906	0.8322	83.22	19.140600000000003	0.6956521739130435	0.9565217391304348	0.8320086139996343	0.00019138600036572306
Philips39	rankable_lt2	mrr_first_lt2		23	920	263	11.434782608695652	23	10000	20260906	0.45533738030097093			0.34347122749651104	0.5754905737378563	0.4564145763127022	-0.001077196011731285
Philips39	rankable_lt2	ndcg_at_10		23	920	263	11.434782608695652	23	10000	20260906	0.4773588422402632			0.4302232586218013	0.5263155223788074	0.47789505825207934	-0.0005362160118161374
