id	path	availability	sha256	bytes	seed	epoch	config	public_download_url
figure4/transfer_all/seed0/ema025.pt	reproducibility/checkpoints/figure4/transfer_all/seed0/ema025.pt	local_research_archive_not_in_lightweight_release	65c0c9701f70649583855cd62a03e1431af2c68ad95657ea6cb04457d8135123	76370706	0	25	configs/paper/figure4/transfer_all/seed0/parameters.yml	
figure4/transfer_all/seed0/ema050.pt	reproducibility/checkpoints/figure4/transfer_all/seed0/ema050.pt	local_research_archive_not_in_lightweight_release	b8f7d70cc182600876a5f16e3425099151422aead6e0e4ab35bd14d8d966f922	76370706	0	50	configs/paper/figure4/transfer_all/seed0/parameters.yml	
figure4/transfer_all/seed0/ema075.pt	reproducibility/checkpoints/figure4/transfer_all/seed0/ema075.pt	local_research_archive_not_in_lightweight_release	286cf0f8f068f282fb902962454f995439860bf6650075c1041d96a8cf7e786b	76370706	0	75	configs/paper/figure4/transfer_all/seed0/parameters.yml	
figure4/transfer_all/seed0/ema100.pt	reproducibility/checkpoints/figure4/transfer_all/seed0/ema100.pt	local_research_archive_not_in_lightweight_release	86849911b77243cc96f9cc35e0ef08e310367ae0621c4f665a1ad83932f646ae	76370706	0	100	configs/paper/figure4/transfer_all/seed0/parameters.yml	
figure4/transfer_all/seed0/ema125.pt	reproducibility/checkpoints/figure4/transfer_all/seed0/ema125.pt	local_research_archive_not_in_lightweight_release	37ecf2ee7a5ad8ad9ff7202daa0dff92e77f7d6f63b78dc5c1617897e59591bb	76370706	0	125	configs/paper/figure4/transfer_all/seed0/parameters.yml	
figure4/transfer_all/seed0/ema150.pt	reproducibility/checkpoints/figure4/transfer_all/seed0/ema150.pt	local_research_archive_not_in_lightweight_release	f1e8b4ae0eeadb6530995c482379210652ddb9d9b7177b1bd267c358a5f2fd5b	76370706	0	150	configs/paper/figure4/transfer_all/seed0/parameters.yml	
figure4/transfer_all/seed0/ema175.pt	reproducibility/checkpoints/figure4/transfer_all/seed0/ema175.pt	local_research_archive_not_in_lightweight_release	6ededdae9666e536e1d531a64061cb0522bcff1498957b7fa6d92c266c5a520a	76370706	0	175	configs/paper/figure4/transfer_all/seed0/parameters.yml	
figure4/transfer_all/seed0/ema200.pt	reproducibility/checkpoints/figure4/transfer_all/seed0/ema200.pt	local_research_archive_not_in_lightweight_release	6741c45dc4f68d48a8debceb04f5cbeb70519e513f1a75d0c6a21836213a2d85	76370706	0	200	configs/paper/figure4/transfer_all/seed0/parameters.yml	
figure4/transfer_all/seed1/ema025.pt	reproducibility/checkpoints/figure4/transfer_all/seed1/ema025.pt	local_research_archive_not_in_lightweight_release	fea001aeea3593748a36ec166e6e08d7991e33b3ca878f409c65277ec5757033	76370706	1	25	configs/paper/figure4/transfer_all/seed1/parameters.yml	
figure4/transfer_all/seed1/ema050.pt	reproducibility/checkpoints/figure4/transfer_all/seed1/ema050.pt	local_research_archive_not_in_lightweight_release	35e334c446d6668a0d897a6e641a89c135addce10ed9111824cc4769996162d5	76370706	1	50	configs/paper/figure4/transfer_all/seed1/parameters.yml	
figure4/transfer_all/seed1/ema075.pt	reproducibility/checkpoints/figure4/transfer_all/seed1/ema075.pt	local_research_archive_not_in_lightweight_release	36ced139de06b1378c879b1621df05ffab7b6d340d8d7439727015792769a42b	76370706	1	75	configs/paper/figure4/transfer_all/seed1/parameters.yml	
figure4/transfer_all/seed1/ema100.pt	reproducibility/checkpoints/figure4/transfer_all/seed1/ema100.pt	local_research_archive_not_in_lightweight_release	900b175dfe2b2cc3f1c7e7de7c36cf926ddf09a428eb402eb694602e4a373c3c	76370706	1	100	configs/paper/figure4/transfer_all/seed1/parameters.yml	
figure4/transfer_all/seed1/ema125.pt	reproducibility/checkpoints/figure4/transfer_all/seed1/ema125.pt	local_research_archive_not_in_lightweight_release	00d270f4789fe50a1e7013321720ddb79190f38e64b648403c95d5e335bb86cf	76370706	1	125	configs/paper/figure4/transfer_all/seed1/parameters.yml	
figure4/transfer_all/seed1/ema150.pt	reproducibility/checkpoints/figure4/transfer_all/seed1/ema150.pt	local_research_archive_not_in_lightweight_release	8fd1e987e60d35ffb64610d7e4fb03815ff4dde067cb3f0fc70e5d5a32f4384a	76370706	1	150	configs/paper/figure4/transfer_all/seed1/parameters.yml	
figure4/transfer_all/seed1/ema175.pt	reproducibility/checkpoints/figure4/transfer_all/seed1/ema175.pt	local_research_archive_not_in_lightweight_release	f82ada3245effa058aa2edd0a9d970adaf53357b6f9147cc86fe4bcb0b119116	76370706	1	175	configs/paper/figure4/transfer_all/seed1/parameters.yml	
figure4/transfer_all/seed1/ema200.pt	reproducibility/checkpoints/figure4/transfer_all/seed1/ema200.pt	local_research_archive_not_in_lightweight_release	09b4dd5a0a7187f520bc5dc187679d04649136e89ff794b32b7822303c52e1ca	76370706	1	200	configs/paper/figure4/transfer_all/seed1/parameters.yml	
figure4/transfer_all/seed2/ema025.pt	reproducibility/checkpoints/figure4/transfer_all/seed2/ema025.pt	local_research_archive_not_in_lightweight_release	6600b33058bf26d2b65819831f7ce9df8728cdcd8c388485be44a7651dca36a5	76370706	2	25	configs/paper/figure4/transfer_all/seed2/parameters.yml	
figure4/transfer_all/seed2/ema050.pt	reproducibility/checkpoints/figure4/transfer_all/seed2/ema050.pt	local_research_archive_not_in_lightweight_release	c2a40453e42c737aeefb8b5c445315f42993d4a090649b7d0333f1da973869e4	76370706	2	50	configs/paper/figure4/transfer_all/seed2/parameters.yml	
figure4/transfer_all/seed2/ema075.pt	reproducibility/checkpoints/figure4/transfer_all/seed2/ema075.pt	local_research_archive_not_in_lightweight_release	6c7da878b3dbc848484380b63cb6010584c159c2f6c453fdb85b87c73ae08d89	76370706	2	75	configs/paper/figure4/transfer_all/seed2/parameters.yml	
figure4/transfer_all/seed2/ema100.pt	reproducibility/checkpoints/figure4/transfer_all/seed2/ema100.pt	local_research_archive_not_in_lightweight_release	73b6031e3f397c0c442d54d9a6125204f63c94324b6524e922d68972a6253ac9	76370706	2	100	configs/paper/figure4/transfer_all/seed2/parameters.yml	
figure4/transfer_all/seed2/ema125.pt	reproducibility/checkpoints/figure4/transfer_all/seed2/ema125.pt	local_research_archive_not_in_lightweight_release	21a19668b531e3ddc6fbe1a08b32ef85711b283df39da716138322a643c0121b	76370706	2	125	configs/paper/figure4/transfer_all/seed2/parameters.yml	
figure4/transfer_all/seed2/ema150.pt	reproducibility/checkpoints/figure4/transfer_all/seed2/ema150.pt	local_research_archive_not_in_lightweight_release	6b45b64b634037b34ff04473affdf1121992c04a1e06e57a4c0adb3b53b5889a	76370706	2	150	configs/paper/figure4/transfer_all/seed2/parameters.yml	
figure4/transfer_all/seed2/ema175.pt	reproducibility/checkpoints/figure4/transfer_all/seed2/ema175.pt	local_research_archive_not_in_lightweight_release	e48b811f1f547289bfdfa9aa774da8bcd4b9f86199f1e221dd58375e93c12ee0	76370706	2	175	configs/paper/figure4/transfer_all/seed2/parameters.yml	
figure4/transfer_all/seed2/ema200.pt	reproducibility/checkpoints/figure4/transfer_all/seed2/ema200.pt	local_research_archive_not_in_lightweight_release	479bde056fe88d79f0576481557d5ae9ce20ce6ee9bf029fd7d0e556b39c77ca	76370706	2	200	configs/paper/figure4/transfer_all/seed2/parameters.yml	
figure4/transfer_nonsurface/seed0/ema025.pt	reproducibility/checkpoints/figure4/transfer_nonsurface/seed0/ema025.pt	local_research_archive_not_in_lightweight_release	eab94bce863d7e58ea425f66b1c17f1e47fa4be37db3904306bdf673be19d0c0	76370706	0	25	configs/paper/figure4/transfer_nonsurface/seed0/parameters.yml	
figure4/transfer_nonsurface/seed0/ema050.pt	reproducibility/checkpoints/figure4/transfer_nonsurface/seed0/ema050.pt	local_research_archive_not_in_lightweight_release	52b59e5d469277d24db0fe5e2c81d94891c05636a89bc58b942e1665b34fab29	76370706	0	50	configs/paper/figure4/transfer_nonsurface/seed0/parameters.yml	
figure4/transfer_nonsurface/seed0/ema075.pt	reproducibility/checkpoints/figure4/transfer_nonsurface/seed0/ema075.pt	local_research_archive_not_in_lightweight_release	11d919c57e8f4129ab2ca74fc07779999f9297af0079226c56c9f7bae7ce7394	76370706	0	75	configs/paper/figure4/transfer_nonsurface/seed0/parameters.yml	
figure4/transfer_nonsurface/seed0/ema100.pt	reproducibility/checkpoints/figure4/transfer_nonsurface/seed0/ema100.pt	local_research_archive_not_in_lightweight_release	21e203acd4ec1eb5e533b8b8b45ea9aca8ae169d5480a9a9ad0825c23df330d4	76370706	0	100	configs/paper/figure4/transfer_nonsurface/seed0/parameters.yml	
figure4/transfer_nonsurface/seed0/ema125.pt	reproducibility/checkpoints/figure4/transfer_nonsurface/seed0/ema125.pt	local_research_archive_not_in_lightweight_release	01eee686f21fb76c4adc53d7d61d61d38eac85efb9a83fe1952c6ba22558ef39	76370706	0	125	configs/paper/figure4/transfer_nonsurface/seed0/parameters.yml	
figure4/transfer_nonsurface/seed0/ema150.pt	reproducibility/checkpoints/figure4/transfer_nonsurface/seed0/ema150.pt	local_research_archive_not_in_lightweight_release	3a5628c7a84ed2e509c45841c859384993362751aedb7e0d50f43b432f532178	76370706	0	150	configs/paper/figure4/transfer_nonsurface/seed0/parameters.yml	
figure4/transfer_nonsurface/seed0/ema175.pt	reproducibility/checkpoints/figure4/transfer_nonsurface/seed0/ema175.pt	local_research_archive_not_in_lightweight_release	d30ae63c7885c75919debbfda035f8891e0678069a4dd5eb00a2479a881b0984	76370706	0	175	configs/paper/figure4/transfer_nonsurface/seed0/parameters.yml	
figure4/transfer_nonsurface/seed0/ema200.pt	reproducibility/checkpoints/figure4/transfer_nonsurface/seed0/ema200.pt	local_research_archive_not_in_lightweight_release	646ffa6fa6cd76f731e236f1fc9a5714e2634a0398be741ee28bbcc51cf396ad	76370706	0	200	configs/paper/figure4/transfer_nonsurface/seed0/parameters.yml	
figure4/transfer_nonsurface/seed1/ema025.pt	reproducibility/checkpoints/figure4/transfer_nonsurface/seed1/ema025.pt	local_research_archive_not_in_lightweight_release	be9ae67e28dda4df4c2a3b01aa544b4ecfaffe2094fdd5d6b328f28a1a54c4b8	76370706	1	25	configs/paper/figure4/transfer_nonsurface/seed1/parameters.yml	
figure4/transfer_nonsurface/seed1/ema050.pt	reproducibility/checkpoints/figure4/transfer_nonsurface/seed1/ema050.pt	local_research_archive_not_in_lightweight_release	e5de89e99ca5084beb95e76bce4ee29f9d0f1b5af27171f18f40eb268ec1709b	76370706	1	50	configs/paper/figure4/transfer_nonsurface/seed1/parameters.yml	
figure4/transfer_nonsurface/seed1/ema075.pt	reproducibility/checkpoints/figure4/transfer_nonsurface/seed1/ema075.pt	local_research_archive_not_in_lightweight_release	06a48245a509cf70225beee3c8297a94ceef5b90940faab36a23aecd120171e1	76370706	1	75	configs/paper/figure4/transfer_nonsurface/seed1/parameters.yml	
figure4/transfer_nonsurface/seed1/ema100.pt	reproducibility/checkpoints/figure4/transfer_nonsurface/seed1/ema100.pt	local_research_archive_not_in_lightweight_release	a42bf9391dced1e49b7db6ac762099f002e6e0372b83e41e74f650c31593ae1f	76370706	1	100	configs/paper/figure4/transfer_nonsurface/seed1/parameters.yml	
figure4/transfer_nonsurface/seed1/ema125.pt	reproducibility/checkpoints/figure4/transfer_nonsurface/seed1/ema125.pt	local_research_archive_not_in_lightweight_release	1b7f34c8848b22e16f32c07da0ca8775319d61e0e04e695b32190157fabb2ece	76370706	1	125	configs/paper/figure4/transfer_nonsurface/seed1/parameters.yml	
figure4/transfer_nonsurface/seed1/ema150.pt	reproducibility/checkpoints/figure4/transfer_nonsurface/seed1/ema150.pt	local_research_archive_not_in_lightweight_release	5ea9280274a88cb0b879d73968c9031a7729d77b54526d3afaab8e25fb5419cd	76370706	1	150	configs/paper/figure4/transfer_nonsurface/seed1/parameters.yml	
figure4/transfer_nonsurface/seed1/ema175.pt	reproducibility/checkpoints/figure4/transfer_nonsurface/seed1/ema175.pt	local_research_archive_not_in_lightweight_release	4c2df335cfcc00192826ca8e4bf9f1d384f499344675d4939476d5b7dc565d5d	76370706	1	175	configs/paper/figure4/transfer_nonsurface/seed1/parameters.yml	
figure4/transfer_nonsurface/seed1/ema200.pt	reproducibility/checkpoints/figure4/transfer_nonsurface/seed1/ema200.pt	local_research_archive_not_in_lightweight_release	fa306f7b64bfe4a95d0af502f3f359c35eb94c00bfaa993c43bd2554545f88c5	76370706	1	200	configs/paper/figure4/transfer_nonsurface/seed1/parameters.yml	
figure4/transfer_nonsurface/seed2/ema025.pt	reproducibility/checkpoints/figure4/transfer_nonsurface/seed2/ema025.pt	local_research_archive_not_in_lightweight_release	ec3e7840554adc617d723ef8f9093596995d2aab41f9b4eb2894949add49d7ba	76370706	2	25	configs/paper/figure4/transfer_nonsurface/seed2/parameters.yml	
figure4/transfer_nonsurface/seed2/ema050.pt	reproducibility/checkpoints/figure4/transfer_nonsurface/seed2/ema050.pt	local_research_archive_not_in_lightweight_release	b56c204d13da507b19c5dea5626b7cf0c9b29f235502bef9f3b2ce36dcf3c354	76370706	2	50	configs/paper/figure4/transfer_nonsurface/seed2/parameters.yml	
figure4/transfer_nonsurface/seed2/ema075.pt	reproducibility/checkpoints/figure4/transfer_nonsurface/seed2/ema075.pt	local_research_archive_not_in_lightweight_release	8b1d30a536e7adf64b2c380e3dc93ad6aca0f57e7c2afd158d0192cbdbae5d4a	76370706	2	75	configs/paper/figure4/transfer_nonsurface/seed2/parameters.yml	
figure4/transfer_nonsurface/seed2/ema100.pt	reproducibility/checkpoints/figure4/transfer_nonsurface/seed2/ema100.pt	local_research_archive_not_in_lightweight_release	ab138c67197c75fad55ece3f52fe9e0a941cfe8c788a6934f95f71be5a843fdf	76370706	2	100	configs/paper/figure4/transfer_nonsurface/seed2/parameters.yml	
figure4/transfer_nonsurface/seed2/ema125.pt	reproducibility/checkpoints/figure4/transfer_nonsurface/seed2/ema125.pt	local_research_archive_not_in_lightweight_release	80f95b15ff772ed9b5ca545d79f896dc5421c4e521cd6bfb86b4dffc47dc305a	76370706	2	125	configs/paper/figure4/transfer_nonsurface/seed2/parameters.yml	
figure4/transfer_nonsurface/seed2/ema150.pt	reproducibility/checkpoints/figure4/transfer_nonsurface/seed2/ema150.pt	local_research_archive_not_in_lightweight_release	1088ffd09fe3710b17969b651cb2db3ab56cb2ed7b8504d2502a913e92234021	76370706	2	150	configs/paper/figure4/transfer_nonsurface/seed2/parameters.yml	
figure4/transfer_nonsurface/seed2/ema175.pt	reproducibility/checkpoints/figure4/transfer_nonsurface/seed2/ema175.pt	local_research_archive_not_in_lightweight_release	0d7a6243b8289c365bb4bf1c1899815caa4c92853caee9124828e1fc59826ecf	76370706	2	175	configs/paper/figure4/transfer_nonsurface/seed2/parameters.yml	
figure4/transfer_nonsurface/seed2/ema200.pt	reproducibility/checkpoints/figure4/transfer_nonsurface/seed2/ema200.pt	local_research_archive_not_in_lightweight_release	c7e5ca443af035fa02a1f961e4d3c99aa8ed5911d2a9913cdd7705da3d7c161a	76370706	2	200	configs/paper/figure4/transfer_nonsurface/seed2/parameters.yml	
figure4/scratch_full8/seed0/ema025.pt	reproducibility/checkpoints/figure4/scratch_full8/seed0/ema025.pt	local_research_archive_not_in_lightweight_release	7430d3e07f3ec7f3b44723d0dbd4d3f90be18ccfa453fa504a10b2a2c154f810	76370706	0	25	configs/paper/figure4/scratch_full8/seed0/parameters.yml	
figure4/scratch_full8/seed0/ema050.pt	reproducibility/checkpoints/figure4/scratch_full8/seed0/ema050.pt	local_research_archive_not_in_lightweight_release	b826fe1260d5070e1d1d566ec1fa91e73f992fbeb39db5e54689c2fad8710635	76370706	0	50	configs/paper/figure4/scratch_full8/seed0/parameters.yml	
figure4/scratch_full8/seed0/ema075.pt	reproducibility/checkpoints/figure4/scratch_full8/seed0/ema075.pt	local_research_archive_not_in_lightweight_release	ec84764e6a6b20e0ec97ccd7749fb0b76a07f18fcbffe169c516015e8eb80655	76370706	0	75	configs/paper/figure4/scratch_full8/seed0/parameters.yml	
figure4/scratch_full8/seed0/ema100.pt	reproducibility/checkpoints/figure4/scratch_full8/seed0/ema100.pt	local_research_archive_not_in_lightweight_release	ed2f1783425b4df0959918ec8933a1995a1a97585f0c8d75d8aa226d24ae7744	76370706	0	100	configs/paper/figure4/scratch_full8/seed0/parameters.yml	
figure4/scratch_full8/seed0/ema125.pt	reproducibility/checkpoints/figure4/scratch_full8/seed0/ema125.pt	local_research_archive_not_in_lightweight_release	7f89d3861bbbda014e8cdc43fb96ab0d0cea3cdfa0aeac98541e28f4b82886cd	76370706	0	125	configs/paper/figure4/scratch_full8/seed0/parameters.yml	
figure4/scratch_full8/seed0/ema150.pt	reproducibility/checkpoints/figure4/scratch_full8/seed0/ema150.pt	local_research_archive_not_in_lightweight_release	ddc0cebdc5980ad243534d82104992f943d68661ff9bd53b10b5f9beb68b82bc	76370706	0	150	configs/paper/figure4/scratch_full8/seed0/parameters.yml	
figure4/scratch_full8/seed0/ema175.pt	reproducibility/checkpoints/figure4/scratch_full8/seed0/ema175.pt	local_research_archive_not_in_lightweight_release	3304085775216d817059645131f35fe479576465c73324650c73a733c678a229	76370706	0	175	configs/paper/figure4/scratch_full8/seed0/parameters.yml	
figure4/scratch_full8/seed0/ema200.pt	reproducibility/checkpoints/figure4/scratch_full8/seed0/ema200.pt	local_research_archive_not_in_lightweight_release	57bb35abca7dfe74c0514d40af240d6fcd76bb2536b062d786829065edaed8c5	76370706	0	200	configs/paper/figure4/scratch_full8/seed0/parameters.yml	
figure4/scratch_full8/seed1/ema025.pt	reproducibility/checkpoints/figure4/scratch_full8/seed1/ema025.pt	local_research_archive_not_in_lightweight_release	86d6e6b49e35c42e6767933f1a5fcec77d0ebe627738dad63c5e85d46ba62da9	76370706	1	25	configs/paper/figure4/scratch_full8/seed1/parameters.yml	
figure4/scratch_full8/seed1/ema050.pt	reproducibility/checkpoints/figure4/scratch_full8/seed1/ema050.pt	local_research_archive_not_in_lightweight_release	c7e761f0d11e66a1ad2fa0fb7899b5707b2e86ce0e413b4ad37cbbf230d5463a	76370706	1	50	configs/paper/figure4/scratch_full8/seed1/parameters.yml	
figure4/scratch_full8/seed1/ema075.pt	reproducibility/checkpoints/figure4/scratch_full8/seed1/ema075.pt	local_research_archive_not_in_lightweight_release	0146a1fbeaaa367579efeaa37d00936624763cc7f598c1618dec65c100476b2d	76370706	1	75	configs/paper/figure4/scratch_full8/seed1/parameters.yml	
figure4/scratch_full8/seed1/ema100.pt	reproducibility/checkpoints/figure4/scratch_full8/seed1/ema100.pt	local_research_archive_not_in_lightweight_release	5073cc66a8a557946c31dec08612da2065804da377c7ccccc636894c91811fa4	76370706	1	100	configs/paper/figure4/scratch_full8/seed1/parameters.yml	
figure4/scratch_full8/seed1/ema125.pt	reproducibility/checkpoints/figure4/scratch_full8/seed1/ema125.pt	local_research_archive_not_in_lightweight_release	9da2120b67de4289ae797734b6bf3fd23ba67c9e5fbcf824fbb06bfba5971b91	76370706	1	125	configs/paper/figure4/scratch_full8/seed1/parameters.yml	
figure4/scratch_full8/seed1/ema150.pt	reproducibility/checkpoints/figure4/scratch_full8/seed1/ema150.pt	local_research_archive_not_in_lightweight_release	81d3e1a940644b92220b1b7c52074b34b5f166030065a8313577a08172483355	76370706	1	150	configs/paper/figure4/scratch_full8/seed1/parameters.yml	
figure4/scratch_full8/seed1/ema175.pt	reproducibility/checkpoints/figure4/scratch_full8/seed1/ema175.pt	local_research_archive_not_in_lightweight_release	6f69fa367f0d67bd840fc0249874dbba285e031aff86ce2ba8ba77f49bc53eaf	76370706	1	175	configs/paper/figure4/scratch_full8/seed1/parameters.yml	
figure4/scratch_full8/seed1/ema200.pt	reproducibility/checkpoints/figure4/scratch_full8/seed1/ema200.pt	local_research_archive_not_in_lightweight_release	cdf5121cca556a940349f6cf6b2de028da36248517a29f2fa462c9c170048987	76370706	1	200	configs/paper/figure4/scratch_full8/seed1/parameters.yml	
figure4/scratch_full8/seed2/ema025.pt	reproducibility/checkpoints/figure4/scratch_full8/seed2/ema025.pt	local_research_archive_not_in_lightweight_release	5357acbdb4dea5b2f21b0447a18e978fc55695b4e7aa8743696bcad91cd545f0	76370706	2	25	configs/paper/figure4/scratch_full8/seed2/parameters.yml	
figure4/scratch_full8/seed2/ema050.pt	reproducibility/checkpoints/figure4/scratch_full8/seed2/ema050.pt	local_research_archive_not_in_lightweight_release	49546ebd592d8fc1a49eaa1586d5fd2af6c99d154f211b559c6ff777eb01db83	76370706	2	50	configs/paper/figure4/scratch_full8/seed2/parameters.yml	
figure4/scratch_full8/seed2/ema075.pt	reproducibility/checkpoints/figure4/scratch_full8/seed2/ema075.pt	local_research_archive_not_in_lightweight_release	8ad83f54886b053bdc5ecc0575bdbd53ec7ae2036eb6df013936e010198c434b	76370706	2	75	configs/paper/figure4/scratch_full8/seed2/parameters.yml	
figure4/scratch_full8/seed2/ema100.pt	reproducibility/checkpoints/figure4/scratch_full8/seed2/ema100.pt	local_research_archive_not_in_lightweight_release	e57c8d6ab27a6b65b5547ad3a2ff54822c54e28e528d16a89abae975ca5bad38	76370706	2	100	configs/paper/figure4/scratch_full8/seed2/parameters.yml	
figure4/scratch_full8/seed2/ema125.pt	reproducibility/checkpoints/figure4/scratch_full8/seed2/ema125.pt	local_research_archive_not_in_lightweight_release	8919a450c1e33f1ccd4e4b50e91d5d7f24550af7b7e8790c0c828863ed12e82f	76370706	2	125	configs/paper/figure4/scratch_full8/seed2/parameters.yml	
figure4/scratch_full8/seed2/ema150.pt	reproducibility/checkpoints/figure4/scratch_full8/seed2/ema150.pt	local_research_archive_not_in_lightweight_release	30b8f30ed74ba9a73c4d68ddeed91f6589044698bc2d08047e6df3c33b9c7f05	76370706	2	150	configs/paper/figure4/scratch_full8/seed2/parameters.yml	
figure4/scratch_full8/seed2/ema175.pt	reproducibility/checkpoints/figure4/scratch_full8/seed2/ema175.pt	local_research_archive_not_in_lightweight_release	99ce4f1008068b6cc12b313bd64e23fb7d629ae987976e862bcd02d0c92a84fd	76370706	2	175	configs/paper/figure4/scratch_full8/seed2/parameters.yml	
figure4/scratch_full8/seed2/ema200.pt	reproducibility/checkpoints/figure4/scratch_full8/seed2/ema200.pt	local_research_archive_not_in_lightweight_release	670324ee50d3e00298ddae9622cd181aa59fe8e97e3273d35f5fb3fa7824ade2	76370706	2	200	configs/paper/figure4/scratch_full8/seed2/parameters.yml	
figure3/lb200_data10_s1_transfer_all/ema200.pt	reproducibility/checkpoints/figure3/lb200_data10_s1_transfer_all/ema200.pt	local_research_archive_not_in_lightweight_release	ec5601e975373c6ebe4eb02403f3667a4f3f26c5e06397e5ff90bfc42d1c9e90	76370706		200	configs/paper/figure3/lb200_data10_s1_transfer_all/parameters.yml	
figure3/lb200_data10_s1_transfer_nonsurface/ema200.pt	reproducibility/checkpoints/figure3/lb200_data10_s1_transfer_nonsurface/ema200.pt	local_research_archive_not_in_lightweight_release	5b828f03076d9c781534ac829ddc35b8701104c2740c9164486b770b53cded06	76370706		200	configs/paper/figure3/lb200_data10_s1_transfer_nonsurface/parameters.yml	
figure3/lb200_data25_s0_transfer_all/ema200.pt	reproducibility/checkpoints/figure3/lb200_data25_s0_transfer_all/ema200.pt	local_research_archive_not_in_lightweight_release	1b55d1189d1635e3b524628e0a58109a6655d99fc4283bbd12e12e599374c7e2	76370706		200	configs/paper/figure3/lb200_data25_s0_transfer_all/parameters.yml	
figure3/lb200_data25_s0_transfer_nonsurface/ema200.pt	reproducibility/checkpoints/figure3/lb200_data25_s0_transfer_nonsurface/ema200.pt	local_research_archive_not_in_lightweight_release	47dccf0f66d7b3a5b03883ca5f2853c820f6bb18ac6d169beeb8ed1b9e42f369	76370706		200	configs/paper/figure3/lb200_data25_s0_transfer_nonsurface/parameters.yml	
figure3/lb200_data25_s2_transfer_all/ema200.pt	reproducibility/checkpoints/figure3/lb200_data25_s2_transfer_all/ema200.pt	local_research_archive_not_in_lightweight_release	c33f6d1c99201c2296011ac3d284f8f74ab0485c8ab70e7ce48d6237aaa7625c	76370706		200	configs/paper/figure3/lb200_data25_s2_transfer_all/parameters.yml	
figure3/lb200_data25_s2_transfer_nonsurface/ema200.pt	reproducibility/checkpoints/figure3/lb200_data25_s2_transfer_nonsurface/ema200.pt	local_research_archive_not_in_lightweight_release	9e0e4a67c8a04caf1a8f5368b10f3b451f31f0a8f988c3929696b9fdb49d3263	76370706		200	configs/paper/figure3/lb200_data25_s2_transfer_nonsurface/parameters.yml	
figure3/lb200_data50_s1_transfer_all/ema200.pt	reproducibility/checkpoints/figure3/lb200_data50_s1_transfer_all/ema200.pt	local_research_archive_not_in_lightweight_release	95e522a48c6ff2d417236c7cb9743fd47e5c4f97b346a2bfc21fa7507c4efef6	76370706		200	configs/paper/figure3/lb200_data50_s1_transfer_all/parameters.yml	
figure3/lb200_data50_s1_transfer_nonsurface/ema200.pt	reproducibility/checkpoints/figure3/lb200_data50_s1_transfer_nonsurface/ema200.pt	local_research_archive_not_in_lightweight_release	b049f51be64d79c729c3c40f2b2a03f34288c8e09033ba3f380a6147fc996880	76370706		200	configs/paper/figure3/lb200_data50_s1_transfer_nonsurface/parameters.yml	
checkpoints/generator_seed0/model.pt	checkpoints/generator_seed0/model.pt	github_release_asset	0e516b28d8304b14969c12d6ec997b5ac50baa41869400ecaa72fcc748fbfd6c	76385090				https://github.com/Llewyn001/SurfNA/releases/download/v2.0.0-rc1/surfna-v2-default-checkpoints.tar.gz
checkpoints/mdn/best_head.pt	checkpoints/mdn/best_head.pt	github_release_asset	6ca5c4dd9b2903b5df42b20f531cdb1babbf1871753fbde05132d0fd146a39b8	430060				https://github.com/Llewyn001/SurfNA/releases/download/v2.0.0-rc1/surfna-v2-default-checkpoints.tar.gz
checkpoints/mdn/native_prior_static_bundle.pt	checkpoints/mdn/native_prior_static_bundle.pt	github_release_asset	a01385ac6bdadfa5376361c97be786040ee49e6036dc65e9a938e399e518febc	38127768				https://github.com/Llewyn001/SurfNA/releases/download/v2.0.0-rc1/surfna-v2-default-checkpoints.tar.gz
checkpoints/scorer/model.pt	checkpoints/scorer/model.pt	github_release_asset	12f144175afab658b0c7d33031be84f3f2082134f0fa69f7fe4c2ae310f859df	261964				https://github.com/Llewyn001/SurfNA/releases/download/v2.0.0-rc1/surfna-v2-default-checkpoints.tar.gz
reproducibility/checkpoints/protein_source/protein_diffusion_checkpoint.pt	reproducibility/checkpoints/protein_source/protein_diffusion_checkpoint.pt	local_research_archive_not_in_lightweight_release	c90a95381926534dcdddc7699ba3d5cc400afd23f9b07cbc7b614c4b9987239f	75986289				
reproducibility/checkpoints/protein_source/protein_mdn_checkpoint.pt	reproducibility/checkpoints/protein_source/protein_mdn_checkpoint.pt	local_research_archive_not_in_lightweight_release	8f997c35fa3c659f56a21a6b0996fb0faefd2a7f685359cd993231a03e04cc3a	153292081				
figure2/seed1/ema500	reproducibility/checkpoints/figure2/seed1/model.pt	github_release_asset	0110655f0bc977d65736209220a3e42a93c5557603a2c5b04700ff5b0097880f	76385090	1	500	configs/paper/figure2/seed1/parameters.yml	https://github.com/Llewyn001/SurfNA/releases/download/v2.0.0-rc1/surfna-v2-benchmark-repeats-checkpoints.tar.gz
figure2/seed2/ema400	reproducibility/checkpoints/figure2/seed2/model.pt	github_release_asset	c6a4392e6e2a68072437748d9e12a3f294ee4a293b2224566be4326ef7908c2a	76385090	2	400	configs/paper/figure2/seed2/parameters.yml	https://github.com/Llewyn001/SurfNA/releases/download/v2.0.0-rc1/surfna-v2-benchmark-repeats-checkpoints.tar.gz
data10_s0_all	reproducibility/checkpoints/figure3/lb200_data10_s0_transfer_all/ema200.pt	local_research_archive_not_in_lightweight_release	323ac488fc9fb9ee179a5fbfbf4edfd9e50169d425c5c49fa780786f62890801	76370706	0	200	configs/paper/figure3/lb200_data10_s0_transfer_all/parameters.yml	
data10_s0_nonsurface	reproducibility/checkpoints/figure3/lb200_data10_s0_transfer_nonsurface/ema200.pt	local_research_archive_not_in_lightweight_release	cf2b0d6916389553b5842bd56ceca3f72283dcae17b2091c3a423f79fba7b32f	76370706	0	200	configs/paper/figure3/lb200_data10_s0_transfer_nonsurface/parameters.yml	
data10_s2_all	reproducibility/checkpoints/figure3/lb200_data10_s2_transfer_all/ema200.pt	local_research_archive_not_in_lightweight_release	63b2dbbe45e1c51163a8419737579d2f277f3d61e8c4459e6d17f7d9b0aa33f8	76370706	2	200	configs/paper/figure3/lb200_data10_s2_transfer_all/parameters.yml	
data10_s2_nonsurface	reproducibility/checkpoints/figure3/lb200_data10_s2_transfer_nonsurface/ema200.pt	local_research_archive_not_in_lightweight_release	782109d487aaf78545b3bbe45c58bf1cc018a887b71389e6d0a1f48d1ff43600	76370706	2	200	configs/paper/figure3/lb200_data10_s2_transfer_nonsurface/parameters.yml	
data25_s1_all	reproducibility/checkpoints/figure3/lb200_data25_s1_transfer_all/ema200.pt	local_research_archive_not_in_lightweight_release	a53e063a5de98581bd245a67690f8faf5d10b4f8ee449d526bed62523b8b5b65	76370706	1	200	configs/paper/figure3/lb200_data25_s1_transfer_all/parameters.yml	
data25_s1_nonsurface	reproducibility/checkpoints/figure3/lb200_data25_s1_transfer_nonsurface/ema200.pt	local_research_archive_not_in_lightweight_release	142b0609185d06dbd2a81dca2d77f1ef4b9e287b7731d7730b0aa08bb962411c	76370706	1	200	configs/paper/figure3/lb200_data25_s1_transfer_nonsurface/parameters.yml	
data50_s0_all	reproducibility/checkpoints/figure3/lb200_data50_s0_transfer_all/ema200.pt	local_research_archive_not_in_lightweight_release	74d81023185a301f851f3b654903a282b3440638d9b29d97eac47cc533e12447	76370706	0	200	configs/paper/figure3/lb200_data50_s0_transfer_all/parameters.yml	
data50_s0_nonsurface	reproducibility/checkpoints/figure3/lb200_data50_s0_transfer_nonsurface/ema200.pt	local_research_archive_not_in_lightweight_release	cf7bfafbd7e0b220322e0e2db0bce9fc7a979ee2f97d2ba9fa7f8ea1a0206c2c	76370706	0	200	configs/paper/figure3/lb200_data50_s0_transfer_nonsurface/parameters.yml	
data50_s2_all	reproducibility/checkpoints/figure3/lb200_data50_s2_transfer_all/ema200.pt	local_research_archive_not_in_lightweight_release	a2a3983ff6a10566dbfc10b3df0ab4732f98ab947b18acbde619e8a05e78487a	76370706	2	200	configs/paper/figure3/lb200_data50_s2_transfer_all/parameters.yml	
data50_s2_nonsurface	reproducibility/checkpoints/figure3/lb200_data50_s2_transfer_nonsurface/ema200.pt	local_research_archive_not_in_lightweight_release	9f406a9f5b4d227b7888825bef5817232b2de5b43b2c39253229e2c3db8e1437	76370706	2	200	configs/paper/figure3/lb200_data50_s2_transfer_nonsurface/parameters.yml	
reproducibility/checkpoints/w0_original/last_rank.pt	reproducibility/checkpoints/w0_original/last_rank.pt	local_research_archive_not_in_lightweight_release	ab5540ecf1676c66751eaf254f765657eed60b5e03feceebe69003d1e5e2859d	804521				
reproducibility/checkpoints/w0_original/selected_rank.pt	reproducibility/checkpoints/w0_original/selected_rank.pt	local_research_archive_not_in_lightweight_release	0858be9cba0d24563c2b5cec9c5ff8dfb6c5ebb69af73c7f533e297dfbf9bad0	804521				
reproducibility/checkpoints/w0_original/initial_rank.pt	reproducibility/checkpoints/w0_original/initial_rank.pt	local_research_archive_not_in_lightweight_release	01829192aa2f01c19809b7f0f79a4bd44d86e89ddcb0fd2568f178c5c2c530ad	804521				
