complex_id	benchmark_memberships	member_Yan	member_Ruiz	member_Chen	member_Philips	rankable_lt2	oracle_rmsd_A
1am0	Chen;Philips;Ruiz	false	true	true	true	true	1.010526539676868
1arj	Yan	true	false	false	false	true	1.4546008195263285
1byj	Chen;Philips;Ruiz;Yan	true	true	true	true	true	1.0964407310813447
1cvx	Yan	true	false	false	false	true	1.469550698484631
1cvy	Yan	true	false	false	false	true	1.451309373224231
1db6	Yan	true	false	false	false	true	1.5406292602375178
1eht	Chen;Philips;Ruiz	false	true	true	true	true	0.5976845675669501
1ei2	Chen;Philips;Ruiz	false	true	true	true	false	2.8688199810740174
1f1t	Chen;Philips;Ruiz;Yan	true	true	true	true	true	0.34244180527499796
1f27	Chen;Philips;Ruiz;Yan	true	true	true	true	true	1.673565540993241
1fjg	Philips	false	false	false	true	false	2.4929165963643007
1fmn	Chen;Philips;Ruiz	false	true	true	true	true	1.043119549329581
1fyp	Chen;Philips;Ruiz;Yan	true	true	true	true	false	2.1885660559349076
1hnw	Philips	false	false	false	true	false	2.570370683201645
1i9v	Yan	true	false	false	false	false	2.8191762082380087
1j7t	Chen;Philips;Ruiz	false	true	true	true	false	2.1334765656529897
1koc	Chen;Philips;Ruiz	false	true	true	true	true	1.1731711742821962
1lc4	Chen;Ruiz	false	true	true	false	true	1.4541866945134658
1lvj	Chen;Ruiz	false	true	true	false	false	4.779434983524635
1mwl	Chen;Philips;Ruiz	false	true	true	true	true	1.496875025334643
1nbk	Philips	false	false	false	true	true	1.1126695983085002
1nem	Chen;Philips;Ruiz	false	true	true	true	false	2.0908646676845035
1nta	Ruiz	false	true	false	false	true	1.7214690151147072
1ntb	Chen;Ruiz	false	true	true	false	true	1.9759228848186359
1nzm	Yan	true	false	false	false	true	0.48557503658430146
1o15	Ruiz	false	true	false	false	true	0.43604654303446555
1o9m	Ruiz	false	true	false	false	false	2.03138917319478
1p96	Yan	true	false	false	false	true	1.890397318772039
1pbr	Chen;Philips;Ruiz	false	true	true	true	true	1.705537819937774
1q8n	Chen;Philips;Ruiz;Yan	true	true	true	true	true	0.7660217529548362
1qd3	Chen;Ruiz;Yan	true	true	true	false	true	1.928330414349357
1qv4	Yan	true	false	false	false	true	1.3794472552439256
1qv8	Yan	true	false	false	false	true	0.7532759854755212
1r4e	Yan	true	false	false	false	true	1.7529805623712096
1tob	Chen;Philips;Ruiz	false	true	true	true	false	2.2437617642449252
1u8d	Chen;Ruiz	false	true	true	false	false	2.8086222024330723
1uts	Philips;Ruiz;Yan	true	true	false	true	false	3.66591238602343
1uud	Chen;Philips;Ruiz;Yan	true	true	true	true	false	4.799426024765878
1uui	Philips;Ruiz	false	true	false	true	true	1.2204785934036377
1xbp	Philips	false	false	false	true	false	2.0432794041039264
1xpf	Philips;Ruiz	false	true	false	true	true	1.2621769515970638
1y26	Chen;Philips;Ruiz	false	true	true	true	true	0.3459016854541189
1y27	Chen	false	false	true	false	true	0.42165238267817423
1ykv	Chen;Yan	true	false	true	false	true	0.8136967939595191
1yrj	Chen;Ruiz;Yan	true	true	true	false	true	1.5864127895724114
1zz5	Chen	false	false	true	false	true	1.9276680521470217
2au4	Ruiz;Yan	true	true	false	false	false	2.6098290481610085
2b57	Yan	true	false	false	false	true	0.2784821978968396
2be0	Chen;Philips;Ruiz;Yan	true	true	true	true	false	3.560703918765977
2bee	Philips;Ruiz;Yan	true	true	false	true	false	2.694421231366918
2d55	Yan	true	false	false	false	false	4.722855449866461
2esi	Chen	false	false	true	false	true	1.447672750878583
2esj	Ruiz	false	true	false	false	false	2.7541699940551685
2et3	Ruiz	false	true	false	false	true	1.258566850083472
2et4	Ruiz	false	true	false	false	true	1.73884504327551
2et8	Chen;Philips;Ruiz	false	true	true	true	true	0.8622047679166382
2f4s	Ruiz	false	true	false	false	true	1.4976502671609522
2f4t	Chen;Ruiz;Yan	true	true	true	false	true	1.8236189809590941
2f4u	Philips;Ruiz;Yan	true	true	false	true	true	1.3189682171219206
2fcx	Ruiz	false	true	false	false	true	1.377127866909309
2fcy	Ruiz	false	true	false	false	false	2.188452685825133
2fcz	Chen;Philips;Ruiz	false	true	true	true	true	1.1486058859723483
2fd0	Chen;Philips;Ruiz	false	true	true	true	false	2.177141944729374
2g5k	Yan	true	false	false	false	true	1.9817026195073184
2g5q	Chen;Philips;Ruiz	false	true	true	true	true	1.3671477774000875
2g9c	Yan	true	false	false	false	true	0.250364687339622
2gdi	Chen;Philips	false	false	true	true	true	0.9672940538111776
2gis	Chen	false	false	true	false	true	1.253357946714582
2juk	Ruiz	false	true	false	false	false	4.113089637162474
2jwq	Yan	true	false	false	false	true	1.4500129621187874
2kgp	Chen;Yan	true	false	true	false	true	1.0569237153172404
2ktz	Chen;Yan	true	false	true	false	true	0.6235266564505063
2ku0	Chen;Yan	true	false	true	false	true	1.245806420512956
2l94	Yan	true	false	false	false	true	0.9025169714470749
2loa	Yan	true	false	false	false	false	2.5194676881712796
2mb3	Yan	true	false	false	false	true	1.875009959386883
2o3v	Chen;Ruiz	false	true	true	false	false	2.9836500796363983
2o3w	Ruiz;Yan	true	true	false	false	false	2.4886670918480878
2o3x	Philips;Ruiz;Yan	true	true	false	true	true	1.508943347340738
2oe5	Philips;Ruiz	false	true	false	true	true	1.5115900851108426
2oe8	Chen;Ruiz	false	true	true	false	true	1.554948458344555
2ogn	Philips	false	false	false	true	true	1.7742209103682316
2pwt	Chen;Philips	false	false	true	true	false	4.541330217146366
2tob	Chen;Philips;Ruiz	false	true	true	true	false	2.4798907897450846
2xnw	Yan	true	false	false	false	true	0.31603037037601317
2xnz	Yan	true	false	false	false	true	0.18425218225754264
2xo0	Yan	true	false	false	false	true	0.2622224723398056
2xo1	Yan	true	false	false	false	true	0.3066500715206767
2ydh	Yan	true	false	false	false	true	0.9351579327895684
2ygh	Yan	true	false	false	false	true	0.8085414701107724
316d	Yan	true	false	false	false	false	2.8136914808771127
3c44	Ruiz	false	true	false	false	true	1.6293838418394908
3d2x	Philips	false	false	false	true	false	2.0356098555091924
3dil	Chen	false	false	true	false	true	0.7641134176285612
3ds7	Yan	true	false	false	false	true	0.8217342892354335
3dvv	Chen	false	false	true	false	true	1.2764267243287588
3e5c	Yan	true	false	false	false	true	1.999396467177774
3f2q	Chen	false	false	true	false	true	1.0101305388334074
3fo4	Yan	true	false	false	false	true	0.2613436174151499
3fo6	Yan	true	false	false	false	true	0.22728604041310277
3gao	Yan	true	false	false	false	true	0.33643264353561714
3ger	Yan	true	false	false	false	true	0.19989114992460735
3ges	Yan	true	false	false	false	true	0.2499471444125742
3gog	Yan	true	false	false	false	true	0.3998875762465794
3got	Yan	true	false	false	false	false	2.7716463906035083
3gx2	Chen;Philips	false	false	true	true	true	1.4084389881472794
3gx3	Chen	false	false	true	false	true	1.0187102173449898
3gx5	Chen	false	false	true	false	true	1.770310961698851
3gx7	Chen	false	false	true	false	true	0.9634540639456212
3la5	Chen;Yan	true	false	true	false	true	0.4656472981238049
3mum	Yan	true	false	false	false	false	3.9643502277773415
3mur	Yan	true	false	false	false	false	2.887031483992722
3mxh	Yan	true	false	false	false	false	3.3503603627397145
3npn	Yan	true	false	false	false	true	1.3746024435058704
3npq	Chen	false	false	true	false	true	1.5500293256531037
3owz	Yan	true	false	false	false	true	0.5381498397286741
3q3z	Chen;Yan	true	false	true	false	false	3.031699731604153
3q50	Yan	true	false	false	false	true	0.46515965083961236
3s4p	Yan	true	false	false	false	false	3.012090399774731
3slm	Yan	true	false	false	false	true	0.7676568107757754
407d	Yan	true	false	false	false	true	1.2836002777831577
408d	Yan	true	false	false	false	true	1.2521951214278308
4aob	Yan	true	false	false	false	true	1.5428576303105248
4erj	Yan	true	false	false	false	true	0.4577464521374737
4fe5	Yan	true	false	false	false	false	2.83347179587163
4jf2	Yan	true	false	false	false	true	0.2420939439397603
4kqy	Yan	true	false	false	false	true	1.3444671812586133
4lvv	Yan	true	false	false	false	true	1.6659476977878704
