method	complex_id	benchmark_memberships	rankable_lt2	oracle_rmsd_A	complex_failure	valid_score_count	invalid_score_count	pose_score_failure_rate	top1_success	top3_success	top5_success	mrr_first_lt2	ndcg_at_10	top1_rmsd_A	regret_A
AutoDock-Vina-1.2.7	1am0	Chen;Philips;Ruiz	True	1.010526539676868	False	40	0	0.0	1	1	1	1.0	0.8829518585608053	1.2948814055147388	0.28435486583787095
AutoDock-Vina-1.2.7	1arj	Yan	True	1.4546008195263285	False	40	0	0.0	1	1	1	1.0	1.0	1.8247468347234728	0.3701460151971443
AutoDock-Vina-1.2.7	1byj	Chen;Philips;Ruiz;Yan	True	1.0964407310813447	False	40	0	0.0	0	1	1	0.3333333333333333	0.5816998447187435	2.196849387190665	1.1004086561093205
AutoDock-Vina-1.2.7	1cvx	Yan	True	1.469550698484631	False	38	2	0.05	1	1	1	1.0	0.6586122040444102	1.9592853617986161	0.4897346633139852
AutoDock-Vina-1.2.7	1cvy	Yan	True	1.451309373224231	False	40	0	0.0	0	1	1	0.5	0.732466905023767	2.3654758238891933	0.9141664506649623
AutoDock-Vina-1.2.7	1db6	Yan	True	1.5406292602375178	False	40	0	0.0	0	0	1	0.25	0.5416435332520587	4.997107939682045	3.456478679444527
AutoDock-Vina-1.2.7	1eht	Chen;Philips;Ruiz	True	0.5976845675669501	False	40	0	0.0	0	0	0	0.125	0.5061059687949523	3.3008361110948377	2.7031515435278877
AutoDock-Vina-1.2.7	1ei2	Chen;Philips;Ruiz	False	2.8688199810740174	False	40	0	0.0	0	0	0	0.0	0.0	7.886029948103226	5.017209967029208
AutoDock-Vina-1.2.7	1f1t	Chen;Philips;Ruiz;Yan	True	0.34244180527499796	False	40	0	0.0	1	1	1	1.0	1.0	0.34474238653946054	0.0023005812644625867
AutoDock-Vina-1.2.7	1f27	Chen;Philips;Ruiz;Yan	True	1.673565540993241	False	40	0	0.0	1	1	1	1.0	0.6806388542112021	1.6928392625261268	0.019273721532885757
AutoDock-Vina-1.2.7	1fjg	Philips	False	2.4929165963643007	False	40	0	0.0	0	0	0	0.0	0.31605147113946236	9.155597383061048	6.662680786696747
AutoDock-Vina-1.2.7	1fmn	Chen;Philips;Ruiz	True	1.043119549329581	False	40	0	0.0	0	1	1	0.5	0.5236914890649284	4.5944264643643615	3.5513069150347807
AutoDock-Vina-1.2.7	1fyp	Chen;Philips;Ruiz;Yan	False	2.1885660559349076	False	40	0	0.0	0	0	0	0.0	0.7117359827428672	3.0521798323571336	0.863613776422226
AutoDock-Vina-1.2.7	1hnw	Philips	False	2.570370683201645	False	40	0	0.0	0	0	0	0.0	1.0	2.6587435317269694	0.08837284852532434
AutoDock-Vina-1.2.7	1i9v	Yan	False	2.8191762082380087	False	40	0	0.0	0	0	0	0.0	0.7065443116025598	8.802601494147165	5.983425285909156
AutoDock-Vina-1.2.7	1j7t	Chen;Philips;Ruiz	False	2.1334765656529897	False	40	0	0.0	0	0	0	0.0	0.8182198962070146	2.1334765656529897	0.0
AutoDock-Vina-1.2.7	1koc	Chen;Philips;Ruiz	True	1.1731711742821962	False	40	0	0.0	1	1	1	1.0	0.9206500320722546	1.346806992173217	0.1736358178910209
AutoDock-Vina-1.2.7	1lc4	Chen;Ruiz	True	1.4541866945134658	False	40	0	0.0	0	0	0	0.14285714285714285	0.2756847368424429	8.363394022502169	6.909207327988703
AutoDock-Vina-1.2.7	1lvj	Chen;Ruiz	False	4.779434983524635	False	40	0	0.0	0	0	0	0.0	0.8611375561264454	5.002452253384464	0.22301726985982917
AutoDock-Vina-1.2.7	1mwl	Chen;Philips;Ruiz	True	1.496875025334643	True	0	40	1.0	0	0	0	0.0	0.0		
AutoDock-Vina-1.2.7	1nbk	Philips	True	1.1126695983085002	False	40	0	0.0	1	1	1	1.0	0.9305687780632228	1.8212121929271905	0.7085425946186903
AutoDock-Vina-1.2.7	1nem	Chen;Philips;Ruiz	False	2.0908646676845035	False	40	0	0.0	0	0	0	0.0	0.8705535336325771	2.280643204386492	0.18977853670198863
AutoDock-Vina-1.2.7	1nta	Ruiz	True	1.7214690151147072	False	40	0	0.0	0	1	1	0.5	0.7822156152243191	2.749619791352979	1.028150776238272
AutoDock-Vina-1.2.7	1ntb	Chen;Ruiz	True	1.9759228848186359	False	40	0	0.0	0	0	0	0.16666666666666666	0.708278892052903	3.801473130412735	1.825550245594099
AutoDock-Vina-1.2.7	1nzm	Yan	True	0.48557503658430146	False	40	0	0.0	0	1	1	0.5	0.6756644692104793	4.555859443617636	4.070284407033334
AutoDock-Vina-1.2.7	1o15	Ruiz	True	0.43604654303446555	False	40	0	0.0	1	1	1	1.0	1.0	0.4994581879781949	0.06341164494372936
AutoDock-Vina-1.2.7	1o9m	Ruiz	False	2.03138917319478	False	40	0	0.0	0	0	0	0.0	0.48189984052515566	3.3623676529766615	1.3309784797818813
AutoDock-Vina-1.2.7	1p96	Yan	True	1.890397318772039	False	40	0	0.0	1	1	1	1.0	1.0	1.9810466526561155	0.09064933388407637
AutoDock-Vina-1.2.7	1pbr	Chen;Philips;Ruiz	True	1.705537819937774	False	40	0	0.0	1	1	1	1.0	0.6044704128960555	1.705537819937774	0.0
AutoDock-Vina-1.2.7	1q8n	Chen;Philips;Ruiz;Yan	True	0.7660217529548362	False	40	0	0.0	1	1	1	1.0	1.0	0.8491942745920982	0.08317252163726196
AutoDock-Vina-1.2.7	1qd3	Chen;Ruiz;Yan	True	1.928330414349357	False	39	1	0.025	0	0	1	0.2	0.72458922146244	2.9553087162080445	1.0269783018586875
AutoDock-Vina-1.2.7	1qv4	Yan	True	1.3794472552439256	False	40	0	0.0	1	1	1	1.0	0.6530488081313036	1.3794472552439256	0.0
AutoDock-Vina-1.2.7	1qv8	Yan	True	0.7532759854755212	False	40	0	0.0	1	1	1	1.0	0.7569021067152311	1.042726146581501	0.28945016110597976
AutoDock-Vina-1.2.7	1r4e	Yan	True	1.7529805623712096	False	40	0	0.0	1	1	1	1.0	0.856263342785531	1.7555299514712988	0.002549389100089172
AutoDock-Vina-1.2.7	1tob	Chen;Philips;Ruiz	False	2.2437617642449252	False	40	0	0.0	0	0	0	0.0	0.6947651160602988	7.649444306839387	5.4056825425944615
AutoDock-Vina-1.2.7	1u8d	Chen;Ruiz	False	2.8086222024330723	False	40	0	0.0	0	0	0	0.0	1.0	2.8932519857419954	0.08462978330892312
AutoDock-Vina-1.2.7	1uts	Philips;Ruiz;Yan	False	3.66591238602343	False	40	0	0.0	0	0	0	0.0	0.32972249306333595	9.788834150125677	6.122921764102246
AutoDock-Vina-1.2.7	1uud	Chen;Philips;Ruiz;Yan	False	4.799426024765878	False	40	0	0.0	0	0	0	0.0	0.13565197343244778	6.971576479735412	2.1721504549695343
AutoDock-Vina-1.2.7	1uui	Philips;Ruiz	True	1.2204785934036377	False	40	0	0.0	1	1	1	1.0	0.6348631599772252	1.9870711378701373	0.7665925444664996
AutoDock-Vina-1.2.7	1xbp	Philips	False	2.0432794041039264	False	40	0	0.0	0	0	0	0.0	0.6780696077759115	2.7028067939807023	0.659527389876776
AutoDock-Vina-1.2.7	1xpf	Philips;Ruiz	True	1.2621769515970638	False	40	0	0.0	0	1	1	0.5	0.7799082337019199	2.7214371955431407	1.459260243946077
AutoDock-Vina-1.2.7	1y26	Chen;Philips;Ruiz	True	0.3459016854541189	False	40	0	0.0	1	1	1	1.0	0.9162377455024137	0.3822278744414119	0.03632618898729295
AutoDock-Vina-1.2.7	1y27	Chen	True	0.42165238267817423	False	40	0	0.0	1	1	1	1.0	0.9206500320722546	0.4616121561736352	0.03995977349546098
AutoDock-Vina-1.2.7	1ykv	Chen;Yan	True	0.8136967939595191	False	40	0	0.0	1	1	1	1.0	0.914856882358379	0.9848118134228199	0.17111501946330077
AutoDock-Vina-1.2.7	1yrj	Chen;Ruiz;Yan	True	1.5864127895724114	False	40	0	0.0	0	0	0	0.16666666666666666	0.6333789802556717	2.273428295994186	0.6870155064217747
AutoDock-Vina-1.2.7	1zz5	Chen	True	1.9276680521470217	False	40	0	0.0	0	0	0	0.1	0.3741023754001492	5.255885168493528	3.328217116346506
AutoDock-Vina-1.2.7	2au4	Ruiz;Yan	False	2.6098290481610085	False	37	3	0.075	0	0	0	0.0	0.6816637311946206	3.5658776208932776	0.9560485727322692
AutoDock-Vina-1.2.7	2b57	Yan	True	0.2784821978968396	False	40	0	0.0	1	1	1	1.0	0.9469324543326584	0.4292426734695335	0.1507604755726939
AutoDock-Vina-1.2.7	2be0	Chen;Philips;Ruiz;Yan	False	3.560703918765977	False	40	0	0.0	0	0	0	0.0	0.07961179255356228	9.94217451168351	6.381470592917532
AutoDock-Vina-1.2.7	2bee	Philips;Ruiz;Yan	False	2.694421231366918	False	40	0	0.0	0	0	0	0.0	0.3617131571327281	9.150195043198337	6.45577381183142
AutoDock-Vina-1.2.7	2d55	Yan	False	4.722855449866461	False	40	0	0.0	0	0	0	0.0	0.4736695902179647	7.0121408684113335	2.289285418544872
AutoDock-Vina-1.2.7	2esi	Chen	True	1.447672750878583	False	40	0	0.0	1	1	1	1.0	0.5007197213214355	1.7615491926658808	0.3138764417872979
AutoDock-Vina-1.2.7	2esj	Ruiz	False	2.7541699940551685	False	40	0	0.0	0	0	0	0.0	0.13458784389060038	5.2214867130555245	2.467316719000356
AutoDock-Vina-1.2.7	2et3	Ruiz	True	1.258566850083472	False	40	0	0.0	1	1	1	1.0	0.5130074875890953	1.4842040383381774	0.22563718825470547
AutoDock-Vina-1.2.7	2et4	Ruiz	True	1.73884504327551	False	40	0	0.0	0	0	0	0.09090909090909091	0.40012474201019416	5.145947948235814	3.407102904960304
AutoDock-Vina-1.2.7	2et8	Chen;Philips;Ruiz	True	0.8622047679166382	False	40	0	0.0	0	0	1	0.2	0.284449351231739	6.055219462767036	5.193014694850398
AutoDock-Vina-1.2.7	2f4s	Ruiz	True	1.4976502671609522	False	40	0	0.0	1	1	1	1.0	0.6693769830570864	1.718959110915672	0.22130884375471993
AutoDock-Vina-1.2.7	2f4t	Chen;Ruiz;Yan	True	1.8236189809590941	False	40	0	0.0	0	0	0	0.04	0.07311487540495615	7.684009203459945	5.860390222500851
AutoDock-Vina-1.2.7	2f4u	Philips;Ruiz;Yan	True	1.3189682171219206	False	40	0	0.0	0	1	1	0.3333333333333333	0.24839880661192337	6.346148857662506	5.027180640540585
AutoDock-Vina-1.2.7	2fcx	Ruiz	True	1.377127866909309	False	40	0	0.0	0	0	1	0.2	0.5135793747660415	3.329391267798201	1.9522634008888922
AutoDock-Vina-1.2.7	2fcy	Ruiz	False	2.188452685825133	False	40	0	0.0	0	0	0	0.0	0.09578105912639356	9.111147115902535	6.922694430077401
AutoDock-Vina-1.2.7	2fcz	Chen;Philips;Ruiz	True	1.1486058859723483	False	40	0	0.0	0	0	0	0.14285714285714285	0.26931670147894116	5.726645002149614	4.5780391161772656
AutoDock-Vina-1.2.7	2fd0	Chen;Philips;Ruiz	False	2.177141944729374	False	40	0	0.0	0	0	0	0.0	0.7564477297898765	2.177141944729374	0.0
AutoDock-Vina-1.2.7	2g5k	Yan	True	1.9817026195073184	False	40	0	0.0	0	0	0	0.029411764705882353	0.6560740089638384	2.963312678223296	0.9816100587159775
AutoDock-Vina-1.2.7	2g5q	Chen;Philips;Ruiz	True	1.3671477774000875	False	40	0	0.0	0	1	1	0.3333333333333333	0.3076761682176826	8.541975488301873	7.174827710901785
AutoDock-Vina-1.2.7	2g9c	Yan	True	0.250364687339622	False	40	0	0.0	0	0	1	0.2	0.5992306581379995	2.772038383572637	2.521673696233015
AutoDock-Vina-1.2.7	2gdi	Chen;Philips	True	0.9672940538111776	False	40	0	0.0	0	1	1	0.5	0.7301961676430015	2.4309906945365047	1.4636966407253271
AutoDock-Vina-1.2.7	2gis	Chen	True	1.253357946714582	False	40	0	0.0	1	1	1	1.0	0.5851627976947545	1.3777782839156776	0.12442033720109569
AutoDock-Vina-1.2.7	2juk	Ruiz	False	4.113089637162474	False	40	0	0.0	0	0	0	0.0	0.07839826897867533	7.700428388180752	3.5873387510182777
AutoDock-Vina-1.2.7	2jwq	Yan	True	1.4500129621187874	False	39	1	0.025	1	1	1	1.0	0.7396058374711286	1.4500129621187874	0.0
AutoDock-Vina-1.2.7	2kgp	Chen;Yan	True	1.0569237153172404	False	38	2	0.05	1	1	1	1.0	0.8552597690796961	1.2903555613424935	0.23343184602525313
AutoDock-Vina-1.2.7	2ktz	Chen;Yan	True	0.6235266564505063	False	40	0	0.0	1	1	1	1.0	0.44725394111732825	0.7949482914548318	0.1714216350043255
AutoDock-Vina-1.2.7	2ku0	Chen;Yan	True	1.245806420512956	False	40	0	0.0	0	0	0	0.05555555555555555	0.05138713026454704	5.704308588213406	4.45850216770045
AutoDock-Vina-1.2.7	2l94	Yan	True	0.9025169714470749	False	40	0	0.0	1	1	1	1.0	0.9458352203602567	1.5151150382616716	0.6125980668145967
AutoDock-Vina-1.2.7	2loa	Yan	False	2.5194676881712796	False	31	9	0.225	0	0	0	0.0	0.6657739814876217	3.9271737260761217	1.407706037904842
AutoDock-Vina-1.2.7	2mb3	Yan	True	1.875009959386883	False	40	0	0.0	0	0	0	0.1111111111111111	0.22710851349316832	10.617489772709932	8.74247981332305
AutoDock-Vina-1.2.7	2o3v	Chen;Ruiz	False	2.9836500796363983	False	40	0	0.0	0	0	0	0.0	0.5005188204472495	4.012940658953944	1.029290579317546
AutoDock-Vina-1.2.7	2o3w	Ruiz;Yan	False	2.4886670918480878	False	40	0	0.0	0	0	0	0.0	0.3321071950999301	5.670503521965139	3.181836430117051
AutoDock-Vina-1.2.7	2o3x	Philips;Ruiz;Yan	True	1.508943347340738	False	40	0	0.0	1	1	1	1.0	0.8344227221213825	1.7754141317886483	0.26647078444791017
AutoDock-Vina-1.2.7	2oe5	Philips;Ruiz	True	1.5115900851108426	False	40	0	0.0	1	1	1	1.0	0.6928890944960756	1.5821676219838567	0.07057753687301416
AutoDock-Vina-1.2.7	2oe8	Chen;Ruiz	True	1.554948458344555	False	40	0	0.0	1	1	1	1.0	0.6748264683300033	1.857493437186035	0.30254497884148
AutoDock-Vina-1.2.7	2ogn	Philips	True	1.7742209103682316	False	40	0	0.0	0	0	0	0.16666666666666666	0.4610849104788976	6.985348224243327	5.211127313875096
AutoDock-Vina-1.2.7	2pwt	Chen;Philips	False	4.541330217146366	False	40	0	0.0	0	0	0	0.0	0.23719771276929622	9.595088023445468	5.053757806299102
AutoDock-Vina-1.2.7	2tob	Chen;Philips;Ruiz	False	2.4798907897450846	False	40	0	0.0	0	0	0	0.0	0.9216017310213247	3.0647056549630505	0.5848148652179659
AutoDock-Vina-1.2.7	2xnw	Yan	True	0.31603037037601317	False	40	0	0.0	1	1	1	1.0	0.9636452638863133	0.3358882552278362	0.01985788485182305
AutoDock-Vina-1.2.7	2xnz	Yan	True	0.18425218225754264	False	40	0	0.0	1	1	1	1.0	0.827883259083063	0.24746877693065783	0.06321659467311519
AutoDock-Vina-1.2.7	2xo0	Yan	True	0.2622224723398056	False	40	0	0.0	0	0	0	0.08333333333333333	0.4285714285714286	2.1909141291365115	1.9286916567967058
AutoDock-Vina-1.2.7	2xo1	Yan	True	0.3066500715206767	False	40	0	0.0	0	1	1	0.5	0.764069948917024	2.69196519108253	2.385315119561853
AutoDock-Vina-1.2.7	2ydh	Yan	True	0.9351579327895684	False	40	0	0.0	0	0	1	0.25	0.47711626835722415	4.878251479516755	3.9430935467271864
AutoDock-Vina-1.2.7	2ygh	Yan	True	0.8085414701107724	False	40	0	0.0	1	1	1	1.0	1.0	0.8085414701107724	0.0
AutoDock-Vina-1.2.7	316d	Yan	False	2.8136914808771127	False	40	0	0.0	0	0	0	0.0	0.5344673721320155	4.2388528884074805	1.4251614075303678
AutoDock-Vina-1.2.7	3c44	Ruiz	True	1.6293838418394908	False	40	0	0.0	0	1	1	0.5	0.7102022673884361	2.2473994419476626	0.6180156001081718
AutoDock-Vina-1.2.7	3d2x	Philips	False	2.0356098555091924	False	40	0	0.0	0	0	0	0.0	1.0	3.7231275878466232	1.6875177323374309
AutoDock-Vina-1.2.7	3dil	Chen	True	0.7641134176285612	False	40	0	0.0	1	1	1	1.0	0.6862646125490264	1.7622499870903674	0.9981365694618062
AutoDock-Vina-1.2.7	3ds7	Yan	True	0.8217342892354335	False	40	0	0.0	1	1	1	1.0	1.0	0.874611794786091	0.05287750555065751
AutoDock-Vina-1.2.7	3dvv	Chen	True	1.2764267243287588	False	40	0	0.0	0	1	1	0.5	0.8113499146016455	4.965749410810793	3.6893226864820345
AutoDock-Vina-1.2.7	3e5c	Yan	True	1.999396467177774	False	40	0	0.0	0	0	0	0.05555555555555555	0.3313063600617272	4.302549541927523	2.3031530747497495
AutoDock-Vina-1.2.7	3f2q	Chen	True	1.0101305388334074	False	40	0	0.0	1	1	1	1.0	0.7114591137891805	1.5263766970477248	0.5162461582143174
AutoDock-Vina-1.2.7	3fo4	Yan	True	0.2613436174151499	False	40	0	0.0	1	1	1	1.0	0.9060074752868331	0.34948195297403467	0.08813833555888478
AutoDock-Vina-1.2.7	3fo6	Yan	True	0.22728604041310277	False	40	0	0.0	1	1	1	1.0	0.8441884824631554	0.22728604041310277	0.0
AutoDock-Vina-1.2.7	3gao	Yan	True	0.33643264353561714	False	40	0	0.0	1	1	1	1.0	0.9048721176419502	0.33643264353561714	0.0
AutoDock-Vina-1.2.7	3ger	Yan	True	0.19989114992460735	False	40	0	0.0	1	1	1	1.0	0.8771324975457362	0.19989114992460735	0.0
AutoDock-Vina-1.2.7	3ges	Yan	True	0.2499471444125742	False	40	0	0.0	0	1	1	0.5	0.7192878285643501	3.297051047906295	3.047103903493721
AutoDock-Vina-1.2.7	3gog	Yan	True	0.3998875762465794	False	40	0	0.0	1	1	1	1.0	0.9690858440911655	0.3998875762465794	0.0
AutoDock-Vina-1.2.7	3got	Yan	False	2.7716463906035083	False	40	0	0.0	0	0	0	0.0	1.0	3.36106383348	0.5894174428764916
AutoDock-Vina-1.2.7	3gx2	Chen;Philips	True	1.4084389881472794	False	40	0	0.0	1	1	1	1.0	0.6240800336032536	1.8371335292907924	0.428694541143513
AutoDock-Vina-1.2.7	3gx3	Chen	True	1.0187102173449898	False	39	1	0.025	0	1	1	0.5	0.6314213013036751	2.108525291160041	1.0898150738150514
AutoDock-Vina-1.2.7	3gx5	Chen	True	1.770310961698851	False	40	0	0.0	0	0	0	0.07142857142857142	0.48214811893483395	4.9291396182595895	3.1588286565607384
AutoDock-Vina-1.2.7	3gx7	Chen	True	0.9634540639456212	False	40	0	0.0	1	1	1	1.0	0.6001274281035556	0.9634540639456212	0.0
AutoDock-Vina-1.2.7	3la5	Chen;Yan	True	0.4656472981238049	False	40	0	0.0	0	1	1	0.5	0.7513657739468332	2.874277057365904	2.4086297592420993
AutoDock-Vina-1.2.7	3mum	Yan	False	3.9643502277773415	False	37	3	0.075	0	0	0	0.0	0.49561804563714607	4.10474093370411	0.1403907059267686
AutoDock-Vina-1.2.7	3mur	Yan	False	2.887031483992722	False	39	1	0.025	0	0	0	0.0	1.0	3.0107333570728754	0.12370187308015357
AutoDock-Vina-1.2.7	3mxh	Yan	False	3.3503603627397145	False	40	0	0.0	0	0	0	0.0	1.0	3.9405141452772927	0.5901537825375782
AutoDock-Vina-1.2.7	3npn	Yan	True	1.3746024435058704	False	40	0	0.0	0	1	1	0.3333333333333333	0.42051101246904554	8.89221294850379	7.517610504997919
AutoDock-Vina-1.2.7	3npq	Chen	True	1.5500293256531037	False	38	2	0.05	1	1	1	1.0	0.6487561856405125	1.6425176977152154	0.09248837206211169
AutoDock-Vina-1.2.7	3owz	Yan	True	0.5381498397286741	True	0	40	1.0	0	0	0	0.0	0.0		
AutoDock-Vina-1.2.7	3q3z	Chen;Yan	False	3.031699731604153	False	37	3	0.075	0	0	0	0.0	1.0	3.1007442837584773	0.06904455215432437
AutoDock-Vina-1.2.7	3q50	Yan	True	0.46515965083961236	False	40	0	0.0	1	1	1	1.0	0.8273979799875019	0.866578780652355	0.4014191298127427
AutoDock-Vina-1.2.7	3s4p	Yan	False	3.012090399774731	False	40	0	0.0	0	0	0	0.0	0.6009078211678822	10.007855946554242	6.995765546779511
AutoDock-Vina-1.2.7	3slm	Yan	True	0.7676568107757754	False	40	0	0.0	0	1	1	0.5	0.6271451323224994	6.8714621331872365	6.1038053224114615
AutoDock-Vina-1.2.7	407d	Yan	True	1.2836002777831577	False	37	3	0.075	0	1	1	0.5	0.36360174936648115	15.964321376751608	14.68072109896845
AutoDock-Vina-1.2.7	408d	Yan	True	1.2521951214278308	False	38	2	0.05	0	1	1	0.5	0.5590796706691326	15.336381734717571	14.084186613289742
AutoDock-Vina-1.2.7	4aob	Yan	True	1.5428576303105248	False	40	0	0.0	1	1	1	1.0	0.7573529556111638	1.9767796731796632	0.4339220428691384
AutoDock-Vina-1.2.7	4erj	Yan	True	0.4577464521374737	False	40	0	0.0	1	1	1	1.0	0.9432106656105238	0.6316950582889409	0.17394860615146718
AutoDock-Vina-1.2.7	4fe5	Yan	False	2.83347179587163	False	40	0	0.0	0	0	0	0.0	1.0	3.2933408677208003	0.4598690718491705
AutoDock-Vina-1.2.7	4jf2	Yan	True	0.2420939439397603	False	40	0	0.0	1	1	1	1.0	0.9224654597764764	0.37356238692228744	0.13146844298252713
AutoDock-Vina-1.2.7	4kqy	Yan	True	1.3444671812586133	False	39	1	0.025	0	1	1	0.3333333333333333	0.6225618594539304	2.483546388772552	1.1390792075139387
AutoDock-Vina-1.2.7	4lvv	Yan	True	1.6659476977878704	False	39	1	0.025	0	0	0	0.16666666666666666	0.679571948778148	2.653452652843528	0.9875049550556574
PLANTS-CHEMPLP-1.2	1am0	Chen;Philips;Ruiz	True	1.010526539676868	False	40	0	0.0	1	1	1	1.0	1.0	1.2948814055147388	0.28435486583787095
PLANTS-CHEMPLP-1.2	1arj	Yan	True	1.4546008195263285	False	40	0	0.0	1	1	1	1.0	0.9636452638863133	1.8247468347234728	0.3701460151971443
PLANTS-CHEMPLP-1.2	1byj	Chen;Philips;Ruiz;Yan	True	1.0964407310813447	False	40	0	0.0	0	1	1	0.3333333333333333	0.6630315422460937	7.612106530834562	6.515665799753217
PLANTS-CHEMPLP-1.2	1cvx	Yan	True	1.469550698484631	False	40	0	0.0	1	1	1	1.0	0.7302704759253388	1.53345929233547	0.06390859385083902
PLANTS-CHEMPLP-1.2	1cvy	Yan	True	1.451309373224231	False	40	0	0.0	0	0	1	0.25	0.6935946073967328	2.3654758238891933	0.9141664506649623
PLANTS-CHEMPLP-1.2	1db6	Yan	True	1.5406292602375178	False	40	0	0.0	0	0	1	0.25	0.5054022334106172	4.997107939682045	3.456478679444527
PLANTS-CHEMPLP-1.2	1eht	Chen;Philips;Ruiz	True	0.5976845675669501	False	40	0	0.0	0	1	1	0.5	0.643295858624692	3.3008361110948377	2.7031515435278877
PLANTS-CHEMPLP-1.2	1ei2	Chen;Philips;Ruiz	False	2.8688199810740174	False	40	0	0.0	0	0	0	0.0	0.0	8.123399696467693	5.254579715393676
PLANTS-CHEMPLP-1.2	1f1t	Chen;Philips;Ruiz;Yan	True	0.34244180527499796	False	40	0	0.0	1	1	1	1.0	1.0	0.34244180527499796	0.0
PLANTS-CHEMPLP-1.2	1f27	Chen;Philips;Ruiz;Yan	True	1.673565540993241	False	40	0	0.0	1	1	1	1.0	0.6408675296259686	1.6928392625261268	0.019273721532885757
PLANTS-CHEMPLP-1.2	1fjg	Philips	False	2.4929165963643007	True	0	40	1.0	0	0	0	0.0	0.0		
PLANTS-CHEMPLP-1.2	1fmn	Chen;Philips;Ruiz	True	1.043119549329581	False	40	0	0.0	0	1	1	0.5	0.5802808858213716	4.5944264643643615	3.5513069150347807
PLANTS-CHEMPLP-1.2	1fyp	Chen;Philips;Ruiz;Yan	False	2.1885660559349076	False	40	0	0.0	0	0	0	0.0	0.569391329104581	3.8314684942746235	1.642902438339716
PLANTS-CHEMPLP-1.2	1hnw	Philips	False	2.570370683201645	True	0	40	1.0	0	0	0	0.0	0.0		
PLANTS-CHEMPLP-1.2	1i9v	Yan	False	2.8191762082380087	False	40	0	0.0	0	0	0	0.0	0.841492960259019	2.993821146684172	0.17464493844616324
PLANTS-CHEMPLP-1.2	1j7t	Chen;Philips;Ruiz	False	2.1334765656529897	False	40	0	0.0	0	0	0	0.0	0.7342728570183512	3.9434386008068305	1.8099620351538408
PLANTS-CHEMPLP-1.2	1koc	Chen;Philips;Ruiz	True	1.1731711742821962	False	40	0	0.0	1	1	1	1.0	0.913487233659423	1.1731711742821962	0.0
PLANTS-CHEMPLP-1.2	1lc4	Chen;Ruiz	True	1.4541866945134658	False	40	0	0.0	1	1	1	1.0	0.6515516586855499	1.5037660907285415	0.04957939621507568
PLANTS-CHEMPLP-1.2	1lvj	Chen;Ruiz	False	4.779434983524635	False	40	0	0.0	0	0	0	0.0	0.8611375561264454	5.002452253384464	0.22301726985982917
PLANTS-CHEMPLP-1.2	1mwl	Chen;Philips;Ruiz	True	1.496875025334643	False	40	0	0.0	0	1	1	0.5	0.6007474819320311	2.6509474632001027	1.1540724378654597
PLANTS-CHEMPLP-1.2	1nbk	Philips	True	1.1126695983085002	False	40	0	0.0	1	1	1	1.0	0.9337457765456111	1.8212121929271905	0.7085425946186903
PLANTS-CHEMPLP-1.2	1nem	Chen;Philips;Ruiz	False	2.0908646676845035	False	40	0	0.0	0	0	0	0.0	0.8943938982876649	2.280643204386492	0.18977853670198863
PLANTS-CHEMPLP-1.2	1nta	Ruiz	True	1.7214690151147072	False	40	0	0.0	0	1	1	0.5	0.7615199966157375	2.749619791352979	1.028150776238272
PLANTS-CHEMPLP-1.2	1ntb	Chen;Ruiz	True	1.9759228848186359	True	0	40	1.0	0	0	0	0.0	0.0		
PLANTS-CHEMPLP-1.2	1nzm	Yan	True	0.48557503658430146	True	0	40	1.0	0	0	0	0.0	0.0		
PLANTS-CHEMPLP-1.2	1o15	Ruiz	True	0.43604654303446555	False	40	0	0.0	1	1	1	1.0	1.0	0.7092135113034616	0.273166968268996
PLANTS-CHEMPLP-1.2	1o9m	Ruiz	False	2.03138917319478	False	40	0	0.0	0	0	0	0.0	0.6207622843987102	2.990677019935046	0.9592878467402657
PLANTS-CHEMPLP-1.2	1p96	Yan	True	1.890397318772039	False	40	0	0.0	1	1	1	1.0	0.9740146523091747	1.9810466526561155	0.09064933388407637
PLANTS-CHEMPLP-1.2	1pbr	Chen;Philips;Ruiz	True	1.705537819937774	False	40	0	0.0	1	1	1	1.0	0.6992361273467036	1.705537819937774	0.0
PLANTS-CHEMPLP-1.2	1q8n	Chen;Philips;Ruiz;Yan	True	0.7660217529548362	False	40	0	0.0	1	1	1	1.0	1.0	0.8491942745920982	0.08317252163726196
PLANTS-CHEMPLP-1.2	1qd3	Chen;Ruiz;Yan	True	1.928330414349357	False	40	0	0.0	0	0	0	0.1111111111111111	0.7808081132477513	3.614630607847844	1.6863001934984871
PLANTS-CHEMPLP-1.2	1qv4	Yan	True	1.3794472552439256	False	40	0	0.0	1	1	1	1.0	0.6281649475693719	1.3794472552439256	0.0
PLANTS-CHEMPLP-1.2	1qv8	Yan	True	0.7532759854755212	False	40	0	0.0	1	1	1	1.0	0.7600791051976192	1.1128584596328817	0.35958247415736044
PLANTS-CHEMPLP-1.2	1r4e	Yan	True	1.7529805623712096	False	40	0	0.0	0	1	1	0.3333333333333333	0.7367739096612186	2.10762795359362	0.3546473912224104
PLANTS-CHEMPLP-1.2	1tob	Chen;Philips;Ruiz	False	2.2437617642449252	False	40	0	0.0	0	0	0	0.0	0.8222819197760093	2.551533617809591	0.30777185356466585
PLANTS-CHEMPLP-1.2	1u8d	Chen;Ruiz	False	2.8086222024330723	False	40	0	0.0	0	0	0	0.0	1.0	2.865571924241302	0.05694972180822955
PLANTS-CHEMPLP-1.2	1uts	Philips;Ruiz;Yan	False	3.66591238602343	False	40	0	0.0	0	0	0	0.0	0.3928320558715117	4.318994044334861	0.653081658311431
PLANTS-CHEMPLP-1.2	1uud	Chen;Philips;Ruiz;Yan	False	4.799426024765878	False	40	0	0.0	0	0	0	0.0	0.2960819109658652	6.971576479735412	2.1721504549695343
PLANTS-CHEMPLP-1.2	1uui	Philips;Ruiz	True	1.2204785934036377	False	40	0	0.0	0	1	1	0.3333333333333333	0.4922184428383689	5.9038283186862515	4.683349725282614
PLANTS-CHEMPLP-1.2	1xbp	Philips	False	2.0432794041039264	True	0	40	1.0	0	0	0	0.0	0.0		
PLANTS-CHEMPLP-1.2	1xpf	Philips;Ruiz	True	1.2621769515970638	False	40	0	0.0	0	1	1	0.5	0.874233276401097	2.7214371955431407	1.459260243946077
PLANTS-CHEMPLP-1.2	1y26	Chen;Philips;Ruiz	True	0.3459016854541189	False	40	0	0.0	1	1	1	1.0	0.9278511210730239	0.3822278744414119	0.03632618898729295
PLANTS-CHEMPLP-1.2	1y27	Chen	True	0.42165238267817423	True	0	40	1.0	0	0	0	0.0	0.0		
PLANTS-CHEMPLP-1.2	1ykv	Chen;Yan	True	0.8136967939595191	False	40	0	0.0	1	1	1	1.0	0.92663607790064	0.9848118134228199	0.17111501946330077
PLANTS-CHEMPLP-1.2	1yrj	Chen;Ruiz;Yan	True	1.5864127895724114	False	40	0	0.0	0	0	1	0.25	0.6545879693729328	2.548398827987191	0.9619860384147796
PLANTS-CHEMPLP-1.2	1zz5	Chen	True	1.9276680521470217	False	40	0	0.0	0	0	0	0.05555555555555555	0.35335658916689416	2.278344853230938	0.3506768010839163
PLANTS-CHEMPLP-1.2	2au4	Ruiz;Yan	False	2.6098290481610085	False	40	0	0.0	0	0	0	0.0	0.7581015865263905	3.5658776208932776	0.9560485727322692
PLANTS-CHEMPLP-1.2	2b57	Yan	True	0.2784821978968396	False	40	0	0.0	1	1	1	1.0	0.9469324543326584	0.37185077041004677	0.09336857251320718
PLANTS-CHEMPLP-1.2	2be0	Chen;Philips;Ruiz;Yan	False	3.560703918765977	False	40	0	0.0	0	0	0	0.0	0.17376534287144002	9.94217451168351	6.381470592917532
PLANTS-CHEMPLP-1.2	2bee	Philips;Ruiz;Yan	False	2.694421231366918	True	0	40	1.0	0	0	0	0.0	0.0		
PLANTS-CHEMPLP-1.2	2d55	Yan	False	4.722855449866461	False	40	0	0.0	0	0	0	0.0	0.55206785919664	7.0121408684113335	2.289285418544872
PLANTS-CHEMPLP-1.2	2esi	Chen	True	1.447672750878583	False	40	0	0.0	0	1	1	0.3333333333333333	0.5606962930259591	2.238842120382766	0.791169369504183
PLANTS-CHEMPLP-1.2	2esj	Ruiz	False	2.7541699940551685	False	40	0	0.0	0	0	0	0.0	0.3238857569083618	5.2214867130555245	2.467316719000356
PLANTS-CHEMPLP-1.2	2et3	Ruiz	True	1.258566850083472	False	40	0	0.0	1	1	1	1.0	0.5790284504716123	1.4404470033134993	0.18188015323002737
PLANTS-CHEMPLP-1.2	2et4	Ruiz	True	1.73884504327551	False	40	0	0.0	0	0	0	0.02857142857142857	0.27706472623465206	5.145947948235814	3.407102904960304
PLANTS-CHEMPLP-1.2	2et8	Chen;Philips;Ruiz	True	0.8622047679166382	False	40	0	0.0	0	0	0	0.16666666666666666	0.28163720273137616	6.055219462767036	5.193014694850398
PLANTS-CHEMPLP-1.2	2f4s	Ruiz	True	1.4976502671609522	False	40	0	0.0	1	1	1	1.0	0.6304908332987565	1.718959110915672	0.22130884375471993
PLANTS-CHEMPLP-1.2	2f4t	Chen;Ruiz;Yan	True	1.8236189809590941	False	40	0	0.0	0	0	0	0.041666666666666664	0.0975923529944634	7.684009203459945	5.860390222500851
PLANTS-CHEMPLP-1.2	2f4u	Philips;Ruiz;Yan	True	1.3189682171219206	False	40	0	0.0	0	1	1	0.5	0.31344439568620985	9.375657547236651	8.05668933011473
PLANTS-CHEMPLP-1.2	2fcx	Ruiz	True	1.377127866909309	False	40	0	0.0	1	1	1	1.0	0.6751668830928483	1.4389189535898121	0.06179108668050315
PLANTS-CHEMPLP-1.2	2fcy	Ruiz	False	2.188452685825133	False	40	0	0.0	0	0	0	0.0	0.11115951480882888	9.371999463409228	7.183546777584095
PLANTS-CHEMPLP-1.2	2fcz	Chen;Philips;Ruiz	True	1.1486058859723483	False	40	0	0.0	0	0	1	0.25	0.4368416865208129	4.944261062047332	3.7956551760749835
PLANTS-CHEMPLP-1.2	2fd0	Chen;Philips;Ruiz	False	2.177141944729374	False	40	0	0.0	0	0	0	0.0	0.4458567890377042	11.126399527967775	8.949257583238401
PLANTS-CHEMPLP-1.2	2g5k	Yan	True	1.9817026195073184	False	40	0	0.0	0	0	0	0.07692307692307693	0.4409926790710211	2.19436386244643	0.21266124293911148
PLANTS-CHEMPLP-1.2	2g5q	Chen;Philips;Ruiz	True	1.3671477774000875	False	40	0	0.0	1	1	1	1.0	0.41833972839002304	1.7242758809859864	0.35712810358589886
PLANTS-CHEMPLP-1.2	2g9c	Yan	True	0.250364687339622	False	40	0	0.0	1	1	1	1.0	0.8634713897965731	0.3050430315727784	0.05467834423315637
PLANTS-CHEMPLP-1.2	2gdi	Chen;Philips	True	0.9672940538111776	False	40	0	0.0	0	1	1	0.3333333333333333	0.7151015110140664	2.4309906945365047	1.4636966407253271
PLANTS-CHEMPLP-1.2	2gis	Chen	True	1.253357946714582	True	0	40	1.0	0	0	0	0.0	0.0		
PLANTS-CHEMPLP-1.2	2juk	Ruiz	False	4.113089637162474	False	40	0	0.0	0	0	0	0.0	0.13886244387355454	6.0733249900418365	1.9602353528793621
PLANTS-CHEMPLP-1.2	2jwq	Yan	True	1.4500129621187874	False	40	0	0.0	1	1	1	1.0	0.8230667627430557	1.4500129621187874	0.0
PLANTS-CHEMPLP-1.2	2kgp	Chen;Yan	True	1.0569237153172404	False	40	0	0.0	1	1	1	1.0	0.8675582430469357	1.2903555613424935	0.23343184602525313
PLANTS-CHEMPLP-1.2	2ktz	Chen;Yan	True	0.6235266564505063	False	40	0	0.0	0	0	1	0.25	0.3882047626431879	6.818733547559158	6.1952068911086515
PLANTS-CHEMPLP-1.2	2ku0	Chen;Yan	True	1.245806420512956	False	40	0	0.0	0	0	0	0.05555555555555555	0.030318052281844945	6.254295313552953	5.008488893039997
PLANTS-CHEMPLP-1.2	2l94	Yan	True	0.9025169714470749	False	40	0	0.0	1	1	1	1.0	0.9621404437403492	0.9245577406702804	0.022040769223205525
PLANTS-CHEMPLP-1.2	2loa	Yan	False	2.5194676881712796	False	40	0	0.0	0	0	0	0.0	0.3527410651459456	3.9271737260761217	1.407706037904842
PLANTS-CHEMPLP-1.2	2mb3	Yan	True	1.875009959386883	False	40	0	0.0	0	0	0	0.14285714285714285	0.26889507726772094	10.647347725306993	8.77233776592011
PLANTS-CHEMPLP-1.2	2o3v	Chen;Ruiz	False	2.9836500796363983	False	40	0	0.0	0	0	0	0.0	0.46882595583513387	4.497452310395933	1.5138022307595347
PLANTS-CHEMPLP-1.2	2o3w	Ruiz;Yan	False	2.4886670918480878	False	40	0	0.0	0	0	0	0.0	0.4291232769224081	5.116411767607675	2.627744675759587
PLANTS-CHEMPLP-1.2	2o3x	Philips;Ruiz;Yan	True	1.508943347340738	False	40	0	0.0	1	1	1	1.0	0.7636557486502092	1.7754141317886483	0.26647078444791017
PLANTS-CHEMPLP-1.2	2oe5	Philips;Ruiz	True	1.5115900851108426	False	40	0	0.0	1	1	1	1.0	0.7811195595890343	1.5821676219838567	0.07057753687301416
PLANTS-CHEMPLP-1.2	2oe8	Chen;Ruiz	True	1.554948458344555	False	40	0	0.0	1	1	1	1.0	0.6038861572476343	1.554948458344555	0.0
PLANTS-CHEMPLP-1.2	2ogn	Philips	True	1.7742209103682316	True	0	40	1.0	0	0	0	0.0	0.0		
PLANTS-CHEMPLP-1.2	2pwt	Chen;Philips	False	4.541330217146366	False	40	0	0.0	0	0	0	0.0	0.20438239758848611	9.595088023445468	5.053757806299102
PLANTS-CHEMPLP-1.2	2tob	Chen;Philips;Ruiz	False	2.4798907897450846	False	40	0	0.0	0	0	0	0.0	0.7819835854675755	3.0647056549630505	0.5848148652179659
PLANTS-CHEMPLP-1.2	2xnw	Yan	True	0.31603037037601317	False	40	0	0.0	1	1	1	1.0	1.0	0.3358882552278362	0.01985788485182305
PLANTS-CHEMPLP-1.2	2xnz	Yan	True	0.18425218225754264	False	40	0	0.0	1	1	1	1.0	1.0	0.2664802306613629	0.08222804840382025
PLANTS-CHEMPLP-1.2	2xo0	Yan	True	0.2622224723398056	False	40	0	0.0	1	1	1	1.0	0.5921977084299824	0.49293480679497564	0.23071233445517003
PLANTS-CHEMPLP-1.2	2xo1	Yan	True	0.3066500715206767	False	40	0	0.0	1	1	1	1.0	0.9341466203092162	0.3066500715206767	0.0
PLANTS-CHEMPLP-1.2	2ydh	Yan	True	0.9351579327895684	False	40	0	0.0	1	1	1	1.0	0.7154320487758717	0.9351579327895684	0.0
PLANTS-CHEMPLP-1.2	2ygh	Yan	True	0.8085414701107724	False	40	0	0.0	1	1	1	1.0	1.0	0.8085414701107724	0.0
PLANTS-CHEMPLP-1.2	316d	Yan	False	2.8136914808771127	False	40	0	0.0	0	0	0	0.0	0.5231752290207446	4.2388528884074805	1.4251614075303678
PLANTS-CHEMPLP-1.2	3c44	Ruiz	True	1.6293838418394908	False	40	0	0.0	1	1	1	1.0	0.6407946266228608	1.800634393167348	0.17125055132785727
PLANTS-CHEMPLP-1.2	3d2x	Philips	False	2.0356098555091924	True	0	40	1.0	0	0	0	0.0	0.0		
PLANTS-CHEMPLP-1.2	3dil	Chen	True	0.7641134176285612	False	40	0	0.0	1	1	1	1.0	0.8859554198836609	1.7622499870903674	0.9981365694618062
PLANTS-CHEMPLP-1.2	3ds7	Yan	True	0.8217342892354335	True	0	40	1.0	0	0	0	0.0	0.0		
PLANTS-CHEMPLP-1.2	3dvv	Chen	True	1.2764267243287588	False	40	0	0.0	0	1	1	0.5	0.6575123959566593	4.965749410810793	3.6893226864820345
PLANTS-CHEMPLP-1.2	3e5c	Yan	True	1.999396467177774	False	40	0	0.0	0	0	0	0.058823529411764705	0.293493482637089	4.47897579545774	2.479579328279966
PLANTS-CHEMPLP-1.2	3f2q	Chen	True	1.0101305388334074	False	40	0	0.0	1	1	1	1.0	0.5829965388414337	1.6595572292321754	0.649426690398768
PLANTS-CHEMPLP-1.2	3fo4	Yan	True	0.2613436174151499	False	40	0	0.0	1	1	1	1.0	0.9588282270969025	0.34948195297403467	0.08813833555888478
PLANTS-CHEMPLP-1.2	3fo6	Yan	True	0.22728604041310277	False	40	0	0.0	1	1	1	1.0	1.0	0.22728604041310277	0.0
PLANTS-CHEMPLP-1.2	3gao	Yan	True	0.33643264353561714	False	40	0	0.0	1	1	1	1.0	0.773881610832739	0.33643264353561714	0.0
PLANTS-CHEMPLP-1.2	3ger	Yan	True	0.19989114992460735	False	40	0	0.0	1	1	1	1.0	0.9603250160361274	0.19989114992460735	0.0
PLANTS-CHEMPLP-1.2	3ges	Yan	True	0.2499471444125742	False	40	0	0.0	1	1	1	1.0	0.9984384086111778	0.2499471444125742	0.0
PLANTS-CHEMPLP-1.2	3gog	Yan	True	0.3998875762465794	False	40	0	0.0	1	1	1	1.0	1.0	0.3998875762465794	0.0
PLANTS-CHEMPLP-1.2	3got	Yan	False	2.7716463906035083	False	40	0	0.0	0	0	0	0.0	1.0	3.3504074299051503	0.578761039301642
PLANTS-CHEMPLP-1.2	3gx2	Chen;Philips	True	1.4084389881472794	False	40	0	0.0	1	1	1	1.0	0.799415381414959	1.4084389881472794	0.0
PLANTS-CHEMPLP-1.2	3gx3	Chen	True	1.0187102173449898	False	40	0	0.0	0	0	1	0.2	0.49925402593250484	2.3742021410441145	1.3554919236991247
PLANTS-CHEMPLP-1.2	3gx5	Chen	True	1.770310961698851	False	40	0	0.0	0	0	0	0.14285714285714285	0.6879136661834281	2.045497498934709	0.27518653723585773
PLANTS-CHEMPLP-1.2	3gx7	Chen	True	0.9634540639456212	False	40	0	0.0	1	1	1	1.0	0.6523384538781523	0.9634540639456212	0.0
PLANTS-CHEMPLP-1.2	3la5	Chen;Yan	True	0.4656472981238049	False	40	0	0.0	1	1	1	1.0	0.9371166382005485	0.6538233276275787	0.18817602950377377
PLANTS-CHEMPLP-1.2	3mum	Yan	False	3.9643502277773415	False	40	0	0.0	0	0	0	0.0	0.44496233966954024	4.10474093370411	0.1403907059267686
PLANTS-CHEMPLP-1.2	3mur	Yan	False	2.887031483992722	False	40	0	0.0	0	0	0	0.0	1.0	3.0107333570728754	0.12370187308015357
PLANTS-CHEMPLP-1.2	3mxh	Yan	False	3.3503603627397145	False	40	0	0.0	0	0	0	0.0	1.0	3.9405141452772927	0.5901537825375782
PLANTS-CHEMPLP-1.2	3npn	Yan	True	1.3746024435058704	False	40	0	0.0	0	1	1	0.3333333333333333	0.3376192993020811	8.89221294850379	7.517610504997919
PLANTS-CHEMPLP-1.2	3npq	Chen	True	1.5500293256531037	False	40	0	0.0	1	1	1	1.0	0.5973311468400941	1.6425176977152154	0.09248837206211169
PLANTS-CHEMPLP-1.2	3owz	Yan	True	0.5381498397286741	True	0	40	1.0	0	0	0	0.0	0.0		
PLANTS-CHEMPLP-1.2	3q3z	Chen;Yan	False	3.031699731604153	False	40	0	0.0	0	0	0	0.0	1.0	3.1007442837584773	0.06904455215432437
PLANTS-CHEMPLP-1.2	3q50	Yan	True	0.46515965083961236	False	40	0	0.0	1	1	1	1.0	0.940487524054191	0.7683620310564753	0.3032023802168629
PLANTS-CHEMPLP-1.2	3s4p	Yan	False	3.012090399774731	False	40	0	0.0	0	0	0	0.0	0.4114350473367146	9.578818640940947	6.566728241166215
PLANTS-CHEMPLP-1.2	3slm	Yan	True	0.7676568107757754	False	40	0	0.0	1	1	1	1.0	0.8572006040137921	0.8824292497812869	0.11477243900551148
PLANTS-CHEMPLP-1.2	407d	Yan	True	1.2836002777831577	True	0	40	1.0	0	0	0	0.0	0.0		
PLANTS-CHEMPLP-1.2	408d	Yan	True	1.2521951214278308	False	40	0	0.0	1	1	1	1.0	0.7034066032439746	1.3633277649490056	0.1111326435211748
PLANTS-CHEMPLP-1.2	4aob	Yan	True	1.5428576303105248	False	40	0	0.0	1	1	1	1.0	0.7248728992953603	1.9767796731796632	0.4339220428691384
PLANTS-CHEMPLP-1.2	4erj	Yan	True	0.4577464521374737	False	40	0	0.0	1	1	1	1.0	1.0	0.5741949485051999	0.1164484963677262
PLANTS-CHEMPLP-1.2	4fe5	Yan	False	2.83347179587163	False	40	0	0.0	0	0	0	0.0	1.0	3.2933408677208003	0.4598690718491705
PLANTS-CHEMPLP-1.2	4jf2	Yan	True	0.2420939439397603	False	40	0	0.0	1	1	1	1.0	1.0	0.29699952343914143	0.05490557949938113
PLANTS-CHEMPLP-1.2	4kqy	Yan	True	1.3444671812586133	False	40	0	0.0	0	1	1	0.3333333333333333	0.5563609658257104	2.483546388772552	1.1390792075139387
PLANTS-CHEMPLP-1.2	4lvv	Yan	True	1.6659476977878704	False	40	0	0.0	0	0	0	0.16666666666666666	0.679571948778148	2.653452652843528	0.9875049550556574
SurfNA-scorer0	1am0	Chen;Philips;Ruiz	True	1.010526539676868	False	40	0	0.0	1	1	1	1.0	1.0	1.2132035223002526	0.20267698262338474
SurfNA-scorer0	1arj	Yan	True	1.4546008195263285	False	40	0	0.0	1	1	1	1.0	0.9621404437403492	1.987684178049085	0.5330833585227566
SurfNA-scorer0	1byj	Chen;Philips;Ruiz;Yan	True	1.0964407310813447	False	40	0	0.0	1	1	1	1.0	0.7766550878377376	1.3956350513123452	0.29919432023100057
SurfNA-scorer0	1cvx	Yan	True	1.469550698484631	False	40	0	0.0	1	1	1	1.0	0.6184621846355329	1.9592853617986161	0.4897346633139852
SurfNA-scorer0	1cvy	Yan	True	1.451309373224231	False	40	0	0.0	1	1	1	1.0	0.8470834007796606	1.9026532571704378	0.4513438839462067
SurfNA-scorer0	1db6	Yan	True	1.5406292602375178	False	40	0	0.0	0	0	0	0.06666666666666667	0.257037921310369	4.997107939682045	3.456478679444527
SurfNA-scorer0	1eht	Chen;Philips;Ruiz	True	0.5976845675669501	False	40	0	0.0	1	1	1	1.0	0.7870909976509585	0.7798462535851339	0.18216168601818383
SurfNA-scorer0	1ei2	Chen;Philips;Ruiz	False	2.8688199810740174	False	40	0	0.0	0	0	0	0.0	0.1614208194205698	8.265689496734593	5.396869515660576
SurfNA-scorer0	1f1t	Chen;Philips;Ruiz;Yan	True	0.34244180527499796	False	40	0	0.0	1	1	1	1.0	1.0	0.523481614547474	0.18103980927247604
SurfNA-scorer0	1f27	Chen;Philips;Ruiz;Yan	True	1.673565540993241	False	40	0	0.0	1	1	1	1.0	0.8024810270405995	1.7198342772633648	0.046268736270123734
SurfNA-scorer0	1fjg	Philips	False	2.4929165963643007	False	40	0	0.0	0	0	0	0.0	0.4179623945769957	3.0452685610710306	0.5523519647067299
SurfNA-scorer0	1fmn	Chen;Philips;Ruiz	True	1.043119549329581	False	40	0	0.0	1	1	1	1.0	0.8083513656737865	1.043119549329581	0.0
SurfNA-scorer0	1fyp	Chen;Philips;Ruiz;Yan	False	2.1885660559349076	False	40	0	0.0	0	0	0	0.0	0.7486074865279203	2.70597601061059	0.5174099546756823
SurfNA-scorer0	1hnw	Philips	False	2.570370683201645	False	40	0	0.0	0	0	0	0.0	1.0	2.8777935131581285	0.3074228299564834
SurfNA-scorer0	1i9v	Yan	False	2.8191762082380087	False	40	0	0.0	0	0	0	0.0	0.7799082337019199	8.802601494147165	5.983425285909156
SurfNA-scorer0	1j7t	Chen;Philips;Ruiz	False	2.1334765656529897	False	40	0	0.0	0	0	0	0.0	0.7413907499369783	2.1334765656529897	0.0
SurfNA-scorer0	1koc	Chen;Philips;Ruiz	True	1.1731711742821962	False	40	0	0.0	0	1	1	0.5	0.7714152866804275	2.015369319339097	0.8421981450569009
SurfNA-scorer0	1lc4	Chen;Ruiz	True	1.4541866945134658	False	40	0	0.0	1	1	1	1.0	0.808420271327562	1.4541866945134658	0.0
SurfNA-scorer0	1lvj	Chen;Ruiz	False	4.779434983524635	False	40	0	0.0	0	0	0	0.0	0.9363792118010481	5.0676753567394535	0.2882403732148182
SurfNA-scorer0	1mwl	Chen;Philips;Ruiz	True	1.496875025334643	False	40	0	0.0	1	1	1	1.0	0.7704393892802212	1.496875025334643	0.0
SurfNA-scorer0	1nbk	Philips	True	1.1126695983085002	False	40	0	0.0	1	1	1	1.0	1.0	1.831640972370587	0.7189713740620869
SurfNA-scorer0	1nem	Chen;Philips;Ruiz	False	2.0908646676845035	False	40	0	0.0	0	0	0	0.0	0.74591043058532	4.414117632799388	2.3232529651148845
SurfNA-scorer0	1nta	Ruiz	True	1.7214690151147072	False	40	0	0.0	0	1	1	0.5	0.8447092793045974	3.2303501725819137	1.5088811574672065
SurfNA-scorer0	1ntb	Chen;Ruiz	True	1.9759228848186359	False	40	0	0.0	1	1	1	1.0	0.7050682778861953	1.9759228848186359	0.0
SurfNA-scorer0	1nzm	Yan	True	0.48557503658430146	False	40	0	0.0	1	1	1	1.0	1.0	0.5178262390475726	0.03225120246327118
SurfNA-scorer0	1o15	Ruiz	True	0.43604654303446555	False	40	0	0.0	1	1	1	1.0	0.9010362095152994	0.8083956785367695	0.372349135502304
SurfNA-scorer0	1o9m	Ruiz	False	2.03138917319478	False	40	0	0.0	0	0	0	0.0	1.0	2.03138917319478	0.0
SurfNA-scorer0	1p96	Yan	True	1.890397318772039	False	40	0	0.0	1	1	1	1.0	0.9373903617480912	1.890397318772039	0.0
SurfNA-scorer0	1pbr	Chen;Philips;Ruiz	True	1.705537819937774	False	40	0	0.0	0	1	1	0.5	0.5778941653737113	2.0900829168446204	0.38454509690684646
SurfNA-scorer0	1q8n	Chen;Philips;Ruiz;Yan	True	0.7660217529548362	False	40	0	0.0	1	1	1	1.0	1.0	0.8835340068158102	0.11751225386097397
SurfNA-scorer0	1qd3	Chen;Ruiz;Yan	True	1.928330414349357	False	40	0	0.0	0	0	0	0.037037037037037035	0.601390661495201	2.365052374482988	0.4367219601336312
SurfNA-scorer0	1qv4	Yan	True	1.3794472552439256	False	40	0	0.0	1	1	1	1.0	0.6319515907971062	1.3794472552439256	0.0
SurfNA-scorer0	1qv8	Yan	True	0.7532759854755212	False	40	0	0.0	1	1	1	1.0	0.754595896395787	1.042726146581501	0.28945016110597976
SurfNA-scorer0	1r4e	Yan	True	1.7529805623712096	False	40	0	0.0	0	1	1	0.5	0.7875514541908171	2.2343203467262414	0.4813397843550318
SurfNA-scorer0	1tob	Chen;Philips;Ruiz	False	2.2437617642449252	False	40	0	0.0	0	0	0	0.0	0.22119341301481266	7.637656677914208	5.393894913669283
SurfNA-scorer0	1u8d	Chen;Ruiz	False	2.8086222024330723	False	40	0	0.0	0	0	0	0.0	1.0	2.878806125983478	0.07018392355040559
SurfNA-scorer0	1uts	Philips;Ruiz;Yan	False	3.66591238602343	False	40	0	0.0	0	0	0	0.0	0.6071438251071742	4.107981277545782	0.4420688915223514
SurfNA-scorer0	1uud	Chen;Philips;Ruiz;Yan	False	4.799426024765878	False	40	0	0.0	0	0	0	0.0	0.20210734650054757	7.428923076516542	2.629497051750664
SurfNA-scorer0	1uui	Philips;Ruiz	True	1.2204785934036377	False	40	0	0.0	0	0	0	0.1	0.2570598289626689	5.910444213975946	4.689965620572309
SurfNA-scorer0	1xbp	Philips	False	2.0432794041039264	False	40	0	0.0	0	0	0	0.0	0.8777267965010667	2.7028067939807023	0.659527389876776
SurfNA-scorer0	1xpf	Philips;Ruiz	True	1.2621769515970638	False	40	0	0.0	1	1	1	1.0	0.9621404437403492	1.698412636425975	0.4362356848289113
SurfNA-scorer0	1y26	Chen;Philips;Ruiz	True	0.3459016854541189	False	40	0	0.0	0	0	0	0.07692307692307693	0.5708681604027612	3.0861853883070602	2.7402837028529414
SurfNA-scorer0	1y27	Chen	True	0.42165238267817423	False	40	0	0.0	1	1	1	1.0	1.0	0.42165238267817423	0.0
SurfNA-scorer0	1ykv	Chen;Yan	True	0.8136967939595191	False	40	0	0.0	1	1	1	1.0	1.0	0.9848118134228199	0.17111501946330077
SurfNA-scorer0	1yrj	Chen;Ruiz;Yan	True	1.5864127895724114	False	40	0	0.0	0	1	1	0.3333333333333333	0.7012144179614818	2.139597848295897	0.5531850587234854
SurfNA-scorer0	1zz5	Chen	True	1.9276680521470217	False	40	0	0.0	0	1	1	0.3333333333333333	0.43427837269934466	5.237788439324555	3.310120387177533
SurfNA-scorer0	2au4	Ruiz;Yan	False	2.6098290481610085	False	40	0	0.0	0	0	0	0.0	0.6075001198357866	4.427587742072426	1.8177586939114172
SurfNA-scorer0	2b57	Yan	True	0.2784821978968396	False	40	0	0.0	1	1	1	1.0	0.9358380494819091	0.37066365052184663	0.09218145262500704
SurfNA-scorer0	2be0	Chen;Philips;Ruiz;Yan	False	3.560703918765977	False	40	0	0.0	0	0	0	0.0	0.0829071384176138	9.108100378255864	5.547396459489887
SurfNA-scorer0	2bee	Philips;Ruiz;Yan	False	2.694421231366918	False	40	0	0.0	0	0	0	0.0	0.6464685391727654	3.4359854177543316	0.7415641863874138
SurfNA-scorer0	2d55	Yan	False	4.722855449866461	False	40	0	0.0	0	0	0	0.0	0.46299204139243627	7.0121408684113335	2.289285418544872
SurfNA-scorer0	2esi	Chen	True	1.447672750878583	False	40	0	0.0	1	1	1	1.0	0.4492004530653047	1.7028963993648285	0.25522364848624557
SurfNA-scorer0	2esj	Ruiz	False	2.7541699940551685	False	40	0	0.0	0	0	0	0.0	0.12084949135917224	10.066279696457261	7.312109702402093
SurfNA-scorer0	2et3	Ruiz	True	1.258566850083472	False	40	0	0.0	1	1	1	1.0	0.8564624436311974	1.4404470033134993	0.18188015323002737
SurfNA-scorer0	2et4	Ruiz	True	1.73884504327551	False	40	0	0.0	0	0	0	0.030303030303030304	0.4780235293536693	2.158650365831568	0.41980532255605785
SurfNA-scorer0	2et8	Chen;Philips;Ruiz	True	0.8622047679166382	False	40	0	0.0	1	1	1	1.0	1.0	1.0837299124698088	0.22152514455317052
SurfNA-scorer0	2f4s	Ruiz	True	1.4976502671609522	False	40	0	0.0	0	1	1	0.5	0.8724916489737737	3.218648434443479	1.7209981672825267
SurfNA-scorer0	2f4t	Chen;Ruiz;Yan	True	1.8236189809590941	False	40	0	0.0	0	0	0	0.1	0.4226344958187901	8.288096335123386	6.464477354164292
SurfNA-scorer0	2f4u	Philips;Ruiz;Yan	True	1.3189682171219206	False	40	0	0.0	1	1	1	1.0	0.6404043290055392	1.3189682171219206	0.0
SurfNA-scorer0	2fcx	Ruiz	True	1.377127866909309	False	40	0	0.0	1	1	1	1.0	0.882214432161305	1.6255220364267882	0.24839416951747917
SurfNA-scorer0	2fcy	Ruiz	False	2.188452685825133	False	40	0	0.0	0	0	0	0.0	0.7103133335237044	4.787420900826108	2.598968215000975
SurfNA-scorer0	2fcz	Chen;Philips;Ruiz	True	1.1486058859723483	False	40	0	0.0	1	1	1	1.0	0.7000424795147723	1.1486058859723483	0.0
SurfNA-scorer0	2fd0	Chen;Philips;Ruiz	False	2.177141944729374	False	40	0	0.0	0	0	0	0.0	0.6660768994378579	2.7631901761230764	0.5860482313937023
SurfNA-scorer0	2g5k	Yan	True	1.9817026195073184	False	40	0	0.0	0	0	0	0.0625	0.2896628846564358	3.7664275759843227	1.7847249564770042
SurfNA-scorer0	2g5q	Chen;Philips;Ruiz	True	1.3671477774000875	False	40	0	0.0	1	1	1	1.0	0.7940329057253641	1.5647800299882408	0.1976322525881533
SurfNA-scorer0	2g9c	Yan	True	0.250364687339622	False	40	0	0.0	1	1	1	1.0	0.8164527516373896	0.49061549891720435	0.24025081157758232
SurfNA-scorer0	2gdi	Chen;Philips	True	0.9672940538111776	False	40	0	0.0	1	1	1	1.0	0.7329262180112152	0.9672940538111776	0.0
SurfNA-scorer0	2gis	Chen	True	1.253357946714582	False	40	0	0.0	1	1	1	1.0	0.7715589932974258	1.3957349437960396	0.14237699708145768
SurfNA-scorer0	2juk	Ruiz	False	4.113089637162474	False	40	0	0.0	0	0	0	0.0	0.3542454231505416	8.424624576244728	4.311534939082254
SurfNA-scorer0	2jwq	Yan	True	1.4500129621187874	False	40	0	0.0	1	1	1	1.0	0.8513008286850747	1.5166815888231122	0.06666862670432483
SurfNA-scorer0	2kgp	Chen;Yan	True	1.0569237153172404	False	40	0	0.0	1	1	1	1.0	1.0	1.4023833880888277	0.3454596727715873
SurfNA-scorer0	2ktz	Chen;Yan	True	0.6235266564505063	False	40	0	0.0	1	1	1	1.0	1.0	0.6236163341141033	8.96776635970209e-05
SurfNA-scorer0	2ku0	Chen;Yan	True	1.245806420512956	False	40	0	0.0	1	1	1	1.0	0.9305687780632228	1.7314408111768347	0.4856343906638787
SurfNA-scorer0	2l94	Yan	True	0.9025169714470749	False	40	0	0.0	1	1	1	1.0	0.913487233659423	0.9025169714470749	0.0
SurfNA-scorer0	2loa	Yan	False	2.5194676881712796	False	40	0	0.0	0	0	0	0.0	0.2940945979596688	6.827381922625341	4.307914234454062
SurfNA-scorer0	2mb3	Yan	True	1.875009959386883	False	40	0	0.0	1	1	1	1.0	0.7271779177121714	1.875009959386883	0.0
SurfNA-scorer0	2o3v	Chen;Ruiz	False	2.9836500796363983	False	40	0	0.0	0	0	0	0.0	0.6584213075961134	3.5888108640208785	0.6051607843844802
SurfNA-scorer0	2o3w	Ruiz;Yan	False	2.4886670918480878	False	40	0	0.0	0	0	0	0.0	0.4495168991261403	8.757047009694535	6.268379917846447
SurfNA-scorer0	2o3x	Philips;Ruiz;Yan	True	1.508943347340738	False	40	0	0.0	1	1	1	1.0	0.7494279938585517	1.7754141317886483	0.26647078444791017
SurfNA-scorer0	2oe5	Philips;Ruiz	True	1.5115900851108426	False	40	0	0.0	1	1	1	1.0	0.9220287941730808	1.5932855242836708	0.08169543917282818
SurfNA-scorer0	2oe8	Chen;Ruiz	True	1.554948458344555	False	40	0	0.0	1	1	1	1.0	0.6538118379824719	1.876739867717708	0.3217914093731531
SurfNA-scorer0	2ogn	Philips	True	1.7742209103682316	False	40	0	0.0	0	0	0	0.14285714285714285	0.7137837800150234	3.1502286130124633	1.3760077026442317
SurfNA-scorer0	2pwt	Chen;Philips	False	4.541330217146366	False	40	0	0.0	0	0	0	0.0	0.0	10.055680386643827	5.514350169497461
SurfNA-scorer0	2tob	Chen;Philips;Ruiz	False	2.4798907897450846	False	40	0	0.0	0	0	0	0.0	0.7133080652109929	3.656681826550541	1.1767910368054566
SurfNA-scorer0	2xnw	Yan	True	0.31603037037601317	False	40	0	0.0	1	1	1	1.0	1.0	0.3358882552278362	0.01985788485182305
SurfNA-scorer0	2xnz	Yan	True	0.18425218225754264	False	40	0	0.0	1	1	1	1.0	1.0	0.3091219752064796	0.12486979294893696
SurfNA-scorer0	2xo0	Yan	True	0.2622224723398056	False	40	0	0.0	0	0	0	0.14285714285714285	0.5447079621444004	2.1909141291365115	1.9286916567967058
SurfNA-scorer0	2xo1	Yan	True	0.3066500715206767	False	40	0	0.0	0	0	0	0.08333333333333333	0.5076726791165782	2.7218665452222304	2.4152164737015536
SurfNA-scorer0	2ydh	Yan	True	0.9351579327895684	False	40	0	0.0	1	1	1	1.0	0.8374703837905347	0.9351579327895684	0.0
SurfNA-scorer0	2ygh	Yan	True	0.8085414701107724	False	40	0	0.0	1	1	1	1.0	1.0	0.8930032489261126	0.08446177881534023
SurfNA-scorer0	316d	Yan	False	2.8136914808771127	False	40	0	0.0	0	0	0	0.0	0.41388088616176566	10.080165716935367	7.266474236058254
SurfNA-scorer0	3c44	Ruiz	True	1.6293838418394908	False	40	0	0.0	1	1	1	1.0	0.9912371543266705	1.6904114276595221	0.061027585820031316
SurfNA-scorer0	3d2x	Philips	False	2.0356098555091924	False	40	0	0.0	0	0	0	0.0	1.0	3.7231275878466232	1.6875177323374309
SurfNA-scorer0	3dil	Chen	True	0.7641134176285612	False	40	0	0.0	0	0	0	0.16666666666666666	0.2645877632951089	5.5426031275024545	4.778489709873893
SurfNA-scorer0	3ds7	Yan	True	0.8217342892354335	False	40	0	0.0	1	1	1	1.0	1.0	0.9250868218144375	0.10335253257900401
SurfNA-scorer0	3dvv	Chen	True	1.2764267243287588	False	40	0	0.0	1	1	1	1.0	0.7321179012386746	1.4072691666555317	0.1308424423267729
SurfNA-scorer0	3e5c	Yan	True	1.999396467177774	False	40	0	0.0	0	1	1	0.5	0.7247952354648295	4.969523323217228	2.970126856039454
SurfNA-scorer0	3f2q	Chen	True	1.0101305388334074	False	40	0	0.0	0	1	1	0.5	0.5322244500617308	4.692999290398137	3.6828687515647296
SurfNA-scorer0	3fo4	Yan	True	0.2613436174151499	False	40	0	0.0	1	1	1	1.0	1.0	0.34948195297403467	0.08813833555888478
SurfNA-scorer0	3fo6	Yan	True	0.22728604041310277	False	40	0	0.0	1	1	1	1.0	0.83339482864188	0.34355229102229357	0.1162662506091908
SurfNA-scorer0	3gao	Yan	True	0.33643264353561714	False	40	0	0.0	0	0	0	0.1	0.5507373937732051	3.7680848189401566	3.4316521754045395
SurfNA-scorer0	3ger	Yan	True	0.19989114992460735	False	40	0	0.0	1	1	1	1.0	1.0	0.19989114992460735	0.0
SurfNA-scorer0	3ges	Yan	True	0.2499471444125742	False	40	0	0.0	1	1	1	1.0	0.9083395131434802	0.4839847793749995	0.2340376349624253
SurfNA-scorer0	3gog	Yan	True	0.3998875762465794	False	40	0	0.0	1	1	1	1.0	0.9875245551938469	0.44586236665589984	0.045974790409320454
SurfNA-scorer0	3got	Yan	False	2.7716463906035083	False	40	0	0.0	0	0	0	0.0	1.0	3.342165268613638	0.5705188780101298
SurfNA-scorer0	3gx2	Chen;Philips	True	1.4084389881472794	False	40	0	0.0	0	1	1	0.5	0.8683200110947056	2.453423419919074	1.0449844317717947
SurfNA-scorer0	3gx3	Chen	True	1.0187102173449898	False	40	0	0.0	1	1	1	1.0	0.7239260368719526	1.0187102173449898	0.0
SurfNA-scorer0	3gx5	Chen	True	1.770310961698851	False	40	0	0.0	0	1	1	0.3333333333333333	0.7434282579438389	2.0310512541629855	0.26074029246413444
SurfNA-scorer0	3gx7	Chen	True	0.9634540639456212	False	40	0	0.0	1	1	1	1.0	0.8797521383677382	0.9634540639456212	0.0
SurfNA-scorer0	3la5	Chen;Yan	True	0.4656472981238049	False	40	0	0.0	1	1	1	1.0	0.8992570819408977	0.6114099279534146	0.14576262982960975
SurfNA-scorer0	3mum	Yan	False	3.9643502277773415	False	40	0	0.0	0	0	0	0.0	0.6242849689678545	4.052933190134726	0.08858296235738461
SurfNA-scorer0	3mur	Yan	False	2.887031483992722	False	40	0	0.0	0	0	0	0.0	1.0	2.927633300384756	0.040601816392034085
SurfNA-scorer0	3mxh	Yan	False	3.3503603627397145	False	40	0	0.0	0	0	0	0.0	1.0	3.3779468472791985	0.02758648453948398
SurfNA-scorer0	3npn	Yan	True	1.3746024435058704	False	40	0	0.0	1	1	1	1.0	0.9005013606740307	1.3746024435058704	0.0
SurfNA-scorer0	3npq	Chen	True	1.5500293256531037	False	40	0	0.0	1	1	1	1.0	0.8892341782202958	1.6425176977152154	0.09248837206211169
SurfNA-scorer0	3owz	Yan	True	0.5381498397286741	False	40	0	0.0	1	1	1	1.0	0.711965097411398	0.670402452262817	0.1322526125341429
SurfNA-scorer0	3q3z	Chen;Yan	False	3.031699731604153	False	40	0	0.0	0	0	0	0.0	1.0	3.1007442837584773	0.06904455215432437
SurfNA-scorer0	3q50	Yan	True	0.46515965083961236	False	40	0	0.0	1	1	1	1.0	1.0	0.5625741045203936	0.09741445368078122
SurfNA-scorer0	3s4p	Yan	False	3.012090399774731	False	40	0	0.0	0	0	0	0.0	0.3196311965446524	9.12176928115808	6.109678881383349
SurfNA-scorer0	3slm	Yan	True	0.7676568107757754	False	40	0	0.0	1	1	1	1.0	0.9571445274678272	0.8182982038565056	0.050641393080730235
SurfNA-scorer0	407d	Yan	True	1.2836002777831577	False	40	0	0.0	1	1	1	1.0	0.9132787479554084	1.4369480019877776	0.15334772420461995
SurfNA-scorer0	408d	Yan	True	1.2521951214278308	False	40	0	0.0	1	1	1	1.0	0.8077124546841145	1.4315465489120944	0.17935142748426358
SurfNA-scorer0	4aob	Yan	True	1.5428576303105248	False	40	0	0.0	0	1	1	0.5	0.5751344648295246	2.1342282144797644	0.5913705841692396
SurfNA-scorer0	4erj	Yan	True	0.4577464521374737	False	40	0	0.0	1	1	1	1.0	1.0	1.0429654974585154	0.5852190453210417
SurfNA-scorer0	4fe5	Yan	False	2.83347179587163	False	40	0	0.0	0	0	0	0.0	1.0	3.259545730159342	0.42607393428771223
SurfNA-scorer0	4jf2	Yan	True	0.2420939439397603	False	40	0	0.0	1	1	1	1.0	1.0	0.44208861798721494	0.19999467404745463
SurfNA-scorer0	4kqy	Yan	True	1.3444671812586133	False	40	0	0.0	1	1	1	1.0	0.8015440988120202	1.6559710302305906	0.31150384897197725
SurfNA-scorer0	4lvv	Yan	True	1.6659476977878704	False	40	0	0.0	0	0	0	0.1111111111111111	0.6696096480442697	2.9551041075022164	1.289156409714346
rDock-26.05-alpha	1am0	Chen;Philips;Ruiz	True	1.010526539676868	False	40	0	0.0	1	1	1	1.0	1.0	1.2948814055147388	0.28435486583787095
rDock-26.05-alpha	1arj	Yan	True	1.4546008195263285	False	40	0	0.0	1	1	1	1.0	0.8968146857485437	1.8247468347234728	0.3701460151971443
rDock-26.05-alpha	1byj	Chen;Philips;Ruiz;Yan	True	1.0964407310813447	False	40	0	0.0	0	1	1	0.5	0.5942098423224307	2.12023019048526	1.0237894594039152
rDock-26.05-alpha	1cvx	Yan	True	1.469550698484631	False	40	0	0.0	1	1	1	1.0	0.8591772093306478	1.9592853617986161	0.4897346633139852
rDock-26.05-alpha	1cvy	Yan	True	1.451309373224231	False	40	0	0.0	0	1	1	0.5	0.7514172994960044	2.3654758238891933	0.9141664506649623
rDock-26.05-alpha	1db6	Yan	True	1.5406292602375178	False	40	0	0.0	0	0	0	0.16666666666666666	0.46073399389944436	4.965815159753062	3.4251858995155446
rDock-26.05-alpha	1eht	Chen;Philips;Ruiz	True	0.5976845675669501	False	40	0	0.0	0	0	1	0.25	0.6091324442196363	3.3008361110948377	2.7031515435278877
rDock-26.05-alpha	1ei2	Chen;Philips;Ruiz	False	2.8688199810740174	False	40	0	0.0	0	0	0	0.0	0.06643871027537931	8.265689496734593	5.396869515660576
rDock-26.05-alpha	1f1t	Chen;Philips;Ruiz;Yan	True	0.34244180527499796	False	40	0	0.0	1	1	1	1.0	1.0	0.34244180527499796	0.0
rDock-26.05-alpha	1f27	Chen;Philips;Ruiz;Yan	True	1.673565540993241	False	40	0	0.0	0	0	1	0.25	0.59199993235648	2.924107571443807	1.2505420304505661
rDock-26.05-alpha	1fjg	Philips	False	2.4929165963643007	True	0	40	1.0	0	0	0	0.0	0.0		
rDock-26.05-alpha	1fmn	Chen;Philips;Ruiz	True	1.043119549329581	False	40	0	0.0	0	1	1	0.5	0.5768698976848344	4.5944264643643615	3.5513069150347807
rDock-26.05-alpha	1fyp	Chen;Philips;Ruiz;Yan	False	2.1885660559349076	False	40	0	0.0	0	0	0	0.0	0.8062502433656068	3.0521798323571336	0.863613776422226
rDock-26.05-alpha	1hnw	Philips	False	2.570370683201645	True	0	40	1.0	0	0	0	0.0	0.0		
rDock-26.05-alpha	1i9v	Yan	False	2.8191762082380087	False	40	0	0.0	0	0	0	0.0	0.8205228949141826	2.828541830713352	0.009365622475343116
rDock-26.05-alpha	1j7t	Chen;Philips;Ruiz	False	2.1334765656529897	False	40	0	0.0	0	0	0	0.0	0.8645073774981994	2.1334765656529897	0.0
rDock-26.05-alpha	1koc	Chen;Philips;Ruiz	True	1.1731711742821962	False	40	0	0.0	1	1	1	1.0	0.9371166382005485	1.346806992173217	0.1736358178910209
rDock-26.05-alpha	1lc4	Chen;Ruiz	True	1.4541866945134658	False	40	0	0.0	0	0	1	0.2	0.30282539899012034	7.948976924481382	6.494790229967917
rDock-26.05-alpha	1lvj	Chen;Ruiz	False	4.779434983524635	False	40	0	0.0	0	0	0	0.0	0.905211635630449	5.129520960725451	0.35008597720081536
rDock-26.05-alpha	1mwl	Chen;Philips;Ruiz	True	1.496875025334643	False	40	0	0.0	0	0	0	0.125	0.41185942324138836	2.6509474632001027	1.1540724378654597
rDock-26.05-alpha	1nbk	Philips	True	1.1126695983085002	False	40	0	0.0	1	1	1	1.0	0.7975167679274938	1.8581814214440961	0.7455118231355959
rDock-26.05-alpha	1nem	Chen;Philips;Ruiz	False	2.0908646676845035	False	40	0	0.0	0	0	0	0.0	0.955830517697074	2.280643204386492	0.18977853670198863
rDock-26.05-alpha	1nta	Ruiz	True	1.7214690151147072	False	40	0	0.0	1	1	1	1.0	0.7590031823719697	1.7214690151147072	0.0
rDock-26.05-alpha	1ntb	Chen;Ruiz	True	1.9759228848186359	False	40	0	0.0	0	0	1	0.25	0.7213811593989614	3.801473130412735	1.825550245594099
rDock-26.05-alpha	1nzm	Yan	True	0.48557503658430146	False	40	0	0.0	1	1	1	1.0	0.9454678958294701	0.8121564246356257	0.3265813880513242
rDock-26.05-alpha	1o15	Ruiz	True	0.43604654303446555	False	40	0	0.0	1	1	1	1.0	0.9371166382005485	0.8083956785367695	0.372349135502304
rDock-26.05-alpha	1o9m	Ruiz	False	2.03138917319478	False	40	0	0.0	0	0	0	0.0	0.314880130667631	3.3623676529766615	1.3309784797818813
rDock-26.05-alpha	1p96	Yan	True	1.890397318772039	False	40	0	0.0	1	1	1	1.0	1.0	1.9810466526561155	0.09064933388407637
rDock-26.05-alpha	1pbr	Chen;Philips;Ruiz	True	1.705537819937774	False	40	0	0.0	1	1	1	1.0	0.8657923269536602	1.705537819937774	0.0
rDock-26.05-alpha	1q8n	Chen;Philips;Ruiz;Yan	True	0.7660217529548362	False	40	0	0.0	1	1	1	1.0	0.9432106656105238	0.8491942745920982	0.08317252163726196
rDock-26.05-alpha	1qd3	Chen;Ruiz;Yan	True	1.928330414349357	False	40	0	0.0	0	0	0	0.14285714285714285	0.6273678954182591	9.274007490574833	7.345677076225476
rDock-26.05-alpha	1qv4	Yan	True	1.3794472552439256	False	40	0	0.0	0	0	1	0.2	0.43621154230977444	12.824958955890882	11.445511700646955
rDock-26.05-alpha	1qv8	Yan	True	0.7532759854755212	False	40	0	0.0	0	1	1	0.5	0.6352557412688555	12.854949806374654	12.101673820899132
rDock-26.05-alpha	1r4e	Yan	True	1.7529805623712096	False	40	0	0.0	1	1	1	1.0	0.8699412717391302	1.7555299514712988	0.002549389100089172
rDock-26.05-alpha	1tob	Chen;Philips;Ruiz	False	2.2437617642449252	False	40	0	0.0	0	0	0	0.0	0.6816604510406281	2.9681733052502173	0.724411541005292
rDock-26.05-alpha	1u8d	Chen;Ruiz	False	2.8086222024330723	False	40	0	0.0	0	0	0	0.0	1.0	2.8932519857419954	0.08462978330892312
rDock-26.05-alpha	1uts	Philips;Ruiz;Yan	False	3.66591238602343	False	40	0	0.0	0	0	0	0.0	0.29945478589283087	9.149975049638114	5.484062663614683
rDock-26.05-alpha	1uud	Chen;Philips;Ruiz;Yan	False	4.799426024765878	False	40	0	0.0	0	0	0	0.0	0.0	6.971576479735412	2.1721504549695343
rDock-26.05-alpha	1uui	Philips;Ruiz	True	1.2204785934036377	False	40	0	0.0	1	1	1	1.0	0.7163231121576684	1.8162203298393451	0.5957417364357074
rDock-26.05-alpha	1xbp	Philips	False	2.0432794041039264	True	0	40	1.0	0	0	0	0.0	0.0		
rDock-26.05-alpha	1xpf	Philips;Ruiz	True	1.2621769515970638	False	40	0	0.0	0	1	1	0.5	0.8200684967613537	2.7214371955431407	1.459260243946077
rDock-26.05-alpha	1y26	Chen;Philips;Ruiz	True	0.3459016854541189	False	40	0	0.0	0	0	0	0.16666666666666666	0.7392311961107269	2.821484260810257	2.475582575356138
rDock-26.05-alpha	1y27	Chen	True	0.42165238267817423	False	40	0	0.0	1	1	1	1.0	1.0	0.44310545122926515	0.021453068551090915
rDock-26.05-alpha	1ykv	Chen;Yan	True	0.8136967939595191	False	40	0	0.0	1	1	1	1.0	0.92663607790064	0.827357593270804	0.013660799311284944
rDock-26.05-alpha	1yrj	Chen;Ruiz;Yan	True	1.5864127895724114	False	40	0	0.0	0	0	0	0.1	0.41808673670840174	9.68036695797639	8.093954168403977
rDock-26.05-alpha	1zz5	Chen	True	1.9276680521470217	False	40	0	0.0	0	0	0	0.14285714285714285	0.36740927767500453	5.255885168493528	3.328217116346506
rDock-26.05-alpha	2au4	Ruiz;Yan	False	2.6098290481610085	False	40	0	0.0	0	0	0	0.0	0.6376430842017811	3.5658776208932776	0.9560485727322692
rDock-26.05-alpha	2b57	Yan	True	0.2784821978968396	False	40	0	0.0	1	1	1	1.0	1.0	0.37066365052184663	0.09218145262500704
rDock-26.05-alpha	2be0	Chen;Philips;Ruiz;Yan	False	3.560703918765977	False	40	0	0.0	0	0	0	0.0	0.0	9.573475338723856	6.012771419957879
rDock-26.05-alpha	2bee	Philips;Ruiz;Yan	False	2.694421231366918	False	40	0	0.0	0	0	0	0.0	0.3034781570097387	9.150195043198337	6.45577381183142
rDock-26.05-alpha	2d55	Yan	False	4.722855449866461	False	40	0	0.0	0	0	0	0.0	0.5215784827120726	7.0121408684113335	2.289285418544872
rDock-26.05-alpha	2esi	Chen	True	1.447672750878583	False	40	0	0.0	0	1	1	0.5	0.5765340963152367	2.238842120382766	0.791169369504183
rDock-26.05-alpha	2esj	Ruiz	False	2.7541699940551685	False	40	0	0.0	0	0	0	0.0	0.13608109118963874	5.2214867130555245	2.467316719000356
rDock-26.05-alpha	2et3	Ruiz	True	1.258566850083472	False	40	0	0.0	0	1	1	0.3333333333333333	0.37704879676805775	8.780389717579776	7.521822867496304
rDock-26.05-alpha	2et4	Ruiz	True	1.73884504327551	False	40	0	0.0	0	0	0	0.07142857142857142	0.42299809718091336	5.145947948235814	3.407102904960304
rDock-26.05-alpha	2et8	Chen;Philips;Ruiz	True	0.8622047679166382	False	40	0	0.0	0	0	0	0.04	0.03144168089972574	6.055219462767036	5.193014694850398
rDock-26.05-alpha	2f4s	Ruiz	True	1.4976502671609522	False	40	0	0.0	1	1	1	1.0	0.6102273906984901	1.718959110915672	0.22130884375471993
rDock-26.05-alpha	2f4t	Chen;Ruiz;Yan	True	1.8236189809590941	False	40	0	0.0	0	0	0	0.037037037037037035	0.08967859881842313	8.455014262976903	6.631395282017809
rDock-26.05-alpha	2f4u	Philips;Ruiz;Yan	True	1.3189682171219206	False	40	0	0.0	1	1	1	1.0	0.49679761322384675	1.3189682171219206	0.0
rDock-26.05-alpha	2fcx	Ruiz	True	1.377127866909309	False	40	0	0.0	0	0	1	0.25	0.4827362082111719	3.2766209841292855	1.8994931172199765
rDock-26.05-alpha	2fcy	Ruiz	False	2.188452685825133	False	40	0	0.0	0	0	0	0.0	0.15958427214123666	9.111147115902535	6.922694430077401
rDock-26.05-alpha	2fcz	Chen;Philips;Ruiz	True	1.1486058859723483	False	40	0	0.0	0	0	0	0.1	0.1885443774511943	4.944261062047332	3.7956551760749835
rDock-26.05-alpha	2fd0	Chen;Philips;Ruiz	False	2.177141944729374	False	40	0	0.0	0	0	0	0.0	0.7859162856301584	2.7631901761230764	0.5860482313937023
rDock-26.05-alpha	2g5k	Yan	True	1.9817026195073184	False	40	0	0.0	0	0	0	0.03225806451612903	0.5022880047920217	3.0048106041407596	1.0231079846334412
rDock-26.05-alpha	2g5q	Chen;Philips;Ruiz	True	1.3671477774000875	False	40	0	0.0	0	0	0	0.1111111111111111	0.21664789663052267	5.6351272928169065	4.267979515416819
rDock-26.05-alpha	2g9c	Yan	True	0.250364687339622	False	40	0	0.0	1	1	1	1.0	0.9571445274678272	0.250364687339622	0.0
rDock-26.05-alpha	2gdi	Chen;Philips	True	0.9672940538111776	False	40	0	0.0	0	1	1	0.3333333333333333	0.7083705421327745	2.0608504128710483	1.0935563590598707
rDock-26.05-alpha	2gis	Chen	True	1.253357946714582	False	40	0	0.0	1	1	1	1.0	0.6004758908580895	1.3777782839156776	0.12442033720109569
rDock-26.05-alpha	2juk	Ruiz	False	4.113089637162474	False	40	0	0.0	0	0	0	0.0	0.09478836436955078	7.700428388180752	3.5873387510182777
rDock-26.05-alpha	2jwq	Yan	True	1.4500129621187874	False	40	0	0.0	1	1	1	1.0	0.5825890395161025	1.4500129621187874	0.0
rDock-26.05-alpha	2kgp	Chen;Yan	True	1.0569237153172404	False	40	0	0.0	1	1	1	1.0	0.9039129791606224	1.4023833880888277	0.3454596727715873
rDock-26.05-alpha	2ktz	Chen;Yan	True	0.6235266564505063	False	40	0	0.0	1	1	1	1.0	0.6563033086078546	0.7949482914548318	0.1714216350043255
rDock-26.05-alpha	2ku0	Chen;Yan	True	1.245806420512956	False	40	0	0.0	0	0	0	0.058823529411764705	0.034728270469252726	6.4650221270679555	5.219215706555
rDock-26.05-alpha	2l94	Yan	True	0.9025169714470749	False	40	0	0.0	1	1	1	1.0	0.8715649924597886	1.5151150382616716	0.6125980668145967
rDock-26.05-alpha	2loa	Yan	False	2.5194676881712796	False	40	0	0.0	0	0	0	0.0	0.5496398501275601	3.73709610666287	1.2176284184915902
rDock-26.05-alpha	2mb3	Yan	True	1.875009959386883	False	40	0	0.0	0	0	0	0.14285714285714285	0.22929279004630057	10.617489772709932	8.74247981332305
rDock-26.05-alpha	2o3v	Chen;Ruiz	False	2.9836500796363983	False	40	0	0.0	0	0	0	0.0	0.4934685793366761	4.012940658953944	1.029290579317546
rDock-26.05-alpha	2o3w	Ruiz;Yan	False	2.4886670918480878	False	40	0	0.0	0	0	0	0.0	0.2413040735884148	9.554688000512778	7.06602090866469
rDock-26.05-alpha	2o3x	Philips;Ruiz;Yan	True	1.508943347340738	False	40	0	0.0	0	1	1	0.5	0.7338496720475943	2.0029890480109005	0.4940457006701624
rDock-26.05-alpha	2oe5	Philips;Ruiz	True	1.5115900851108426	False	40	0	0.0	1	1	1	1.0	0.8276383462165713	1.8469912374863475	0.33540115237550494
rDock-26.05-alpha	2oe8	Chen;Ruiz	True	1.554948458344555	False	40	0	0.0	0	1	1	0.5	0.5854827264819559	9.826299511707536	8.27135105336298
rDock-26.05-alpha	2ogn	Philips	True	1.7742209103682316	True	0	40	1.0	0	0	0	0.0	0.0		
rDock-26.05-alpha	2pwt	Chen;Philips	False	4.541330217146366	False	40	0	0.0	0	0	0	0.0	0.20438239758848611	9.595088023445468	5.053757806299102
rDock-26.05-alpha	2tob	Chen;Philips;Ruiz	False	2.4798907897450846	False	40	0	0.0	0	0	0	0.0	0.7631925784528221	2.4798907897450846	0.0
rDock-26.05-alpha	2xnw	Yan	True	0.31603037037601317	False	40	0	0.0	1	1	1	1.0	0.9636452638863133	0.41099816057982547	0.0949677902038123
rDock-26.05-alpha	2xnz	Yan	True	0.18425218225754264	False	40	0	0.0	1	1	1	1.0	1.0	0.3028822121624912	0.11863002990494859
rDock-26.05-alpha	2xo0	Yan	True	0.2622224723398056	False	40	0	0.0	0	1	1	0.5	0.5620861761389174	2.2125947219836712	1.9503722496438656
rDock-26.05-alpha	2xo1	Yan	True	0.3066500715206767	False	40	0	0.0	1	1	1	1.0	0.9389591533209548	0.3066500715206767	0.0
rDock-26.05-alpha	2ydh	Yan	True	0.9351579327895684	False	40	0	0.0	0	1	1	0.5	0.5763502854120818	6.1628920738922925	5.227734141102724
rDock-26.05-alpha	2ygh	Yan	True	0.8085414701107724	False	40	0	0.0	1	1	1	1.0	1.0	0.9850400978866007	0.17649862777582837
rDock-26.05-alpha	316d	Yan	False	2.8136914808771127	False	40	0	0.0	0	0	0	0.0	0.49302259326499737	4.2388528884074805	1.4251614075303678
rDock-26.05-alpha	3c44	Ruiz	True	1.6293838418394908	False	40	0	0.0	1	1	1	1.0	0.824288276954705	1.780976342721411	0.1515925008819201
rDock-26.05-alpha	3d2x	Philips	False	2.0356098555091924	False	40	0	0.0	0	0	0	0.0	1.0	2.863839084233717	0.8282292287245245
rDock-26.05-alpha	3dil	Chen	True	0.7641134176285612	False	40	0	0.0	1	1	1	1.0	0.7832791195555623	1.7622499870903674	0.9981365694618062
rDock-26.05-alpha	3ds7	Yan	True	0.8217342892354335	False	40	0	0.0	1	1	1	1.0	1.0	0.8701126019085117	0.04837831267307824
rDock-26.05-alpha	3dvv	Chen	True	1.2764267243287588	False	40	0	0.0	1	1	1	1.0	0.9454678958294701	1.4745434244691344	0.19811670014037563
rDock-26.05-alpha	3e5c	Yan	True	1.999396467177774	False	40	0	0.0	0	0	0	0.04	0.3276419136186335	5.085984970739944	3.0865885035621705
rDock-26.05-alpha	3f2q	Chen	True	1.0101305388334074	False	40	0	0.0	0	1	1	0.5	0.6964478582806218	4.5531097076613465	3.542979168827939
rDock-26.05-alpha	3fo4	Yan	True	0.2613436174151499	False	40	0	0.0	1	1	1	1.0	0.9495112860465776	0.34948195297403467	0.08813833555888478
rDock-26.05-alpha	3fo6	Yan	True	0.22728604041310277	False	40	0	0.0	1	1	1	1.0	1.0	0.22728604041310277	0.0
rDock-26.05-alpha	3gao	Yan	True	0.33643264353561714	False	40	0	0.0	1	1	1	1.0	0.9469324543326584	0.33643264353561714	0.0
rDock-26.05-alpha	3ger	Yan	True	0.19989114992460735	False	40	0	0.0	1	1	1	1.0	1.0	0.5155893053760734	0.31569815545146607
rDock-26.05-alpha	3ges	Yan	True	0.2499471444125742	False	40	0	0.0	1	1	1	1.0	0.9984384086111778	0.2499471444125742	0.0
rDock-26.05-alpha	3gog	Yan	True	0.3998875762465794	False	40	0	0.0	1	1	1	1.0	1.0	0.3998875762465794	0.0
rDock-26.05-alpha	3got	Yan	False	2.7716463906035083	False	40	0	0.0	0	0	0	0.0	1.0	3.347311524872678	0.5756651342691699
rDock-26.05-alpha	3gx2	Chen;Philips	True	1.4084389881472794	False	40	0	0.0	0	1	1	0.5	0.6601829478745371	2.916782880668864	1.5083438925215846
rDock-26.05-alpha	3gx3	Chen	True	1.0187102173449898	False	40	0	0.0	1	1	1	1.0	0.7871892811076106	1.3093432186523013	0.2906330013073115
rDock-26.05-alpha	3gx5	Chen	True	1.770310961698851	False	40	0	0.0	0	0	0	0.08333333333333333	0.5232948295442567	4.9291396182595895	3.1588286565607384
rDock-26.05-alpha	3gx7	Chen	True	0.9634540639456212	False	40	0	0.0	1	1	1	1.0	0.45647460591032707	0.9634540639456212	0.0
rDock-26.05-alpha	3la5	Chen;Yan	True	0.4656472981238049	False	40	0	0.0	1	1	1	1.0	0.8593224540196795	0.49837143903919695	0.03272414091539205
rDock-26.05-alpha	3mum	Yan	False	3.9643502277773415	False	40	0	0.0	0	0	0	0.0	0.33940586647932386	7.342352163646197	3.3780019358688556
rDock-26.05-alpha	3mur	Yan	False	2.887031483992722	False	40	0	0.0	0	0	0	0.0	1.0	3.0107333570728754	0.12370187308015357
rDock-26.05-alpha	3mxh	Yan	False	3.3503603627397145	False	40	0	0.0	0	0	0	0.0	1.0	3.498155001133672	0.14779463839395746
rDock-26.05-alpha	3npn	Yan	True	1.3746024435058704	False	40	0	0.0	1	1	1	1.0	0.4533591998044334	1.55199594331845	0.17739349981257968
rDock-26.05-alpha	3npq	Chen	True	1.5500293256531037	False	40	0	0.0	1	1	1	1.0	0.8189307258589654	1.6425176977152154	0.09248837206211169
rDock-26.05-alpha	3owz	Yan	True	0.5381498397286741	False	40	0	0.0	0	1	1	0.5	0.6782227097118892	2.4026156184458616	1.8644657787171874
rDock-26.05-alpha	3q3z	Chen;Yan	False	3.031699731604153	False	40	0	0.0	0	0	0	0.0	1.0	3.200099135420923	0.1683994038167702
rDock-26.05-alpha	3q50	Yan	True	0.46515965083961236	False	40	0	0.0	1	1	1	1.0	0.9621404437403492	0.6153253392124547	0.15016568837284233
rDock-26.05-alpha	3s4p	Yan	False	3.012090399774731	False	40	0	0.0	0	0	0	0.0	0.8262346571285599	3.012090399774731	0.0
rDock-26.05-alpha	3slm	Yan	True	0.7676568107757754	False	40	0	0.0	0	1	1	0.5	0.500107138810081	6.8714621331872365	6.1038053224114615
rDock-26.05-alpha	407d	Yan	True	1.2836002777831577	False	40	0	0.0	1	1	1	1.0	0.461652476714123	1.7809166846037463	0.49731640682058864
rDock-26.05-alpha	408d	Yan	True	1.2521951214278308	False	40	0	0.0	0	1	1	0.5	0.6078680521970669	15.336381734717571	14.084186613289742
rDock-26.05-alpha	4aob	Yan	True	1.5428576303105248	False	40	0	0.0	1	1	1	1.0	0.730073481523995	1.9767796731796632	0.4339220428691384
rDock-26.05-alpha	4erj	Yan	True	0.4577464521374737	False	40	0	0.0	1	1	1	1.0	1.0	0.6826249539665089	0.22487850182903518
rDock-26.05-alpha	4fe5	Yan	False	2.83347179587163	False	40	0	0.0	0	0	0	0.0	1.0	2.9839840007949108	0.150512204923281
rDock-26.05-alpha	4jf2	Yan	True	0.2420939439397603	False	40	0	0.0	1	1	1	1.0	1.0	0.35327478844922705	0.11118084450946675
rDock-26.05-alpha	4kqy	Yan	True	1.3444671812586133	False	40	0	0.0	1	1	1	1.0	0.7260856671093344	1.6559710302305906	0.31150384897197725
rDock-26.05-alpha	4lvv	Yan	True	1.6659476977878704	False	40	0	0.0	0	0	0	0.14285714285714285	0.6754420500956949	2.653452652843528	0.9875049550556574
