benchmark_set	population	method	metric	higher_is_better	n_complexes	n_contributing	estimate	ci95_low	ci95_high	bootstrap_draws_requested	bootstrap_draws_defined	bootstrap_seed
All128	full	AutoDock-Vina-1.2.7	top1_success_rate	True	128	128	0.375	0.296875	0.4609375	10000	10000	20260906
All128	full	AutoDock-Vina-1.2.7	top3_success_rate	True	128	128	0.53125	0.4453125	0.6171875	10000	10000	20260906
All128	full	AutoDock-Vina-1.2.7	top5_success_rate	True	128	128	0.578125	0.4921875	0.6640625	10000	10000	20260906
All128	full	AutoDock-Vina-1.2.7	mrr_first_lt2	True	128	128	0.470166817200365	0.3950777138506919	0.5467762374599462	10000	10000	20260906
All128	full	AutoDock-Vina-1.2.7	ndcg_at_10	True	128	128	0.643319031104685	0.5963903787831298	0.6895152900616799	10000	10000	20260906
All128	full	AutoDock-Vina-1.2.7	mean_regret_A_scored	False	128	126	2.0206665357290006	1.5806860192120897	2.52130322451469	10000	10000	20260906
All128	full	AutoDock-Vina-1.2.7	complex_failure_rate	False	128	128	0.015625	0.0	0.0390625	10000	10000	20260906
All128	full	AutoDock-Vina-1.2.7	pose_score_failure_rate	False	128	128	0.0224609375	0.004882812500000002	0.04687988281249994	10000	10000	20260906
All128	full	PLANTS-CHEMPLP-1.2	top1_success_rate	True	128	128	0.4140625	0.328125	0.5	10000	10000	20260906
All128	full	PLANTS-CHEMPLP-1.2	top3_success_rate	True	128	128	0.5234375	0.4375	0.609375	10000	10000	20260906
All128	full	PLANTS-CHEMPLP-1.2	top5_success_rate	True	128	128	0.5703125	0.484375	0.65625	10000	10000	20260906
All128	full	PLANTS-CHEMPLP-1.2	mrr_first_lt2	True	128	128	0.47914521778262587	0.4005764706724037	0.5586431879943484	10000	10000	20260906
All128	full	PLANTS-CHEMPLP-1.2	ndcg_at_10	True	128	128	0.6088665038542623	0.5534956860356326	0.6652715267043254	10000	10000	20260906
All128	full	PLANTS-CHEMPLP-1.2	mean_regret_A_scored	False	128	115	1.4566923232902218	1.072401622221354	1.872102184901389	10000	10000	20260906
All128	full	PLANTS-CHEMPLP-1.2	complex_failure_rate	False	128	128	0.1015625	0.0546875	0.15625	10000	10000	20260906
All128	full	PLANTS-CHEMPLP-1.2	pose_score_failure_rate	False	128	128	0.1015625	0.0546875	0.15625	10000	10000	20260906
All128	full	SurfNA-scorer0	top1_success_rate	True	128	128	0.5234375	0.4375	0.609375	10000	10000	20260906
All128	full	SurfNA-scorer0	top3_success_rate	True	128	128	0.6171875	0.53125	0.703125	10000	10000	20260906
All128	full	SurfNA-scorer0	top5_success_rate	True	128	128	0.6171875	0.53125	0.703125	10000	10000	20260906
All128	full	SurfNA-scorer0	mrr_first_lt2	True	128	128	0.5759394938105875	0.4953607384369104	0.6560155733300265	10000	10000	20260906
All128	full	SurfNA-scorer0	ndcg_at_10	True	128	128	0.7445321782418289	0.700683996891076	0.7848626732804957	10000	10000	20260906
All128	full	SurfNA-scorer0	mean_regret_A_scored	False	128	128	1.1493592584037746	0.8498232327841272	1.4775867166889298	10000	10000	20260906
All128	full	SurfNA-scorer0	complex_failure_rate	False	128	128	0.0	0.0	0.0	10000	10000	20260906
All128	full	SurfNA-scorer0	pose_score_failure_rate	False	128	128	0.0	0.0	0.0	10000	10000	20260906
All128	full	rDock-26.05-alpha	top1_success_rate	True	128	128	0.3984375	0.3203125	0.484375	10000	10000	20260906
All128	full	rDock-26.05-alpha	top3_success_rate	True	128	128	0.53125	0.4453125	0.6171875	10000	10000	20260906
All128	full	rDock-26.05-alpha	top5_success_rate	True	128	128	0.578125	0.4921875	0.6640625	10000	10000	20260906
All128	full	rDock-26.05-alpha	mrr_first_lt2	True	128	128	0.48648765795520715	0.4122812442447299	0.5644450611505805	10000	10000	20260906
All128	full	rDock-26.05-alpha	ndcg_at_10	True	128	128	0.6475183111914052	0.5950769849847779	0.699178970741464	10000	10000	20260906
All128	full	rDock-26.05-alpha	mean_regret_A_scored	False	128	124	1.9797638151103496	1.509992317354726	2.494098662299118	10000	10000	20260906
All128	full	rDock-26.05-alpha	complex_failure_rate	False	128	128	0.03125	0.0078125	0.0625	10000	10000	20260906
All128	full	rDock-26.05-alpha	pose_score_failure_rate	False	128	128	0.03125	0.0078125	0.0625	10000	10000	20260906
All128	rankable_lt2	AutoDock-Vina-1.2.7	top1_success_rate	True	92	92	0.5217391304347826	0.41304347826086957	0.6195652173913043	10000	10000	20260907
All128	rankable_lt2	AutoDock-Vina-1.2.7	top3_success_rate	True	92	92	0.7391304347826086	0.6413043478260869	0.8260869565217391	10000	10000	20260907
All128	rankable_lt2	AutoDock-Vina-1.2.7	top5_success_rate	True	92	92	0.8043478260869565	0.717391304347826	0.8804347826086957	10000	10000	20260907
All128	rankable_lt2	AutoDock-Vina-1.2.7	mrr_first_lt2	True	92	92	0.6541451369744209	0.5745713968558439	0.7304724510357505	10000	10000	20260907
All128	rankable_lt2	AutoDock-Vina-1.2.7	ndcg_at_10	True	92	92	0.6607654168091818	0.6107340804538978	0.7105150826940665	10000	10000	20260907
All128	rankable_lt2	AutoDock-Vina-1.2.7	mean_regret_A_scored	False	92	90	1.8600182054002816	1.3158356193529661	2.466369842978225	10000	10000	20260907
All128	rankable_lt2	AutoDock-Vina-1.2.7	complex_failure_rate	False	92	92	0.021739130434782608	0.0	0.05434782608695652	10000	10000	20260907
All128	rankable_lt2	AutoDock-Vina-1.2.7	pose_score_failure_rate	False	92	92	0.02608695652173913	0.0032608695652173907	0.05951086956521739	10000	10000	20260907
All128	rankable_lt2	PLANTS-CHEMPLP-1.2	top1_success_rate	True	92	92	0.5760869565217391	0.4782608695652174	0.6739130434782609	10000	10000	20260907
All128	rankable_lt2	PLANTS-CHEMPLP-1.2	top3_success_rate	True	92	92	0.7282608695652174	0.6413043478260869	0.8152173913043478	10000	10000	20260907
All128	rankable_lt2	PLANTS-CHEMPLP-1.2	top5_success_rate	True	92	92	0.7934782608695652	0.7065217391304348	0.8695652173913043	10000	10000	20260907
All128	rankable_lt2	PLANTS-CHEMPLP-1.2	mrr_first_lt2	True	92	92	0.6666368247410447	0.5836686114663258	0.7484512479741061	10000	10000	20260907
All128	rankable_lt2	PLANTS-CHEMPLP-1.2	ndcg_at_10	True	92	92	0.649803668818782	0.5872248082545781	0.7108966654291504	10000	10000	20260907
All128	rankable_lt2	PLANTS-CHEMPLP-1.2	mean_regret_A_scored	False	92	84	1.2231749214607386	0.7933014483061424	1.688156221857828	10000	10000	20260907
All128	rankable_lt2	PLANTS-CHEMPLP-1.2	complex_failure_rate	False	92	92	0.08695652173913043	0.03260869565217391	0.15217391304347827	10000	10000	20260907
All128	rankable_lt2	PLANTS-CHEMPLP-1.2	pose_score_failure_rate	False	92	92	0.08695652173913043	0.03260869565217391	0.15217391304347827	10000	10000	20260907
All128	rankable_lt2	SurfNA-scorer0	top1_success_rate	True	92	92	0.7282608695652174	0.6304347826086957	0.8152173913043478	10000	10000	20260907
All128	rankable_lt2	SurfNA-scorer0	top3_success_rate	True	92	92	0.8586956521739131	0.782608695652174	0.9239130434782609	10000	10000	20260907
All128	rankable_lt2	SurfNA-scorer0	top5_success_rate	True	92	92	0.8586956521739131	0.782608695652174	0.9239130434782609	10000	10000	20260907
All128	rankable_lt2	SurfNA-scorer0	mrr_first_lt2	True	92	92	0.8013071218234261	0.729517878709455	0.8685317672715771	10000	10000	20260907
All128	rankable_lt2	SurfNA-scorer0	ndcg_at_10	True	92	92	0.7906073608632901	0.7500117254451849	0.8297487035965049	10000	10000	20260907
All128	rankable_lt2	SurfNA-scorer0	mean_regret_A_scored	False	92	92	0.6868532451016819	0.4560280247880096	0.9484219557975185	10000	10000	20260907
All128	rankable_lt2	SurfNA-scorer0	complex_failure_rate	False	92	92	0.0	0.0	0.0	10000	10000	20260907
All128	rankable_lt2	SurfNA-scorer0	pose_score_failure_rate	False	92	92	0.0	0.0	0.0	10000	10000	20260907
All128	rankable_lt2	rDock-26.05-alpha	top1_success_rate	True	92	92	0.5543478260869565	0.45652173913043476	0.6521739130434783	10000	10000	20260907
All128	rankable_lt2	rDock-26.05-alpha	top3_success_rate	True	92	92	0.7391304347826086	0.6521739130434783	0.8260869565217391	10000	10000	20260907
All128	rankable_lt2	rDock-26.05-alpha	top5_success_rate	True	92	92	0.8043478260869565	0.717391304347826	0.8804347826086957	10000	10000	20260907
All128	rankable_lt2	rDock-26.05-alpha	mrr_first_lt2	True	92	92	0.6768523936768099	0.5977376041035084	0.7531931631757425	10000	10000	20260907
All128	rankable_lt2	rDock-26.05-alpha	ndcg_at_10	True	92	92	0.6914985516554009	0.63753753394574	0.7428571332331897	10000	10000	20260907
All128	rankable_lt2	rDock-26.05-alpha	mean_regret_A_scored	False	92	91	1.9609156684462188	1.3816686171547399	2.6116292786625945	10000	10000	20260907
All128	rankable_lt2	rDock-26.05-alpha	complex_failure_rate	False	92	92	0.010869565217391304	0.0	0.03260869565217391	10000	10000	20260907
All128	rankable_lt2	rDock-26.05-alpha	pose_score_failure_rate	False	92	92	0.010869565217391304	0.0	0.03260869565217391	10000	10000	20260907
Yan72	full	AutoDock-Vina-1.2.7	top1_success_rate	True	72	72	0.4027777777777778	0.2916666666666667	0.5138888888888888	10000	10000	20261006
Yan72	full	AutoDock-Vina-1.2.7	top3_success_rate	True	72	72	0.5694444444444444	0.4583333333333333	0.6805555555555556	10000	10000	20261006
Yan72	full	AutoDock-Vina-1.2.7	top5_success_rate	True	72	72	0.625	0.5138888888888888	0.7361111111111112	10000	10000	20261006
Yan72	full	AutoDock-Vina-1.2.7	mrr_first_lt2	True	72	72	0.499189360929557	0.3995972903050109	0.5979513888888888	10000	10000	20261006
Yan72	full	AutoDock-Vina-1.2.7	ndcg_at_10	True	72	72	0.6754306599924235	0.6118037527272108	0.7359901401827886	10000	10000	20261006
Yan72	full	AutoDock-Vina-1.2.7	mean_regret_A_scored	False	72	71	2.111291868286688	1.4470308243822887	2.871923386377989	10000	10000	20261006
Yan72	full	AutoDock-Vina-1.2.7	complex_failure_rate	False	72	72	0.013888888888888888	0.0	0.041666666666666664	10000	10000	20261006
Yan72	full	AutoDock-Vina-1.2.7	pose_score_failure_rate	False	72	72	0.025	0.00625	0.05729166666666666	10000	10000	20261006
Yan72	full	PLANTS-CHEMPLP-1.2	top1_success_rate	True	72	72	0.4722222222222222	0.3611111111111111	0.5833333333333334	10000	10000	20261006
Yan72	full	PLANTS-CHEMPLP-1.2	top3_success_rate	True	72	72	0.5416666666666666	0.4305555555555556	0.6527777777777778	10000	10000	20261006
Yan72	full	PLANTS-CHEMPLP-1.2	top5_success_rate	True	72	72	0.5972222222222222	0.4861111111111111	0.7083333333333334	10000	10000	20261006
Yan72	full	PLANTS-CHEMPLP-1.2	mrr_first_lt2	True	72	72	0.5206519039239628	0.4130680455052391	0.6280533509700177	10000	10000	20261006
Yan72	full	PLANTS-CHEMPLP-1.2	ndcg_at_10	True	72	72	0.6685096999769127	0.5939027020485462	0.7395371711209752	10000	10000	20261006
Yan72	full	PLANTS-CHEMPLP-1.2	mean_regret_A_scored	False	72	67	1.37237272487105	0.861668780092371	1.9478129400607695	10000	10000	20261006
Yan72	full	PLANTS-CHEMPLP-1.2	complex_failure_rate	False	72	72	0.06944444444444445	0.013888888888888888	0.1388888888888889	10000	10000	20261006
Yan72	full	PLANTS-CHEMPLP-1.2	pose_score_failure_rate	False	72	72	0.06944444444444445	0.013888888888888888	0.1388888888888889	10000	10000	20261006
Yan72	full	SurfNA-scorer0	top1_success_rate	True	72	72	0.5833333333333334	0.4722222222222222	0.6944444444444444	10000	10000	20261006
Yan72	full	SurfNA-scorer0	top3_success_rate	True	72	72	0.6388888888888888	0.5277777777777778	0.75	10000	10000	20261006
Yan72	full	SurfNA-scorer0	top5_success_rate	True	72	72	0.6388888888888888	0.5277777777777778	0.75	10000	10000	20261006
Yan72	full	SurfNA-scorer0	mrr_first_lt2	True	72	72	0.6185672031158141	0.5104333618092298	0.7227643435846561	10000	10000	20261006
Yan72	full	SurfNA-scorer0	ndcg_at_10	True	72	72	0.7683992086529963	0.7119459466663789	0.8193750238642613	10000	10000	20261006
Yan72	full	SurfNA-scorer0	mean_regret_A_scored	False	72	72	1.0795361031054438	0.6896091493752529	1.5266538653351454	10000	10000	20261006
Yan72	full	SurfNA-scorer0	complex_failure_rate	False	72	72	0.0	0.0	0.0	10000	10000	20261006
Yan72	full	SurfNA-scorer0	pose_score_failure_rate	False	72	72	0.0	0.0	0.0	10000	10000	20261006
Yan72	full	rDock-26.05-alpha	top1_success_rate	True	72	72	0.4722222222222222	0.3611111111111111	0.5833333333333334	10000	10000	20261006
Yan72	full	rDock-26.05-alpha	top3_success_rate	True	72	72	0.5972222222222222	0.4861111111111111	0.7083333333333334	10000	10000	20261006
Yan72	full	rDock-26.05-alpha	top5_success_rate	True	72	72	0.625	0.5138888888888888	0.7361111111111112	10000	10000	20261006
Yan72	full	rDock-26.05-alpha	mrr_first_lt2	True	72	72	0.5529632878639309	0.44975516446124447	0.6551624169132011	10000	10000	20261006
Yan72	full	rDock-26.05-alpha	ndcg_at_10	True	72	72	0.7051535262545454	0.6390038145288853	0.7689813830455603	10000	10000	20261006
Yan72	full	rDock-26.05-alpha	mean_regret_A_scored	False	72	72	2.0123737706411053	1.3175686664268815	2.781340375063056	10000	10000	20261006
Yan72	full	rDock-26.05-alpha	complex_failure_rate	False	72	72	0.0	0.0	0.0	10000	10000	20261006
Yan72	full	rDock-26.05-alpha	pose_score_failure_rate	False	72	72	0.0	0.0	0.0	10000	10000	20261006
Yan72	rankable_lt2	AutoDock-Vina-1.2.7	top1_success_rate	True	54	54	0.5370370370370371	0.4074074074074074	0.6666666666666666	10000	10000	20261007
Yan72	rankable_lt2	AutoDock-Vina-1.2.7	top3_success_rate	True	54	54	0.7592592592592593	0.6481481481481481	0.8703703703703703	10000	10000	20261007
Yan72	rankable_lt2	AutoDock-Vina-1.2.7	top5_success_rate	True	54	54	0.8333333333333334	0.7222222222222222	0.9259259259259259	10000	10000	20261007
Yan72	rankable_lt2	AutoDock-Vina-1.2.7	mrr_first_lt2	True	54	54	0.6655858145727427	0.5639482873396271	0.7651239711934156	10000	10000	20261007
Yan72	rankable_lt2	AutoDock-Vina-1.2.7	ndcg_at_10	True	54	54	0.6948485198516631	0.6257949349325276	0.7605647931832182	10000	10000	20261007
Yan72	rankable_lt2	AutoDock-Vina-1.2.7	mean_regret_A_scored	False	54	53	1.9564903041541386	1.1590891723358134	2.8708527450710943	10000	10000	20261007
Yan72	rankable_lt2	AutoDock-Vina-1.2.7	complex_failure_rate	False	54	54	0.018518518518518517	0.0	0.05555555555555555	10000	10000	20261007
Yan72	rankable_lt2	AutoDock-Vina-1.2.7	pose_score_failure_rate	False	54	54	0.024537037037037038	0.0032407407407407406	0.06342592592592593	10000	10000	20261007
Yan72	rankable_lt2	PLANTS-CHEMPLP-1.2	top1_success_rate	True	54	54	0.6296296296296297	0.5	0.7592592592592593	10000	10000	20261007
Yan72	rankable_lt2	PLANTS-CHEMPLP-1.2	top3_success_rate	True	54	54	0.7222222222222222	0.5925925925925926	0.8333333333333334	10000	10000	20261007
Yan72	rankable_lt2	PLANTS-CHEMPLP-1.2	top5_success_rate	True	54	54	0.7962962962962963	0.6851851851851852	0.8888888888888888	10000	10000	20261007
Yan72	rankable_lt2	PLANTS-CHEMPLP-1.2	mrr_first_lt2	True	54	54	0.6942025385652836	0.5841192738966431	0.8003692680776016	10000	10000	20261007
Yan72	rankable_lt2	PLANTS-CHEMPLP-1.2	ndcg_at_10	True	54	54	0.6923616369527207	0.6063944199677613	0.7725502514828446	10000	10000	20261007
Yan72	rankable_lt2	PLANTS-CHEMPLP-1.2	mean_regret_A_scored	False	54	50	1.2738025420977637	0.6605664382267236	1.9693979120836018	10000	10000	20261007
Yan72	rankable_lt2	PLANTS-CHEMPLP-1.2	complex_failure_rate	False	54	54	0.07407407407407407	0.018518518518518517	0.14814814814814814	10000	10000	20261007
Yan72	rankable_lt2	PLANTS-CHEMPLP-1.2	pose_score_failure_rate	False	54	54	0.07407407407407407	0.018518518518518517	0.14814814814814814	10000	10000	20261007
Yan72	rankable_lt2	SurfNA-scorer0	top1_success_rate	True	54	54	0.7777777777777778	0.6666666666666666	0.8888888888888888	10000	10000	20261007
Yan72	rankable_lt2	SurfNA-scorer0	top3_success_rate	True	54	54	0.8518518518518519	0.7592592592592593	0.9444444444444444	10000	10000	20261007
Yan72	rankable_lt2	SurfNA-scorer0	top5_success_rate	True	54	54	0.8518518518518519	0.7592592592592593	0.9444444444444444	10000	10000	20261007
Yan72	rankable_lt2	SurfNA-scorer0	mrr_first_lt2	True	54	54	0.8247562708210856	0.7297410530570253	0.9113162294238683	10000	10000	20261007
Yan72	rankable_lt2	SurfNA-scorer0	ndcg_at_10	True	54	54	0.8164018471036941	0.7641678065867046	0.865182084072647	10000	10000	20261007
Yan72	rankable_lt2	SurfNA-scorer0	mean_regret_A_scored	False	54	54	0.6033951404429133	0.3254485691264663	0.9350989536241613	10000	10000	20261007
Yan72	rankable_lt2	SurfNA-scorer0	complex_failure_rate	False	54	54	0.0	0.0	0.0	10000	10000	20261007
Yan72	rankable_lt2	SurfNA-scorer0	pose_score_failure_rate	False	54	54	0.0	0.0	0.0	10000	10000	20261007
Yan72	rankable_lt2	rDock-26.05-alpha	top1_success_rate	True	54	54	0.6296296296296297	0.5	0.7592592592592593	10000	10000	20261007
Yan72	rankable_lt2	rDock-26.05-alpha	top3_success_rate	True	54	54	0.7962962962962963	0.6851851851851852	0.9074074074074074	10000	10000	20261007
Yan72	rankable_lt2	rDock-26.05-alpha	top5_success_rate	True	54	54	0.8333333333333334	0.7222222222222222	0.9259259259259259	10000	10000	20261007
Yan72	rankable_lt2	rDock-26.05-alpha	mrr_first_lt2	True	54	54	0.7372843838185745	0.63875602265996	0.8325138110799875	10000	10000	20261007
Yan72	rankable_lt2	rDock-26.05-alpha	ndcg_at_10	True	54	54	0.7394910963267074	0.6699869036221071	0.8055830562109398	10000	10000	20261007
Yan72	rankable_lt2	rDock-26.05-alpha	mean_regret_A_scored	False	54	54	1.9702769226031949	1.1214958792162864	2.926318025074031	10000	10000	20261007
Yan72	rankable_lt2	rDock-26.05-alpha	complex_failure_rate	False	54	54	0.0	0.0	0.0	10000	10000	20261007
Yan72	rankable_lt2	rDock-26.05-alpha	pose_score_failure_rate	False	54	54	0.0	0.0	0.0	10000	10000	20261007
Ruiz52	full	AutoDock-Vina-1.2.7	top1_success_rate	True	52	52	0.2692307692307692	0.15384615384615385	0.40384615384615385	10000	10000	20261106
Ruiz52	full	AutoDock-Vina-1.2.7	top3_success_rate	True	52	52	0.40384615384615385	0.2692307692307692	0.5384615384615384	10000	10000	20261106
Ruiz52	full	AutoDock-Vina-1.2.7	top5_success_rate	True	52	52	0.46153846153846156	0.3269230769230769	0.5961538461538461	10000	10000	20261106
Ruiz52	full	AutoDock-Vina-1.2.7	mrr_first_lt2	True	52	52	0.35528762903762906	0.2473564352314352	0.47192683358308357	10000	10000	20261106
Ruiz52	full	AutoDock-Vina-1.2.7	ndcg_at_10	True	52	52	0.561401304020518	0.48163290164780614	0.6409071306456983	10000	10000	20261106
Ruiz52	full	AutoDock-Vina-1.2.7	mean_regret_A_scored	False	52	51	2.1489027128113887	1.5255867170461777	2.8007335443659045	10000	10000	20261106
Ruiz52	full	AutoDock-Vina-1.2.7	complex_failure_rate	False	52	52	0.019230769230769232	0.0	0.057692307692307696	10000	10000	20261106
Ruiz52	full	AutoDock-Vina-1.2.7	pose_score_failure_rate	False	52	52	0.021153846153846155	0.0	0.06105769230769231	10000	10000	20261106
Ruiz52	full	PLANTS-CHEMPLP-1.2	top1_success_rate	True	52	52	0.3269230769230769	0.21153846153846154	0.46153846153846156	10000	10000	20261106
Ruiz52	full	PLANTS-CHEMPLP-1.2	top3_success_rate	True	52	52	0.4807692307692308	0.34615384615384615	0.6153846153846154	10000	10000	20261106
Ruiz52	full	PLANTS-CHEMPLP-1.2	top5_success_rate	True	52	52	0.5192307692307693	0.38461538461538464	0.6538461538461539	10000	10000	20261106
Ruiz52	full	PLANTS-CHEMPLP-1.2	mrr_first_lt2	True	52	52	0.41374389499389497	0.2988782051282052	0.5352571733821735	10000	10000	20261106
Ruiz52	full	PLANTS-CHEMPLP-1.2	ndcg_at_10	True	52	52	0.5808749548619572	0.5033520799513637	0.6533225378542732	10000	10000	20261106
Ruiz52	full	PLANTS-CHEMPLP-1.2	mean_regret_A_scored	False	52	50	1.9605219125074889	1.3329303871929015	2.6606989542580504	10000	10000	20261106
Ruiz52	full	PLANTS-CHEMPLP-1.2	complex_failure_rate	False	52	52	0.038461538461538464	0.0	0.09615384615384616	10000	10000	20261106
Ruiz52	full	PLANTS-CHEMPLP-1.2	pose_score_failure_rate	False	52	52	0.038461538461538464	0.0	0.09615384615384616	10000	10000	20261106
Ruiz52	full	SurfNA-scorer0	top1_success_rate	True	52	52	0.4230769230769231	0.28846153846153844	0.5576923076923077	10000	10000	20261106
Ruiz52	full	SurfNA-scorer0	top3_success_rate	True	52	52	0.5192307692307693	0.38461538461538464	0.6538461538461539	10000	10000	20261106
Ruiz52	full	SurfNA-scorer0	top5_success_rate	True	52	52	0.5192307692307693	0.38461538461538464	0.6538461538461539	10000	10000	20261106
Ruiz52	full	SurfNA-scorer0	mrr_first_lt2	True	52	52	0.4745691630307015	0.34831090739744586	0.607065688940689	10000	10000	20261106
Ruiz52	full	SurfNA-scorer0	ndcg_at_10	True	52	52	0.6919770656612271	0.6230624603135168	0.7550801825373032	10000	10000	20261106
Ruiz52	full	SurfNA-scorer0	mean_regret_A_scored	False	52	52	1.3693470555555598	0.8631483358317092	1.955877922916741	10000	10000	20261106
Ruiz52	full	SurfNA-scorer0	complex_failure_rate	False	52	52	0.0	0.0	0.0	10000	10000	20261106
Ruiz52	full	SurfNA-scorer0	pose_score_failure_rate	False	52	52	0.0	0.0	0.0	10000	10000	20261106
Ruiz52	full	rDock-26.05-alpha	top1_success_rate	True	52	52	0.23076923076923078	0.11538461538461539	0.34615384615384615	10000	10000	20261106
Ruiz52	full	rDock-26.05-alpha	top3_success_rate	True	52	52	0.34615384615384615	0.21153846153846154	0.4807692307692308	10000	10000	20261106
Ruiz52	full	rDock-26.05-alpha	top5_success_rate	True	52	52	0.4423076923076923	0.3076923076923077	0.5769230769230769	10000	10000	20261106
Ruiz52	full	rDock-26.05-alpha	mrr_first_lt2	True	52	52	0.3255275742775743	0.22085533679283678	0.43791573819698826	10000	10000	20261106
Ruiz52	full	rDock-26.05-alpha	ndcg_at_10	True	52	52	0.557089711659202	0.4754278899615945	0.6382269556259553	10000	10000	20261106
Ruiz52	full	rDock-26.05-alpha	mean_regret_A_scored	False	52	52	2.5530188070158037	1.8359869100631345	3.2988032134330285	10000	10000	20261106
Ruiz52	full	rDock-26.05-alpha	complex_failure_rate	False	52	52	0.0	0.0	0.0	10000	10000	20261106
Ruiz52	full	rDock-26.05-alpha	pose_score_failure_rate	False	52	52	0.0	0.0	0.0	10000	10000	20261106
Ruiz52	rankable_lt2	AutoDock-Vina-1.2.7	top1_success_rate	True	32	32	0.4375	0.28125	0.5945312499999886	10000	10000	20261107
Ruiz52	rankable_lt2	AutoDock-Vina-1.2.7	top3_success_rate	True	32	32	0.65625	0.5	0.8125	10000	10000	20261107
Ruiz52	rankable_lt2	AutoDock-Vina-1.2.7	top5_success_rate	True	32	32	0.75	0.59375	0.875	10000	10000	20261107
Ruiz52	rankable_lt2	AutoDock-Vina-1.2.7	mrr_first_lt2	True	32	32	0.5773423971861472	0.44093504802489186	0.712451552353896	10000	10000	20261107
Ruiz52	rankable_lt2	AutoDock-Vina-1.2.7	ndcg_at_10	True	32	32	0.6045859402513073	0.51173771496534	0.6927070338480369	10000	10000	20261107
Ruiz52	rankable_lt2	AutoDock-Vina-1.2.7	mean_regret_A_scored	False	32	31	1.8263700331090553	1.103251855027705	2.656183579655988	10000	10000	20261107
Ruiz52	rankable_lt2	AutoDock-Vina-1.2.7	complex_failure_rate	False	32	32	0.03125	0.0	0.09375	10000	10000	20261107
Ruiz52	rankable_lt2	AutoDock-Vina-1.2.7	pose_score_failure_rate	False	32	32	0.03203125	0.0	0.0953125	10000	10000	20261107
Ruiz52	rankable_lt2	PLANTS-CHEMPLP-1.2	top1_success_rate	True	32	32	0.53125	0.34375	0.6875	10000	10000	20261107
Ruiz52	rankable_lt2	PLANTS-CHEMPLP-1.2	top3_success_rate	True	32	32	0.78125	0.625	0.90625	10000	10000	20261107
Ruiz52	rankable_lt2	PLANTS-CHEMPLP-1.2	top5_success_rate	True	32	32	0.84375	0.71875	0.96875	10000	10000	20261107
Ruiz52	rankable_lt2	PLANTS-CHEMPLP-1.2	mrr_first_lt2	True	32	32	0.6723338293650793	0.5412465897817461	0.8003720238095238	10000	10000	20261107
Ruiz52	rankable_lt2	PLANTS-CHEMPLP-1.2	ndcg_at_10	True	32	32	0.6369618621569137	0.5489982357768621	0.7216412071226981	10000	10000	20261107
Ruiz52	rankable_lt2	PLANTS-CHEMPLP-1.2	mean_regret_A_scored	False	32	31	1.6816895717561986	0.941226179620279	2.531586567981562	10000	10000	20261107
Ruiz52	rankable_lt2	PLANTS-CHEMPLP-1.2	complex_failure_rate	False	32	32	0.03125	0.0	0.09375	10000	10000	20261107
Ruiz52	rankable_lt2	PLANTS-CHEMPLP-1.2	pose_score_failure_rate	False	32	32	0.03125	0.0	0.09375	10000	10000	20261107
Ruiz52	rankable_lt2	SurfNA-scorer0	top1_success_rate	True	32	32	0.6875	0.53125	0.84375	10000	10000	20261107
Ruiz52	rankable_lt2	SurfNA-scorer0	top3_success_rate	True	32	32	0.84375	0.71875	0.96875	10000	10000	20261107
Ruiz52	rankable_lt2	SurfNA-scorer0	top5_success_rate	True	32	32	0.84375	0.71875	0.96875	10000	10000	20261107
Ruiz52	rankable_lt2	SurfNA-scorer0	mrr_first_lt2	True	32	32	0.7711748899248899	0.6423268745143744	0.8902296401515151	10000	10000	20261107
Ruiz52	rankable_lt2	SurfNA-scorer0	ndcg_at_10	True	32	32	0.7690327160830858	0.705252702269534	0.8282424023051516	10000	10000	20261107
Ruiz52	rankable_lt2	SurfNA-scorer0	mean_regret_A_scored	False	32	32	0.7243411604070722	0.3130177469678236	1.261719708371232	10000	10000	20261107
Ruiz52	rankable_lt2	SurfNA-scorer0	complex_failure_rate	False	32	32	0.0	0.0	0.0	10000	10000	20261107
Ruiz52	rankable_lt2	SurfNA-scorer0	pose_score_failure_rate	False	32	32	0.0	0.0	0.0	10000	10000	20261107
Ruiz52	rankable_lt2	rDock-26.05-alpha	top1_success_rate	True	32	32	0.375	0.21875	0.53125	10000	10000	20261107
Ruiz52	rankable_lt2	rDock-26.05-alpha	top3_success_rate	True	32	32	0.5625	0.40625	0.71875	10000	10000	20261107
Ruiz52	rankable_lt2	rDock-26.05-alpha	top5_success_rate	True	32	32	0.71875	0.5625	0.875	10000	10000	20261107
Ruiz52	rankable_lt2	rDock-26.05-alpha	mrr_first_lt2	True	32	32	0.5289823082010582	0.3971084242724867	0.663034164186508	10000	10000	20261107
Ruiz52	rankable_lt2	rDock-26.05-alpha	ndcg_at_10	True	32	32	0.6080929583840838	0.5156824710017134	0.6956037988049564	10000	10000	20261107
Ruiz52	rankable_lt2	rDock-26.05-alpha	mean_regret_A_scored	False	32	32	2.5336591816300733	1.6309333065672926	3.505135052433632	10000	10000	20261107
Ruiz52	rankable_lt2	rDock-26.05-alpha	complex_failure_rate	False	32	32	0.0	0.0	0.0	10000	10000	20261107
Ruiz52	rankable_lt2	rDock-26.05-alpha	pose_score_failure_rate	False	32	32	0.0	0.0	0.0	10000	10000	20261107
Chen52	full	AutoDock-Vina-1.2.7	top1_success_rate	True	52	52	0.36538461538461536	0.23076923076923078	0.5	10000	10000	20261206
Chen52	full	AutoDock-Vina-1.2.7	top3_success_rate	True	52	52	0.5	0.36538461538461536	0.6346153846153846	10000	10000	20261206
Chen52	full	AutoDock-Vina-1.2.7	top5_success_rate	True	52	52	0.5384615384615384	0.40384615384615385	0.6730769230769231	10000	10000	20261206
Chen52	full	AutoDock-Vina-1.2.7	mrr_first_lt2	True	52	52	0.4534172771672772	0.33526079822954813	0.5725671169108668	10000	10000	20261206
Chen52	full	AutoDock-Vina-1.2.7	ndcg_at_10	True	52	52	0.6054185527943299	0.5287067096506125	0.680167638163524	10000	10000	20261206
Chen52	full	AutoDock-Vina-1.2.7	mean_regret_A_scored	False	52	51	1.78966200859767	1.2285791943880464	2.4017215445816924	10000	10000	20261206
Chen52	full	AutoDock-Vina-1.2.7	complex_failure_rate	False	52	52	0.019230769230769232	0.0	0.057692307692307696	10000	10000	20261206
Chen52	full	AutoDock-Vina-1.2.7	pose_score_failure_rate	False	52	52	0.02355769230769231	0.0014423076923076926	0.06346153846153847	10000	10000	20261206
Chen52	full	PLANTS-CHEMPLP-1.2	top1_success_rate	True	52	52	0.34615384615384615	0.21153846153846154	0.4807692307692308	10000	10000	20261206
Chen52	full	PLANTS-CHEMPLP-1.2	top3_success_rate	True	52	52	0.4807692307692308	0.34615384615384615	0.6153846153846154	10000	10000	20261206
Chen52	full	PLANTS-CHEMPLP-1.2	top5_success_rate	True	52	52	0.5576923076923077	0.4230769230769231	0.6923076923076923	10000	10000	20261206
Chen52	full	PLANTS-CHEMPLP-1.2	mrr_first_lt2	True	52	52	0.4331425518925519	0.31628930097680097	0.5541678113553113	10000	10000	20261206
Chen52	full	PLANTS-CHEMPLP-1.2	ndcg_at_10	True	52	52	0.5959254113040399	0.5124095853387769	0.6741606480557946	10000	10000	20261206
Chen52	full	PLANTS-CHEMPLP-1.2	mean_regret_A_scored	False	52	49	1.7943398315406036	1.170336314468589	2.4719552139688115	10000	10000	20261206
Chen52	full	PLANTS-CHEMPLP-1.2	complex_failure_rate	False	52	52	0.057692307692307696	0.0	0.1346153846153846	10000	10000	20261206
Chen52	full	PLANTS-CHEMPLP-1.2	pose_score_failure_rate	False	52	52	0.057692307692307696	0.0	0.1346153846153846	10000	10000	20261206
Chen52	full	SurfNA-scorer0	top1_success_rate	True	52	52	0.5192307692307693	0.38461538461538464	0.6538461538461539	10000	10000	20261206
Chen52	full	SurfNA-scorer0	top3_success_rate	True	52	52	0.6538461538461539	0.5192307692307693	0.7884615384615384	10000	10000	20261206
Chen52	full	SurfNA-scorer0	top5_success_rate	True	52	52	0.6538461538461539	0.5192307692307693	0.7884615384615384	10000	10000	20261206
Chen52	full	SurfNA-scorer0	mrr_first_lt2	True	52	52	0.5842428227043611	0.45982864891518743	0.7055404887135656	10000	10000	20261206
Chen52	full	SurfNA-scorer0	ndcg_at_10	True	52	52	0.7111714294283321	0.6398252555242767	0.7798304715173889	10000	10000	20261206
Chen52	full	SurfNA-scorer0	mean_regret_A_scored	False	52	52	1.1183759666767499	0.6556909970344116	1.6379920719596843	10000	10000	20261206
Chen52	full	SurfNA-scorer0	complex_failure_rate	False	52	52	0.0	0.0	0.0	10000	10000	20261206
Chen52	full	SurfNA-scorer0	pose_score_failure_rate	False	52	52	0.0	0.0	0.0	10000	10000	20261206
Chen52	full	rDock-26.05-alpha	top1_success_rate	True	52	52	0.3076923076923077	0.19230769230769232	0.4423076923076923	10000	10000	20261206
Chen52	full	rDock-26.05-alpha	top3_success_rate	True	52	52	0.4423076923076923	0.3076923076923077	0.5769230769230769	10000	10000	20261206
Chen52	full	rDock-26.05-alpha	top5_success_rate	True	52	52	0.5192307692307693	0.38461538461538464	0.6538461538461539	10000	10000	20261206
Chen52	full	rDock-26.05-alpha	mrr_first_lt2	True	52	52	0.411365755703991	0.2975172847985348	0.5266851507697095	10000	10000	20261206
Chen52	full	rDock-26.05-alpha	ndcg_at_10	True	52	52	0.6208211110598802	0.5386903244313974	0.7008168276266827	10000	10000	20261206
Chen52	full	rDock-26.05-alpha	mean_regret_A_scored	False	52	52	2.080415523097614	1.4409509673255556	2.750323898358775	10000	10000	20261206
Chen52	full	rDock-26.05-alpha	complex_failure_rate	False	52	52	0.0	0.0	0.0	10000	10000	20261206
Chen52	full	rDock-26.05-alpha	pose_score_failure_rate	False	52	52	0.0	0.0	0.0	10000	10000	20261206
Chen52	rankable_lt2	AutoDock-Vina-1.2.7	top1_success_rate	True	38	38	0.5	0.34210526315789475	0.6578947368421053	10000	10000	20261207
Chen52	rankable_lt2	AutoDock-Vina-1.2.7	top3_success_rate	True	38	38	0.6842105263157895	0.5263157894736842	0.8157894736842105	10000	10000	20261207
Chen52	rankable_lt2	AutoDock-Vina-1.2.7	top5_success_rate	True	38	38	0.7368421052631579	0.5789473684210527	0.868421052631579	10000	10000	20261207
Chen52	rankable_lt2	AutoDock-Vina-1.2.7	mrr_first_lt2	True	38	38	0.6204657477025899	0.4934261695906432	0.7472022765246449	10000	10000	20261207
Chen52	rankable_lt2	AutoDock-Vina-1.2.7	ndcg_at_10	True	38	38	0.6024821815926894	0.5191836485318461	0.6823505043677911	10000	10000	20261207
Chen52	rankable_lt2	AutoDock-Vina-1.2.7	mean_regret_A_scored	False	38	37	1.735089235451041	1.082239598270293	2.428229452534281	10000	10000	20261207
Chen52	rankable_lt2	AutoDock-Vina-1.2.7	complex_failure_rate	False	38	38	0.02631578947368421	0.0	0.07894736842105263	10000	10000	20261207
Chen52	rankable_lt2	AutoDock-Vina-1.2.7	pose_score_failure_rate	False	38	38	0.03026315789473684	0.0013157894736842105	0.08486842105263155	10000	10000	20261207
Chen52	rankable_lt2	PLANTS-CHEMPLP-1.2	top1_success_rate	True	38	38	0.47368421052631576	0.3157894736842105	0.631578947368421	10000	10000	20261207
Chen52	rankable_lt2	PLANTS-CHEMPLP-1.2	top3_success_rate	True	38	38	0.6578947368421053	0.5	0.8157894736842105	10000	10000	20261207
Chen52	rankable_lt2	PLANTS-CHEMPLP-1.2	top5_success_rate	True	38	38	0.7631578947368421	0.631578947368421	0.8947368421052632	10000	10000	20261207
Chen52	rankable_lt2	PLANTS-CHEMPLP-1.2	mrr_first_lt2	True	38	38	0.5927213868003341	0.4621305868838764	0.7197746971595654	10000	10000	20261207
Chen52	rankable_lt2	PLANTS-CHEMPLP-1.2	ndcg_at_10	True	38	38	0.5983091538350216	0.5060087798080815	0.687173600936738	10000	10000	20261207
Chen52	rankable_lt2	PLANTS-CHEMPLP-1.2	mean_regret_A_scored	False	38	35	1.5346683454031782	0.9090469371812726	2.256301984808124	10000	10000	20261207
Chen52	rankable_lt2	PLANTS-CHEMPLP-1.2	complex_failure_rate	False	38	38	0.07894736842105263	0.0	0.15789473684210525	10000	10000	20261207
Chen52	rankable_lt2	PLANTS-CHEMPLP-1.2	pose_score_failure_rate	False	38	38	0.07894736842105263	0.0	0.15789473684210525	10000	10000	20261207
Chen52	rankable_lt2	SurfNA-scorer0	top1_success_rate	True	38	38	0.7105263157894737	0.5526315789473685	0.8421052631578947	10000	10000	20261207
Chen52	rankable_lt2	SurfNA-scorer0	top3_success_rate	True	38	38	0.8947368421052632	0.7894736842105263	0.9736842105263158	10000	10000	20261207
Chen52	rankable_lt2	SurfNA-scorer0	top5_success_rate	True	38	38	0.8947368421052632	0.7894736842105263	0.9736842105263158	10000	10000	20261207
Chen52	rankable_lt2	SurfNA-scorer0	mrr_first_lt2	True	38	38	0.7994901784375469	0.6924707602339181	0.896761133603239	10000	10000	20261207
Chen52	rankable_lt2	SurfNA-scorer0	ndcg_at_10	True	38	38	0.7658734595216711	0.7045015645689581	0.8217041641970578	10000	10000	20261207
Chen52	rankable_lt2	SurfNA-scorer0	mean_regret_A_scored	False	38	38	0.7378265877849832	0.3355254358794587	1.2330580363122838	10000	10000	20261207
Chen52	rankable_lt2	SurfNA-scorer0	complex_failure_rate	False	38	38	0.0	0.0	0.0	10000	10000	20261207
Chen52	rankable_lt2	SurfNA-scorer0	pose_score_failure_rate	False	38	38	0.0	0.0	0.0	10000	10000	20261207
Chen52	rankable_lt2	rDock-26.05-alpha	top1_success_rate	True	38	38	0.42105263157894735	0.2631578947368421	0.5789473684210527	10000	10000	20261207
Chen52	rankable_lt2	rDock-26.05-alpha	top3_success_rate	True	38	38	0.6052631578947368	0.4473684210526316	0.7631578947368421	10000	10000	20261207
Chen52	rankable_lt2	rDock-26.05-alpha	top5_success_rate	True	38	38	0.7105263157894737	0.5526315789473685	0.8421052631578947	10000	10000	20261207
Chen52	rankable_lt2	rDock-26.05-alpha	mrr_first_lt2	True	38	38	0.5629215604370403	0.43917138229560826	0.6873189448293937	10000	10000	20261207
Chen52	rankable_lt2	rDock-26.05-alpha	ndcg_at_10	True	38	38	0.62515365785785	0.5366706145921104	0.7102852847244628	10000	10000	20261207
Chen52	rankable_lt2	rDock-26.05-alpha	mean_regret_A_scored	False	38	38	2.25131053092162	1.4844547285232699	3.0596505128646796	10000	10000	20261207
Chen52	rankable_lt2	rDock-26.05-alpha	complex_failure_rate	False	38	38	0.0	0.0	0.0	10000	10000	20261207
Chen52	rankable_lt2	rDock-26.05-alpha	pose_score_failure_rate	False	38	38	0.0	0.0	0.0	10000	10000	20261207
Philips39	full	AutoDock-Vina-1.2.7	top1_success_rate	True	39	39	0.3076923076923077	0.1794871794871795	0.46153846153846156	10000	10000	20261306
Philips39	full	AutoDock-Vina-1.2.7	top3_success_rate	True	39	39	0.46153846153846156	0.3076923076923077	0.6153846153846154	10000	10000	20261306
Philips39	full	AutoDock-Vina-1.2.7	top5_success_rate	True	39	39	0.48717948717948717	0.3333333333333333	0.6410256410256411	10000	10000	20261306
Philips39	full	AutoDock-Vina-1.2.7	mrr_first_lt2	True	39	39	0.3880647130647131	0.2553365384615385	0.5264957264957264	10000	10000	20261306
Philips39	full	AutoDock-Vina-1.2.7	ndcg_at_10	True	39	39	0.5980933982248031	0.5028156963735881	0.6877612533804363	10000	10000	20261306
Philips39	full	AutoDock-Vina-1.2.7	mean_regret_A_scored	False	39	38	2.306506001313445	1.55442857454133	3.107414807367751	10000	10000	20261306
Philips39	full	AutoDock-Vina-1.2.7	complex_failure_rate	False	39	39	0.02564102564102564	0.0	0.07692307692307693	10000	10000	20261306
Philips39	full	AutoDock-Vina-1.2.7	pose_score_failure_rate	False	39	39	0.02564102564102564	0.0	0.07692307692307693	10000	10000	20261306
Philips39	full	PLANTS-CHEMPLP-1.2	top1_success_rate	True	39	39	0.3076923076923077	0.15384615384615385	0.46153846153846156	10000	10000	20261306
Philips39	full	PLANTS-CHEMPLP-1.2	top3_success_rate	True	39	39	0.5128205128205128	0.358974358974359	0.6666666666666666	10000	10000	20261306
Philips39	full	PLANTS-CHEMPLP-1.2	top5_success_rate	True	39	39	0.5384615384615384	0.38461538461538464	0.6923076923076923	10000	10000	20261306
Philips39	full	PLANTS-CHEMPLP-1.2	mrr_first_lt2	True	39	39	0.4081196581196581	0.27350427350427353	0.5448717948717948	10000	10000	20261306
Philips39	full	PLANTS-CHEMPLP-1.2	ndcg_at_10	True	39	39	0.5331741686179555	0.4263321604631831	0.6360258896502131	10000	10000	20261306
Philips39	full	PLANTS-CHEMPLP-1.2	mean_regret_A_scored	False	39	33	2.22427988984255	1.3864822145811004	3.1433857554282527	10000	10000	20261306
Philips39	full	PLANTS-CHEMPLP-1.2	complex_failure_rate	False	39	39	0.15384615384615385	0.05128205128205128	0.28205128205128205	10000	10000	20261306
Philips39	full	PLANTS-CHEMPLP-1.2	pose_score_failure_rate	False	39	39	0.15384615384615385	0.05128205128205128	0.28205128205128205	10000	10000	20261306
Philips39	full	SurfNA-scorer0	top1_success_rate	True	39	39	0.4358974358974359	0.28205128205128205	0.5897435897435898	10000	10000	20261306
Philips39	full	SurfNA-scorer0	top3_success_rate	True	39	39	0.5128205128205128	0.358974358974359	0.6666666666666666	10000	10000	20261306
Philips39	full	SurfNA-scorer0	top5_success_rate	True	39	39	0.5128205128205128	0.358974358974359	0.6666666666666666	10000	10000	20261306
Philips39	full	SurfNA-scorer0	mrr_first_lt2	True	39	39	0.4825584671738518	0.33383136094674554	0.6338405184559031	10000	10000	20261306
Philips39	full	SurfNA-scorer0	ndcg_at_10	True	39	39	0.6932714402167203	0.606093832144931	0.7741623249516554	10000	10000	20261306
Philips39	full	SurfNA-scorer0	mean_regret_A_scored	False	39	39	1.218085447707154	0.7131095866896745	1.784341601838824	10000	10000	20261306
Philips39	full	SurfNA-scorer0	complex_failure_rate	False	39	39	0.0	0.0	0.0	10000	10000	20261306
Philips39	full	SurfNA-scorer0	pose_score_failure_rate	False	39	39	0.0	0.0	0.0	10000	10000	20261306
Philips39	full	rDock-26.05-alpha	top1_success_rate	True	39	39	0.23076923076923078	0.10256410256410256	0.358974358974359	10000	10000	20261306
Philips39	full	rDock-26.05-alpha	top3_success_rate	True	39	39	0.38461538461538464	0.23076923076923078	0.5384615384615384	10000	10000	20261306
Philips39	full	rDock-26.05-alpha	top5_success_rate	True	39	39	0.4358974358974359	0.28205128205128205	0.5897435897435898	10000	10000	20261306
Philips39	full	rDock-26.05-alpha	mrr_first_lt2	True	39	39	0.33015669515669516	0.20627777777777773	0.4593180199430199	10000	10000	20261306
Philips39	full	rDock-26.05-alpha	ndcg_at_10	True	39	39	0.5435362903711394	0.4348663552063899	0.6485329530208568	10000	10000	20261306
Philips39	full	rDock-26.05-alpha	mean_regret_A_scored	False	39	35	1.8844452985163578	1.2638129613494322	2.5812445283008523	10000	10000	20261306
Philips39	full	rDock-26.05-alpha	complex_failure_rate	False	39	39	0.10256410256410256	0.02564102564102564	0.20512820512820512	10000	10000	20261306
Philips39	full	rDock-26.05-alpha	pose_score_failure_rate	False	39	39	0.10256410256410256	0.02564102564102564	0.20512820512820512	10000	10000	20261306
Philips39	rankable_lt2	AutoDock-Vina-1.2.7	top1_success_rate	True	23	23	0.5217391304347826	0.30434782608695654	0.7391304347826086	10000	10000	20261307
Philips39	rankable_lt2	AutoDock-Vina-1.2.7	top3_success_rate	True	23	23	0.782608695652174	0.6086956521739131	0.9130434782608695	10000	10000	20261307
Philips39	rankable_lt2	AutoDock-Vina-1.2.7	top5_success_rate	True	23	23	0.8260869565217391	0.6521739130434783	0.9565217391304348	10000	10000	20261307
Philips39	rankable_lt2	AutoDock-Vina-1.2.7	mrr_first_lt2	True	23	23	0.6580227743271222	0.5018633540372671	0.8072463768115942	10000	10000	20261307
Philips39	rankable_lt2	AutoDock-Vina-1.2.7	ndcg_at_10	True	23	23	0.6267087101498531	0.5121013654056781	0.731365479029894	10000	10000	20261307
Philips39	rankable_lt2	AutoDock-Vina-1.2.7	mean_regret_A_scored	False	23	22	1.8319070533813155	0.9744793084482062	2.809938193310944	10000	10000	20261307
Philips39	rankable_lt2	AutoDock-Vina-1.2.7	complex_failure_rate	False	23	23	0.043478260869565216	0.0	0.13043478260869565	10000	10000	20261307
Philips39	rankable_lt2	AutoDock-Vina-1.2.7	pose_score_failure_rate	False	23	23	0.043478260869565216	0.0	0.13043478260869565	10000	10000	20261307
Philips39	rankable_lt2	PLANTS-CHEMPLP-1.2	top1_success_rate	True	23	23	0.5217391304347826	0.30434782608695654	0.7391304347826086	10000	10000	20261307
Philips39	rankable_lt2	PLANTS-CHEMPLP-1.2	top3_success_rate	True	23	23	0.8695652173913043	0.7391304347826086	1.0	10000	10000	20261307
Philips39	rankable_lt2	PLANTS-CHEMPLP-1.2	top5_success_rate	True	23	23	0.9130434782608695	0.782608695652174	1.0	10000	10000	20261307
Philips39	rankable_lt2	PLANTS-CHEMPLP-1.2	mrr_first_lt2	True	23	23	0.6920289855072463	0.5471014492753623	0.8260869565217391	10000	10000	20261307
Philips39	rankable_lt2	PLANTS-CHEMPLP-1.2	ndcg_at_10	True	23	23	0.6729804560917859	0.5645368523227269	0.7725447416988966	10000	10000	20261307
Philips39	rankable_lt2	PLANTS-CHEMPLP-1.2	mean_regret_A_scored	False	23	22	1.8364413102134682	0.9208339410304407	2.893778188080493	10000	10000	20261307
Philips39	rankable_lt2	PLANTS-CHEMPLP-1.2	complex_failure_rate	False	23	23	0.043478260869565216	0.0	0.13043478260869565	10000	10000	20261307
Philips39	rankable_lt2	PLANTS-CHEMPLP-1.2	pose_score_failure_rate	False	23	23	0.043478260869565216	0.0	0.13043478260869565	10000	10000	20261307
Philips39	rankable_lt2	SurfNA-scorer0	top1_success_rate	True	23	23	0.7391304347826086	0.5652173913043478	0.9130434782608695	10000	10000	20261307
Philips39	rankable_lt2	SurfNA-scorer0	top3_success_rate	True	23	23	0.8695652173913043	0.7391304347826086	1.0	10000	10000	20261307
Philips39	rankable_lt2	SurfNA-scorer0	top5_success_rate	True	23	23	0.8695652173913043	0.7391304347826086	1.0	10000	10000	20261307
Philips39	rankable_lt2	SurfNA-scorer0	mrr_first_lt2	True	23	23	0.8182513139034878	0.6781175346392737	0.9391304347826087	10000	10000	20261307
Philips39	rankable_lt2	SurfNA-scorer0	ndcg_at_10	True	23	23	0.7915374897409336	0.7160821781453276	0.8592744897694596	10000	10000	20261307
Philips39	rankable_lt2	SurfNA-scorer0	mean_regret_A_scored	False	23	23	0.6099725725101838	0.24511976208304082	1.1052363471198468	10000	10000	20261307
Philips39	rankable_lt2	SurfNA-scorer0	complex_failure_rate	False	23	23	0.0	0.0	0.0	10000	10000	20261307
Philips39	rankable_lt2	SurfNA-scorer0	pose_score_failure_rate	False	23	23	0.0	0.0	0.0	10000	10000	20261307
Philips39	rankable_lt2	rDock-26.05-alpha	top1_success_rate	True	23	23	0.391304347826087	0.21739130434782608	0.6086956521739131	10000	10000	20261307
Philips39	rankable_lt2	rDock-26.05-alpha	top3_success_rate	True	23	23	0.6521739130434783	0.43478260869565216	0.8260869565217391	10000	10000	20261307
Philips39	rankable_lt2	rDock-26.05-alpha	top5_success_rate	True	23	23	0.7391304347826086	0.5652173913043478	0.9130434782608695	10000	10000	20261307
Philips39	rankable_lt2	rDock-26.05-alpha	mrr_first_lt2	True	23	23	0.5598309178743961	0.4064728260869564	0.7149788647342994	10000	10000	20261307
Philips39	rankable_lt2	rDock-26.05-alpha	ndcg_at_10	True	23	23	0.6289914704358048	0.5067022910210104	0.7400465428144541	10000	10000	20261307
Philips39	rankable_lt2	rDock-26.05-alpha	mean_regret_A_scored	False	23	22	1.4630962937041638	0.878389437274229	2.1147640647689716	10000	10000	20261307
Philips39	rankable_lt2	rDock-26.05-alpha	complex_failure_rate	False	23	23	0.043478260869565216	0.0	0.13043478260869565	10000	10000	20261307
Philips39	rankable_lt2	rDock-26.05-alpha	pose_score_failure_rate	False	23	23	0.043478260869565216	0.0	0.13043478260869565	10000	10000	20261307
