split,complex_id,pdb_id,na_type,receptor_sequence_sha256,na_chain_count,canonical_na_residue_count
fixed_development,1cvx,1cvx,dna,18f65f680d64b4356dd91ecb3d72d6f292cf2c7d907385c4021fe5862a3d9244,2,20
fixed_development,1cvy_ipy,1cvy,dna,18f65f680d64b4356dd91ecb3d72d6f292cf2c7d907385c4021fe5862a3d9244,2,20
fixed_development,1db6,1db6,dna,5b23a7bb35ac9177e300199f197516191e099cd19b4bd3f0ced183176381f344,1,22
fixed_development,1g5k,1g5k,dna,ddd23ec0dab8afb8ddf4b3688817035017ee5f5adbb51939f591b67793148585,3,25
fixed_development,1nzm,1nzm,dna,906f4adcd19f023fc3637e68c9e0a9a2c6db48ec470dc65696e49c14872104ea,4,28
fixed_development,1p96,1p96,dna,c382dd33fbf43858897977f18b058521919749ce712eb300793ae0a2649fb87c,2,26
fixed_development,1qv4,1qv4,dna,62323c120ef4e6e1100946fe9da2679696c92f3a209dd9fccf3d595860b87403,2,24
fixed_development,1qv8,1qv8,dna,62323c120ef4e6e1100946fe9da2679696c92f3a209dd9fccf3d595860b87403,2,24
fixed_development,1r4e,1r4e,dna,c382dd33fbf43858897977f18b058521919749ce712eb300793ae0a2649fb87c,2,26
fixed_development,2jwq,2jwq,dna,906f4adcd19f023fc3637e68c9e0a9a2c6db48ec470dc65696e49c14872104ea,4,28
fixed_development,2loa,2loa,dna,f1cfe6a96f7236e1877b95a7e1e999955bd65a80a42b0df4d18c2e4248294ebe,1,10
fixed_development,2mb3,2mb3,dna,f41d94efe0d4e9940e488a7ac92a8c1876a35c4d22b60d3bc617c8868741e425,1,24
fixed_development,2z74,2z74,rna+dna,9cc8a03e28fe3346ec00ae0cd78cd283a0982036c78efe136cc59b1d39146b8c,2,144
fixed_development,2z75,2z75,rna+dna,9cc8a03e28fe3346ec00ae0cd78cd283a0982036c78efe136cc59b1d39146b8c,2,144
fixed_development,407d,407d,dna,fd76528c1e9bb8ef26f2a0b6dd71b847094be36ed57ca9bb7691efe424b38e3b,2,20
fixed_development,408d,408d,dna,fd76528c1e9bb8ef26f2a0b6dd71b847094be36ed57ca9bb7691efe424b38e3b,2,20
fixed_development,1aju,1aju,rna,917ae0fb1cfeddc3a4f4d9bb204f2a1aee9903c3c300be70d6cbdf21ff773178,1,30
fixed_development,1akx,1akx,rna,917ae0fb1cfeddc3a4f4d9bb204f2a1aee9903c3c300be70d6cbdf21ff773178,1,30
fixed_development,1am0,1am0,rna,b7c8018cb3c1ad80da25ef89c0c3a9331fc459e7ef4cbdcc32866ad9392ca46a,1,16
fixed_development,1arj,1arj,rna,009a3155c2070b7e2bc7fe4b01041587c3baab2a9836a546f93403572b2f4f52,1,29
fixed_development,1byj,1byj,rna,bbdab9cde9655d13304e9bbf2ad29392e5c6e58541cc9dc473f29b7b529f1eed,1,27
fixed_development,1eht,1eht,rna,a46732703b3efe46f02790e0c2ff26fefafd27ab2e14aedf50e10a57c1a25696,1,33
fixed_development,1ei2,1ei2,rna,e35c8599c960a450716afb747ebb69b6d583c092880ea8d95fd4673058cd4d7a,1,25
fixed_development,1f1t,1f1t,rna,a48eb4cc0e7d1a3a52cdac25099372af361c30329982677082b8ac1180c94082,1,33
fixed_development,1f27,1f27,rna,c06c68f01714b1ad255d636d71f95c1cd63a7ff1f4ea89c036d9c65e0824ee28,2,30
fixed_development,1fjg_par,1fjg,rna,a37c19c6ceeefc3e5f3c2b66a8a2ad2a0265e5da89b6f62e7aa92280cff6ca42,2,1513
fixed_development,1fmn,1fmn,rna,a99a31ecdaf435ade91d9528b9d45af224072e16ae1528596ecae44328f906bf,1,35
fixed_development,1fyp,1fyp,rna,d5ca4348f83c40fe2a3fc79ba2de597dd0a2af2f63f83d6f1058f0a5b0109af3,1,27
fixed_development,1hnw_tac,1hnw,rna,e5f4897a6b5dec56ead9b6e1cc0582e35bd0baa93e94bd4360085430d5a7ef7f,2,1513
fixed_development,1i9v,1i9v,rna,23ed40a867d0a119bc7f8acf191de6d7ad27419c128b1e5f7c1f0cb772f356d2,1,74
fixed_development,1j7t,1j7t,rna,c0ec75bbe01c061fb603931fc971a8372bb1e2fba247e226ac399b12117b492e,2,42
fixed_development,1koc,1koc,rna,77d9fa72995c4d3ee0e624abdbe562877b4965b8bc6eb9994fdfa0e5943baa08,2,25
fixed_development,1lc4,1lc4,rna,c0ec75bbe01c061fb603931fc971a8372bb1e2fba247e226ac399b12117b492e,2,42
fixed_development,1lvj,1lvj,rna,cd5105e94f2bdc81c986eccc5b29fa09f39c585c812482413a48d6f9ffe2486c,1,31
fixed_development,1mwl,1mwl,rna,c0ec75bbe01c061fb603931fc971a8372bb1e2fba247e226ac399b12117b492e,2,42
fixed_development,1nem,1nem,rna,c19a887bb472e49b19e361391f042f89d0633790936c7f74438a54bed8dd5a1d,1,23
fixed_development,1nta,1nta,rna,1776cbfdfb9f1636d206cbaccebc3c161d5c9e46aaa8b3dda272f812cb03f67e,2,40
fixed_development,1ntb,1ntb,rna,1776cbfdfb9f1636d206cbaccebc3c161d5c9e46aaa8b3dda272f812cb03f67e,2,40
fixed_development,1nyi,1nyi,rna,19594f4777bf0adda9538ecb82110cff4f72a51c70c2727123d65e9a8f10e3bc,2,40
fixed_development,1o15,1o15,rna,a46732703b3efe46f02790e0c2ff26fefafd27ab2e14aedf50e10a57c1a25696,1,33
fixed_development,1o9m,1o9m,rna,c0ec75bbe01c061fb603931fc971a8372bb1e2fba247e226ac399b12117b492e,2,42
fixed_development,1pbr,1pbr,rna,bbdab9cde9655d13304e9bbf2ad29392e5c6e58541cc9dc473f29b7b529f1eed,1,27
fixed_development,1q8n,1q8n,rna,c67ca09a644d991f4a901efe5479d8c5148e0a2089a7ddec1e11bdbbdb0b6258,1,38
fixed_development,1qd3,1qd3,rna,ab4885a8194d3d9afc9ffc032c1b09f16322031c32aa27a9277c5205137f871b,1,29
fixed_development,1tob,1tob,rna,a8099f28c595ab0b94319026526a1b5af852aade843356067b494f5a55d9663b,1,27
fixed_development,1u8d_hpa,1u8d,rna,8a39f41d423e18b52f5d41f0f9651ccd49dc4feea6b6e805cc393ce37c222311,1,67
fixed_development,1uts,1uts,rna,009a3155c2070b7e2bc7fe4b01041587c3baab2a9836a546f93403572b2f4f52,1,29
fixed_development,1uud,1uud,rna,009a3155c2070b7e2bc7fe4b01041587c3baab2a9836a546f93403572b2f4f52,1,29
fixed_development,1xbp_mul,1xbp,rna,c764070b48af8871947b942fd7ba2a7cf28dfe3ebb647454b49c76c78db5e49d,2,2884
fixed_development,1xpf,1xpf,rna,a90fffd4969f04cb31c55c6db5278a9821daf64b95c55428c10ea2e24688167f,2,46
fixed_development,1y26,1y26,rna,7c23ca9b626f155fbd83d011d719e4d18a1979a3aa059f9196bf13032595155b,1,71
fixed_development,1y27,1y27,rna,e28a8622ea2aebb2f8bbd429d690309c5af3cfdabe790165d75fb7680f90a053,1,66
fixed_development,1ykv,1ykv,rna,3a8207b2f4ad18c5d7ba3e0b7e4e762631ca495aec050c25adfaaf9525a22c96,4,98
fixed_development,1yrj,1yrj,rna,a8a5ddca474bf652434d6f9eda59a1b8bfec2788266a15ad4dd41972d6b14489,2,45
fixed_development,1zz5,1zz5,rna,02c3cbf226c742175ba836f782092fe858d4984ed364706f0cf4ef97b5532975,4,58
fixed_development,2au4,2au4,rna,da47655c65cfcaf04b3e89f5379a8ea7b3bb9388eadde44b53384054ab8da63e,1,41
fixed_development,2b57,2b57,rna,7bbdd0421965a02825f9002a7e024266540eb24f44d2d687dbdbf9c3a682c4b1,1,65
fixed_development,2be0,2be0,rna,c0ec75bbe01c061fb603931fc971a8372bb1e2fba247e226ac399b12117b492e,2,42
fixed_development,2bee,2bee,rna,c0ec75bbe01c061fb603931fc971a8372bb1e2fba247e226ac399b12117b492e,2,42
fixed_development,2esi,2esi,rna,1ccdb442ac9953f399a35682ed71052d8a3d20363a56b6bf7701285f8895f938,2,44
fixed_development,2esj,2esj,rna,c0ec75bbe01c061fb603931fc971a8372bb1e2fba247e226ac399b12117b492e,2,42
fixed_development,2et3,2et3,rna,c0ec75bbe01c061fb603931fc971a8372bb1e2fba247e226ac399b12117b492e,2,42
fixed_development,2et4,2et4,rna,c0ec75bbe01c061fb603931fc971a8372bb1e2fba247e226ac399b12117b492e,2,42
fixed_development,2et8,2et8,rna,c0ec75bbe01c061fb603931fc971a8372bb1e2fba247e226ac399b12117b492e,2,42
fixed_development,2f4s,2f4s,rna,c0ec75bbe01c061fb603931fc971a8372bb1e2fba247e226ac399b12117b492e,2,42
fixed_development,2f4t,2f4t,rna,1ccdb442ac9953f399a35682ed71052d8a3d20363a56b6bf7701285f8895f938,2,44
fixed_development,2f4u,2f4u,rna,c0ec75bbe01c061fb603931fc971a8372bb1e2fba247e226ac399b12117b492e,2,42
fixed_development,2fcx,2fcx,rna,b24d409a4e7a33885957f55cdbd40b29ad9b043cbc9f0270935a6ec5c061d2e4,2,44
fixed_development,2fcy,2fcy,rna,b24d409a4e7a33885957f55cdbd40b29ad9b043cbc9f0270935a6ec5c061d2e4,2,44
fixed_development,2fcz,2fcz,rna,df6be8d220633235cb6b30be051940ac4b1974ea5f4716960e5d9794c3609b65,4,88
fixed_development,2fd0,2fd0,rna,b24d409a4e7a33885957f55cdbd40b29ad9b043cbc9f0270935a6ec5c061d2e4,2,44
fixed_development,2g5q_akn,2g5q,rna,c0ec75bbe01c061fb603931fc971a8372bb1e2fba247e226ac399b12117b492e,2,42
fixed_development,2g9c,2g9c,rna,7892d875b55547edc8377abc51ea23862c54df6325a87441a1191b8a28277ddb,1,67
fixed_development,2gdi,2gdi,rna,e795ec582b90a335a21b71d3f211bfae6be13dfb19d2b9f53b6b9393ac5c4f1e,2,156
fixed_development,2gis,2gis,rna,dc4242fc9a336d0e77a307fabd02023c2aa19fe2d06e6fe4d2219868816bfc5f,1,94
fixed_development,2juk,2juk,rna,8dfe0b749fca6da4607650b8a539d6aa9033a3989e6c27617babeee5bc0efec4,1,22
fixed_development,2kgp,2kgp,rna,e35c8599c960a450716afb747ebb69b6d583c092880ea8d95fd4673058cd4d7a,1,25
fixed_development,2ktz,2ktz,rna,8c3962d98d68bcb4923fc7b16e66713192da5cbdda337da63253b6e185edd099,1,38
fixed_development,2ku0,2ku0,rna,8c3962d98d68bcb4923fc7b16e66713192da5cbdda337da63253b6e185edd099,1,38
fixed_development,2kx8,2kx8,rna,ba1fbeaf2252ec68e94347b972b46c9562a40e77d3f3f0c210ce94d7932326e5,1,42
fixed_development,2l94,2l94,rna,7f72a8ef578a3b52453cf8d02db65430f851b294ee3383a37c49d5acc3b8ea4a,1,45
fixed_development,2o3v,2o3v,rna,09cfb981abad6cdaef9f43b6986d2955096744954998871f0f2c6428ab2cada4,2,43
fixed_development,2o3w,2o3w,rna,09cfb981abad6cdaef9f43b6986d2955096744954998871f0f2c6428ab2cada4,2,43
fixed_development,2o3x,2o3x,rna,c0ec75bbe01c061fb603931fc971a8372bb1e2fba247e226ac399b12117b492e,2,42
fixed_development,2oe5,2oe5,rna,af7412bb166ea02fa879384396beb040b4fdc716aa41e2d4743f9285a1bb25aa,2,33
fixed_development,2oe8,2oe8,rna,a7d9d738b1db882d9681e5f55af6c5eb7aa7b5a5a58ce4357952cb21c083a5a5,2,33
fixed_development,2pwt,2pwt,rna,c0ec75bbe01c061fb603931fc971a8372bb1e2fba247e226ac399b12117b492e,2,42
fixed_development,2tob,2tob,rna,9b738381504299b53a6a11619c5cb17dc6df814d2b9e1d427bbfe374c769eacc,1,20
fixed_development,2xnw,2xnw,rna,7bbdd0421965a02825f9002a7e024266540eb24f44d2d687dbdbf9c3a682c4b1,1,65
fixed_development,2xnz,2xnz,rna,7bbdd0421965a02825f9002a7e024266540eb24f44d2d687dbdbf9c3a682c4b1,1,65
fixed_development,2xo0,2xo0,rna,7bbdd0421965a02825f9002a7e024266540eb24f44d2d687dbdbf9c3a682c4b1,1,65
fixed_development,2xo1,2xo1,rna,68ffa3df81c67686e778c68abe9c440fb952ab7cbbbbf3e82344abbd86f3244b,1,65
fixed_development,2ydh,2ydh,rna,f9ceef20be9cdb7524078943f4b9381bd785f3c05916f5a36a59b175eb6d05c0,1,94
fixed_development,2ygh,2ygh,rna,4bd2ad4e73fe87b626bd080886f07870d9abba03c1e50e03ed0bc57b1f572742,1,95
fixed_development,3c44,3c44,rna,29170913d1b5971bdd0ac31f671ec78fa49be35407e2a420c677ab99becd3015,2,46
fixed_development,3d2x,3d2x,rna,d448494240061fc2b05e72a80381f1495b5c571699dae61fb6c5e07660afdbd1,2,154
fixed_development,3dil,3dil,rna,bd15a8990071c1afed07e3b5fe759e2dce0f8f7422be2d0acab9a02c6b65ad39,1,173
fixed_development,3ds7,3ds7,rna,d200e3774b0976eadd3457cff1c685a29df817939de39b7a2218c77f8dfb39d8,2,134
fixed_development,3dvv,3dvv,rna,b24d409a4e7a33885957f55cdbd40b29ad9b043cbc9f0270935a6ec5c061d2e4,2,44
fixed_development,3e5c,3e5c,rna,e92721c2e4378ac5f329e5d29af524a5bc5d6e19bd7a4c237382743ecfac5a7a,1,52
fixed_development,3f2q,3f2q,rna,e2681f8ff00f08713d8dc473f792282a631c307063bd760e5ab76eecf68bfac8,1,107
fixed_development,3fo4,3fo4,rna,ecc660f65a66ecb009d644f4bda02db8e4b77ac6e07c5dee4a43d5b9f9b9ee1c,1,63
fixed_development,3fo6,3fo6,rna,8a39f41d423e18b52f5d41f0f9651ccd49dc4feea6b6e805cc393ce37c222311,1,67
fixed_development,3fu2,3fu2,rna+dna,fe5830ae25c614cbef60fea255c213ca3745ec1492c052c0ba7f328d47e382e7,3,97
fixed_development,3gao,3gao,rna,8a39f41d423e18b52f5d41f0f9651ccd49dc4feea6b6e805cc393ce37c222311,1,67
fixed_development,3ger,3ger,rna,8a39f41d423e18b52f5d41f0f9651ccd49dc4feea6b6e805cc393ce37c222311,1,67
fixed_development,3ges,3ges,rna,7892d875b55547edc8377abc51ea23862c54df6325a87441a1191b8a28277ddb,1,67
fixed_development,3gog,3gog,rna,add85d9c583dbfdfbf9e7988fcca8048bba6a1a394edec3fd7ba7d5e4c6f5529,1,65
fixed_development,3got,3got,rna,7892d875b55547edc8377abc51ea23862c54df6325a87441a1191b8a28277ddb,1,67
fixed_development,3gx2,3gx2,rna,7f6472dc4f0dc3a6d2a6713e89cffc047deb661e197794e0d457df6ba17f25ad,1,94
fixed_development,3gx3,3gx3,rna,7f6472dc4f0dc3a6d2a6713e89cffc047deb661e197794e0d457df6ba17f25ad,1,94
fixed_development,3gx5,3gx5,rna,7f6472dc4f0dc3a6d2a6713e89cffc047deb661e197794e0d457df6ba17f25ad,1,94
fixed_development,3gx7,3gx7,rna,f705ab41d44305fe28f08905fd831505d1bf2fccab98d5e4ad2457cc7dcbdff6,1,94
fixed_development,3la5,3la5,rna,28e4401839f830154454f3ae9e5fda9ae3a85615ee8db24351b6ec3eebb502ad,1,71
fixed_development,3mum_c2e,3mum,rna,2d7dcde2a704a0ca6948abaa98ccbeb8e70c7f259d369a2eda3641c3d41bfc4b,1,91
fixed_development,3mur_c2e,3mur,rna,ee9a50a6ca3f8fcf2c51d4e74295e3830e16a1ad99906896ea89855b94bafda7,1,91
fixed_development,3mxh_c2e,3mxh,rna,f91596a4210526aaaa13b2f33c90b0a074e955b309b03b835b298b532a138271,1,91
fixed_development,3npn,3npn,rna,eefec52bf47a601f1cc88d8f36e6bec01ac575f581731e5b864ad99391fb337d,1,50
fixed_development,3npq,3npq,rna,c423ea915a7135b9b337053e1c96acb0ab0b1193114d01259605480c634fa335,3,150
fixed_development,3owz,3owz,rna,0403e8f7b6196ee689f5d95743874dbebb0aa337eff116ea2a4a2ed8dff8ef02,2,168
fixed_development,3q3z,3q3z,rna,7eaa6b15371b7f53dcd1ce9a9be792575c19faacebfdb55cd3793070271746c7,2,148
fixed_development,3q50,3q50,rna,74587d4e5f92cb8e93340faef67356fa1592fa31850000046a6554e92de644d8,1,33
fixed_development,3s4p,3s4p,rna,c0ec75bbe01c061fb603931fc971a8372bb1e2fba247e226ac399b12117b492e,2,42
fixed_development,3sd3,3sd3,rna,831bf0accb57ada5d69b5d13cecec48343d95e89ab8c6ae302a063904cd760e7,1,89
fixed_development,3slm,3slm,rna,e02c6be2b8acae2ae3540ac9c9a8a3cb6f1b34a788cc637f647d1f0582f7cbe6,2,132
fixed_development,3sux,3sux,rna,c52c3e56976353df5343f4a1047a3adf2c63fdb016f4e0819663a4a0d89732ce,1,100
fixed_development,4aob,4aob,rna,4152728c15b0a55b88630db2416844c6ba0f763b0eb8515ccfdaa102556665e1,1,94
fixed_development,4erj,4erj,rna,58db505f184a91565608632ad7b68ea62e1f5e8fa94f6e6568b1c65ec33845e2,1,161
fixed_development,4fe5,4fe5,rna,8a39f41d423e18b52f5d41f0f9651ccd49dc4feea6b6e805cc393ce37c222311,1,67
fixed_development,4jf2,4jf2,rna,e06cfbce26c7f25ac662eb5bfda1e80f13691bbda883d423dee234ef815f7c3c,1,76
fixed_development,4kqy,4kqy,rna,6166f3c7310e9634a7daf92e8447d17de512c55e24005a52b020926eb404fa19,1,119
fixed_development,4lvv,4lvv,rna,974f51da94729865209d77ea0328a5f6d9dcd2d165363cd1e56bbc9c795d2214,1,89
